created_at,entry_id,field1,field2,field3,field4,field5,field6,field7,field8
2019-06-27 09:19:53 UTC,1,28.30000,24.20000,27.50000,70.80000,19.70000,22.50000,8.10000,514.72736
2019-06-27 09:20:56 UTC,2,28.30000,24.20000,27.50000,70.70000,19.70000,22.50000,8.20000,514.59082
2019-06-27 09:21:58 UTC,3,28.30000,24.20000,27.50000,70.80000,19.70000,22.50000,8.10000,514.02637
2019-06-27 09:22:57 UTC,4,28.30000,24.20000,27.60000,70.70000,19.70000,22.50000,8.20000,513.78888
2019-06-27 09:24:57 UTC,5,28.30000,24.10000,27.60000,70.70000,19.70000,22.50000,8.10000,512.72650
2019-06-27 09:25:59 UTC,6,28.30000,24.10000,27.60000,70.60000,19.70000,22.50000,8.20000,509.61588
2019-06-27 09:27:01 UTC,7,28.30000,24.10000,27.60000,70.70000,19.60000,22.50000,8.20000,502.06519
2019-06-27 09:28:03 UTC,8,28.30000,24.10000,27.60000,70.30000,19.60000,22.40000,8.30000,491.89157
2019-06-27 09:29:04 UTC,9,28.30000,24.20000,27.60000,71.00000,19.80000,22.60000,8.10000,485.59158
2019-06-27 09:30:06 UTC,10,27.70000,23.50000,27.40000,69.90000,18.80000,21.70000,8.10000,483.18369
2019-06-27 09:31:07 UTC,11,27.00000,22.90000,27.30000,70.30000,18.20000,21.10000,7.70000,484.19055
2019-06-27 09:32:09 UTC,12,26.50000,22.40000,27.20000,70.30000,17.70000,20.60000,7.50000,492.23001
2019-06-27 09:33:11 UTC,13,26.10000,22.10000,27.00000,70.20000,17.30000,20.30000,7.30000,516.67548
2019-06-27 09:34:14 UTC,14,25.80000,21.70000,26.90000,69.80000,16.80000,19.80000,7.30000,535.86560
2019-06-27 09:35:12 UTC,15,25.50000,21.40000,26.70000,69.40000,16.50000,19.50000,7.30000,548.00891
2019-06-27 09:36:14 UTC,16,25.30000,21.10000,26.60000,68.90000,16.20000,19.20000,7.30000,568.42047
2019-06-27 09:37:15 UTC,17,25.00000,20.90000,26.50000,68.60000,15.90000,18.90000,7.30000,594.64862
2019-06-27 09:38:17 UTC,18,24.90000,20.70000,26.40000,68.20000,15.70000,18.70000,7.30000,609.06964
2019-06-27 09:39:19 UTC,19,25.30000,21.40000,26.50000,70.80000,16.60000,19.60000,6.90000,628.23773
2019-06-27 09:40:20 UTC,20,25.60000,21.90000,26.50000,71.90000,17.20000,20.20000,6.70000,650.39862
2019-06-27 09:41:22 UTC,21,25.70000,22.10000,26.50000,72.70000,17.50000,20.40000,6.60000,669.91864
2019-06-27 09:43:26 UTC,22,25.10000,21.10000,26.40000,69.80000,16.20000,19.20000,7.00000,711.66095
2019-06-27 09:44:23 UTC,23,24.80000,20.70000,26.20000,68.70000,15.70000,18.70000,7.10000,722.56201
2019-06-27 09:45:25 UTC,24,24.60000,20.40000,26.20000,68.10000,15.40000,18.30000,7.20000,730.75549
2019-06-27 09:46:27 UTC,25,24.40000,20.20000,26.10000,67.70000,15.20000,18.10000,7.20000,736.98218
2019-06-27 09:47:28 UTC,26,24.30000,20.00000,26.00000,67.00000,14.90000,17.80000,7.30000,743.61481
2019-06-27 09:48:30 UTC,27,24.20000,19.70000,25.90000,66.10000,14.60000,17.40000,7.50000,752.48749
2019-06-27 09:49:31 UTC,28,24.00000,19.50000,25.80000,65.70000,14.30000,17.20000,7.50000,768.18127
2019-06-27 09:50:33 UTC,29,23.90000,19.40000,25.70000,65.30000,14.20000,17.00000,7.50000,790.86749
2019-06-27 09:51:45 UTC,30,23.80000,19.20000,25.70000,64.90000,14.00000,16.80000,7.60000,808.92651
2019-06-27 09:52:34 UTC,31,24.10000,19.70000,25.70000,66.40000,14.50000,17.40000,7.40000,813.43384
2019-06-27 09:53:36 UTC,32,24.40000,20.20000,25.70000,68.00000,15.20000,18.10000,7.20000,820.35040
2019-06-27 09:54:37 UTC,33,24.70000,20.60000,25.80000,68.80000,15.60000,18.60000,7.10000,827.50433
2019-06-27 09:55:39 UTC,34,24.60000,20.40000,25.80000,68.00000,15.30000,18.30000,7.20000,838.87506
2019-06-27 09:56:41 UTC,35,24.20000,19.90000,25.70000,67.00000,14.80000,17.70000,7.30000,855.52216
2019-06-27 09:57:42 UTC,36,24.00000,19.60000,25.60000,66.30000,14.40000,17.30000,7.40000,868.43396
2019-06-27 09:59:44 UTC,37,23.70000,19.20000,25.50000,65.00000,13.90000,16.70000,7.50000,884.55560
2019-06-27 10:00:45 UTC,38,24.00000,19.80000,25.50000,67.10000,14.70000,17.60000,7.20000,890.74969
2019-06-27 10:01:47 UTC,39,24.40000,20.20000,25.60000,68.20000,15.20000,18.10000,7.10000,896.95953
2019-06-27 10:02:48 UTC,40,24.60000,20.50000,25.60000,69.30000,15.60000,18.60000,6.90000,904.00983
2019-06-27 10:03:50 UTC,41,24.40000,20.20000,25.60000,68.00000,15.10000,18.10000,7.10000,913.21655
2019-06-27 10:04:54 UTC,42,24.10000,19.80000,25.60000,66.80000,14.60000,17.50000,7.30000,925.75244
2019-06-27 10:08:54 UTC,43,25.70000,20.70000,25.80000,63.70000,15.30000,18.30000,8.70000,947.40247
2019-06-27 10:10:03 UTC,44,25.90000,20.80000,25.80000,63.10000,15.30000,18.30000,9.00000,943.54871
2019-06-27 10:14:02 UTC,45,26.30000,21.10000,26.10000,62.60000,15.60000,18.60000,9.30000,867.16907
2019-06-27 10:19:04 UTC,46,26.60000,21.40000,26.20000,62.80000,15.90000,18.90000,9.40000,832.16016
2019-06-27 10:23:56 UTC,47,26.70000,21.60000,26.30000,63.60000,16.20000,19.30000,9.30000,805.99121
2019-06-27 10:24:59 UTC,48,26.80000,21.70000,26.40000,63.30000,16.20000,19.20000,9.40000,800.21295
2019-06-27 10:27:57 UTC,49,26.80000,21.70000,26.40000,63.30000,16.20000,19.30000,9.40000,744.38116
2019-06-27 10:33:10 UTC,50,26.90000,21.90000,26.50000,64.20000,16.50000,19.60000,9.20000,727.37457
2019-06-27 10:36:12 UTC,51,27.00000,22.00000,26.50000,64.50000,16.70000,19.70000,9.20000,721.08984
2019-06-27 10:38:04 UTC,52,27.00000,22.10000,26.50000,64.80000,16.80000,19.80000,9.10000,701.29712
2019-06-27 10:51:04 UTC,53,27.10000,22.50000,26.60000,66.60000,17.30000,20.40000,8.70000,617.96484
2019-06-27 10:53:08 UTC,54,27.10000,22.50000,26.60000,67.00000,17.50000,20.50000,8.60000,604.42316
2019-06-27 11:01:11 UTC,55,27.20000,22.70000,26.70000,67.60000,17.70000,20.70000,8.50000,571.03882
2019-06-27 11:08:10 UTC,56,27.20000,22.80000,26.70000,68.10000,17.80000,20.80000,8.40000,531.06891
2019-06-27 11:17:00 UTC,57,27.30000,22.90000,26.80000,68.50000,18.00000,21.00000,8.30000,491.86835
2019-06-27 11:21:49 UTC,58,27.30000,22.90000,26.80000,68.70000,18.10000,21.00000,8.20000,467.69168
2019-06-27 11:24:53 UTC,59,27.30000,22.90000,26.80000,68.90000,18.10000,21.10000,8.20000,453.04980
2019-06-27 11:26:05 UTC,60,27.30000,22.90000,26.80000,68.60000,18.00000,21.00000,8.20000,449.24399
2019-06-27 11:26:55 UTC,61,27.30000,22.90000,26.80000,68.80000,18.10000,21.10000,8.20000,446.63623
2019-06-27 11:40:18 UTC,62,27.30000,23.00000,26.80000,68.80000,18.20000,21.10000,8.20000,410.74353
2019-06-27 11:41:18 UTC,63,27.30000,23.00000,26.80000,68.80000,18.10000,21.10000,8.20000,407.81039
2019-06-27 11:43:18 UTC,64,27.40000,22.90000,26.90000,68.10000,18.00000,21.00000,8.40000,403.74356
2019-06-27 11:45:20 UTC,65,27.50000,23.00000,26.90000,67.70000,18.00000,21.00000,8.60000,402.03091
2019-06-27 11:46:24 UTC,66,27.60000,23.00000,26.90000,67.30000,18.00000,21.00000,8.80000,402.79910
2019-06-27 11:47:21 UTC,67,27.70000,23.10000,26.90000,67.20000,18.10000,21.10000,8.80000,406.86697
2019-06-27 11:48:23 UTC,68,27.70000,23.10000,26.90000,67.40000,18.10000,21.10000,8.80000,421.93643
2019-06-27 11:49:24 UTC,69,27.70000,23.10000,26.90000,67.50000,18.20000,21.20000,8.70000,447.14456
2019-06-27 11:50:26 UTC,70,27.70000,23.10000,26.90000,67.50000,18.20000,21.20000,8.70000,464.46494
2019-06-27 11:51:27 UTC,71,27.70000,23.10000,26.90000,67.50000,18.20000,21.20000,8.80000,476.75327
2019-06-27 11:52:28 UTC,72,27.80000,23.10000,26.90000,67.40000,18.20000,21.20000,8.80000,490.49011
2019-06-27 11:53:30 UTC,73,27.80000,23.20000,26.90000,67.50000,18.20000,21.20000,8.80000,508.36047
2019-06-27 11:54:31 UTC,74,27.80000,23.20000,27.00000,67.70000,18.30000,21.30000,8.70000,531.84082
2019-06-27 11:55:33 UTC,75,27.80000,23.30000,27.00000,67.90000,18.40000,21.30000,8.70000,553.00671
2019-06-27 11:56:34 UTC,76,27.80000,23.30000,27.00000,67.80000,18.40000,21.30000,8.70000,567.36542
2019-06-27 11:57:36 UTC,77,27.80000,23.30000,27.00000,67.90000,18.40000,21.40000,8.70000,579.10181
2019-06-27 11:58:35 UTC,78,27.90000,23.30000,27.00000,67.50000,18.40000,21.40000,8.90000,591.12561
2019-06-27 11:59:34 UTC,79,27.90000,23.40000,27.00000,68.10000,18.50000,21.50000,8.70000,602.58698
2019-06-27 12:00:37 UTC,80,27.90000,23.30000,27.00000,67.90000,18.50000,21.40000,8.70000,613.44666
2019-06-27 12:01:39 UTC,81,27.90000,23.30000,27.00000,67.90000,18.40000,21.40000,8.70000,623.52246
2019-06-27 12:02:40 UTC,82,27.90000,23.40000,27.00000,68.20000,18.50000,21.50000,8.70000,633.16547
2019-06-27 12:03:39 UTC,83,27.90000,23.40000,27.00000,68.10000,18.50000,21.50000,8.70000,644.84680
2019-06-27 12:04:42 UTC,84,27.90000,23.40000,27.00000,68.40000,18.60000,21.50000,8.60000,655.34497
2019-06-27 12:05:44 UTC,85,27.40000,23.10000,27.00000,69.50000,18.40000,21.30000,8.10000,665.29834
2019-06-27 12:06:46 UTC,86,26.70000,22.50000,26.90000,69.40000,17.60000,20.60000,7.80000,680.42395
2019-06-27 12:07:47 UTC,87,26.10000,22.00000,26.80000,69.20000,17.10000,20.10000,7.60000,701.36694
2019-06-27 12:08:46 UTC,88,25.70000,21.50000,26.60000,68.80000,16.50000,19.50000,7.50000,729.58319
2019-06-27 12:09:49 UTC,89,25.30000,21.00000,26.50000,67.80000,16.00000,19.00000,7.60000,751.24683
2019-06-27 12:10:50 UTC,90,25.10000,20.70000,26.40000,67.50000,15.60000,18.60000,7.50000,767.60004
2019-06-27 12:12:52 UTC,91,24.60000,20.10000,26.20000,66.30000,15.00000,17.90000,7.60000,790.93854
2019-06-27 12:13:54 UTC,92,24.40000,19.80000,26.10000,65.40000,14.60000,17.50000,7.70000,802.96350
2019-06-27 12:14:55 UTC,93,24.20000,19.60000,26.00000,64.90000,14.30000,17.20000,7.70000,817.49286
2019-06-27 12:15:56 UTC,94,24.00000,19.30000,25.90000,64.20000,14.00000,16.80000,7.80000,831.14240
2019-06-27 12:16:58 UTC,95,23.90000,19.20000,25.70000,63.70000,13.80000,16.60000,7.90000,842.38605
2019-06-27 12:17:59 UTC,96,23.80000,18.90000,25.50000,63.00000,13.60000,16.30000,8.00000,854.67151
2019-06-27 12:19:01 UTC,97,23.60000,18.70000,25.40000,62.40000,13.30000,16.00000,8.00000,869.70160
2019-06-27 12:20:02 UTC,98,23.50000,18.60000,25.30000,61.80000,13.10000,15.80000,8.10000,885.45526
2019-06-27 12:21:04 UTC,99,23.40000,18.40000,25.30000,61.30000,12.90000,15.60000,8.20000,894.36066
2019-06-27 12:22:05 UTC,100,23.30000,18.30000,25.10000,61.20000,12.80000,15.40000,8.10000,903.74335
2019-06-27 12:23:07 UTC,101,23.20000,18.10000,25.10000,60.80000,12.60000,15.20000,8.20000,917.85223
2019-06-27 12:24:08 UTC,102,23.00000,17.90000,25.10000,60.40000,12.50000,15.00000,8.20000,935.52356
2019-06-27 12:25:10 UTC,103,23.00000,17.80000,25.00000,59.70000,12.30000,14.70000,8.30000,951.54401
2019-06-27 12:26:12 UTC,104,22.90000,17.60000,24.90000,59.30000,12.10000,14.50000,8.30000,966.58142
2019-06-27 12:27:13 UTC,105,22.80000,17.60000,24.90000,59.30000,12.10000,14.40000,8.30000,980.09796
2019-06-27 12:28:15 UTC,106,23.30000,18.40000,24.90000,62.00000,13.00000,15.60000,8.00000,993.01642
2019-06-27 12:29:16 UTC,107,23.60000,18.90000,25.00000,63.50000,13.60000,16.30000,7.80000,1007.32288
2019-06-27 12:30:18 UTC,108,23.90000,19.30000,25.10000,64.50000,14.00000,16.80000,7.70000,1026.09167
2019-06-27 12:31:20 UTC,109,23.80000,19.10000,25.10000,63.70000,13.70000,16.50000,7.80000,1045.40125
2019-06-27 12:32:21 UTC,110,23.40000,18.70000,25.10000,63.20000,13.40000,16.10000,7.80000,1064.99756
2019-06-27 12:33:23 UTC,111,23.20000,18.30000,25.00000,62.20000,13.00000,15.60000,7.90000,1079.44226
2019-06-27 12:34:25 UTC,112,23.00000,18.10000,25.00000,62.00000,12.80000,15.30000,7.80000,1089.46558
2019-06-27 12:35:26 UTC,113,22.80000,17.90000,24.90000,61.40000,12.50000,15.00000,7.90000,1095.89111
2019-06-27 12:36:28 UTC,114,23.10000,17.90000,24.90000,60.20000,12.40000,14.90000,8.20000,1101.43982
2019-06-27 12:37:27 UTC,115,23.90000,18.40000,24.80000,58.40000,12.70000,15.30000,9.00000,942.66077
2019-06-27 12:38:29 UTC,116,24.30000,19.00000,24.90000,60.60000,13.40000,16.20000,8.70000,405.90314
2019-06-27 12:39:31 UTC,117,24.60000,19.00000,25.00000,58.70000,13.20000,16.00000,9.30000,408.81488
2019-06-27 12:40:32 UTC,118,24.80000,19.20000,25.10000,58.20000,13.30000,16.10000,9.60000,415.48303
2019-06-27 12:41:34 UTC,119,25.00000,19.20000,25.20000,57.50000,13.30000,16.10000,9.80000,422.90134
2019-06-27 12:42:33 UTC,120,25.20000,19.30000,25.30000,57.20000,13.40000,16.10000,10.00000,427.76984
2019-06-27 12:43:33 UTC,121,25.30000,19.40000,25.30000,57.00000,13.40000,16.20000,10.10000,428.44095
2019-06-27 12:44:33 UTC,122,25.40000,19.50000,25.40000,57.10000,13.50000,16.30000,10.10000,426.97955
2019-06-27 12:45:33 UTC,123,25.50000,19.50000,25.50000,56.80000,13.50000,16.30000,10.30000,422.45587
2019-06-27 12:46:36 UTC,124,25.60000,19.60000,25.50000,57.00000,13.60000,16.40000,10.30000,412.95840
2019-06-27 12:47:37 UTC,125,25.60000,19.60000,25.50000,56.80000,13.60000,16.50000,10.40000,406.64044
2019-06-27 12:48:36 UTC,126,25.70000,19.70000,25.60000,56.80000,13.70000,16.50000,10.40000,403.81155
2019-06-27 12:49:36 UTC,127,25.80000,19.80000,25.60000,56.70000,13.70000,16.60000,10.50000,402.47177
2019-06-27 12:50:39 UTC,128,25.80000,19.80000,25.60000,56.70000,13.70000,16.60000,10.50000,401.75269
2019-06-27 12:51:38 UTC,129,25.90000,19.90000,25.70000,56.80000,13.80000,16.70000,10.50000,401.32355
2019-06-27 12:52:38 UTC,130,26.00000,19.90000,25.70000,56.50000,13.80000,16.70000,10.70000,401.04572
2019-06-27 12:53:40 UTC,131,26.10000,19.90000,25.80000,55.90000,13.80000,16.70000,10.90000,400.85446
2019-06-27 12:54:42 UTC,132,26.20000,20.00000,25.80000,55.90000,13.80000,16.70000,10.90000,400.71643
2019-06-27 12:55:41 UTC,133,26.30000,20.00000,25.80000,55.80000,13.80000,16.70000,11.00000,400.61298
2019-06-27 12:56:43 UTC,134,26.30000,20.10000,25.80000,55.70000,13.90000,16.80000,11.00000,400.53302
2019-06-27 12:57:45 UTC,135,26.40000,20.10000,25.90000,55.70000,13.90000,16.90000,11.10000,400.46976
2019-06-27 12:58:46 UTC,136,26.50000,20.20000,25.90000,55.70000,14.00000,16.90000,11.20000,400.41867
2019-06-27 12:59:46 UTC,137,26.60000,20.30000,25.90000,55.80000,14.10000,17.00000,11.20000,400.37665
2019-06-27 13:00:46 UTC,138,26.60000,20.40000,26.00000,56.30000,14.30000,17.20000,11.10000,400.34155
2019-06-27 13:01:48 UTC,139,26.70000,20.40000,26.00000,56.40000,14.30000,17.30000,11.10000,400.31192
2019-06-27 13:02:47 UTC,140,26.70000,20.50000,26.00000,56.30000,14.30000,17.30000,11.10000,400.28659
2019-06-27 13:03:50 UTC,141,26.70000,20.50000,26.00000,56.50000,14.40000,17.30000,11.10000,400.26468
2019-06-27 13:04:52 UTC,142,26.70000,20.50000,26.10000,56.60000,14.40000,17.40000,11.00000,400.24564
2019-06-27 13:05:53 UTC,143,26.80000,20.60000,26.10000,56.70000,14.50000,17.50000,11.10000,400.22894
2019-06-27 13:06:54 UTC,144,26.90000,20.70000,26.10000,56.90000,14.60000,17.60000,11.10000,400.21414
2019-06-27 13:07:53 UTC,145,26.90000,20.70000,26.10000,56.80000,14.60000,17.60000,11.10000,400.20102
2019-06-27 13:08:53 UTC,146,26.90000,20.70000,26.10000,56.90000,14.70000,17.70000,11.10000,400.18924
2019-06-27 13:09:56 UTC,147,27.00000,20.90000,26.10000,57.40000,14.80000,17.90000,11.00000,400.17865
2019-06-27 13:10:58 UTC,148,27.00000,21.00000,26.20000,57.90000,15.00000,18.00000,10.90000,400.16910
2019-06-27 13:12:00 UTC,149,27.00000,21.10000,26.20000,58.50000,15.10000,18.20000,10.70000,400.16040
2019-06-27 13:13:01 UTC,150,27.00000,21.10000,26.20000,58.80000,15.20000,18.30000,10.70000,400.15253
2019-06-27 13:14:03 UTC,151,27.00000,21.20000,26.20000,59.20000,15.30000,18.40000,10.60000,400.14532
2019-06-27 13:15:05 UTC,152,27.00000,21.30000,26.20000,59.50000,15.40000,18.50000,10.50000,400.13867
2019-06-27 13:16:06 UTC,153,27.00000,21.30000,26.20000,59.50000,15.40000,18.50000,10.50000,400.13260
2019-06-27 13:17:08 UTC,154,27.10000,21.30000,26.30000,59.40000,15.40000,18.50000,10.50000,400.12698
2019-06-27 13:18:09 UTC,155,27.10000,21.30000,26.30000,59.30000,15.40000,18.50000,10.60000,400.12177
2019-06-27 13:19:13 UTC,156,27.10000,21.30000,26.30000,59.70000,15.50000,18.60000,10.50000,400.11694
2019-06-27 13:20:11 UTC,157,27.10000,21.40000,26.30000,59.60000,15.50000,18.60000,10.50000,400.11282
2019-06-27 13:21:13 UTC,158,27.10000,21.30000,26.30000,59.60000,15.50000,18.60000,10.50000,400.10861
2019-06-27 13:22:15 UTC,159,27.10000,21.40000,26.30000,59.90000,15.60000,18.60000,10.40000,400.10464
2019-06-27 13:23:16 UTC,160,27.10000,21.40000,26.30000,59.80000,15.60000,18.60000,10.50000,400.10098
2019-06-27 13:24:18 UTC,161,27.20000,21.40000,26.30000,59.70000,15.60000,18.70000,10.50000,400.09756
2019-06-27 13:25:21 UTC,162,27.20000,21.50000,26.30000,60.00000,15.70000,18.70000,10.50000,400.09427
2019-06-27 13:26:16 UTC,163,27.20000,21.50000,26.40000,60.10000,15.70000,18.80000,10.50000,400.09152
2019-06-27 13:27:16 UTC,164,27.20000,21.50000,26.40000,60.20000,15.70000,18.80000,10.40000,400.08859
2019-06-27 13:28:19 UTC,165,27.20000,21.60000,26.40000,60.40000,15.80000,18.90000,10.40000,400.08591
2019-06-27 13:29:21 UTC,166,27.30000,21.60000,26.40000,60.00000,15.80000,18.90000,10.50000,400.08334
2019-06-27 13:30:19 UTC,167,27.30000,21.60000,26.40000,60.10000,15.80000,18.90000,10.50000,400.08081
2019-06-27 13:31:22 UTC,168,27.30000,21.60000,26.40000,60.40000,15.90000,19.00000,10.40000,400.07861
2019-06-27 13:32:24 UTC,169,27.30000,21.60000,26.40000,60.30000,15.90000,19.00000,10.40000,400.07642
2019-06-27 13:33:23 UTC,170,27.30000,21.70000,26.50000,60.50000,15.90000,19.00000,10.40000,400.07422
2019-06-27 13:34:23 UTC,171,27.40000,21.70000,26.50000,60.40000,15.90000,19.00000,10.40000,400.14545
2019-06-27 13:35:25 UTC,172,27.40000,21.70000,26.50000,60.40000,16.00000,19.00000,10.50000,400.41370
2019-06-27 13:36:27 UTC,173,27.30000,21.70000,26.50000,60.60000,16.00000,19.00000,10.40000,401.09427
2019-06-27 13:37:29 UTC,174,27.30000,21.70000,26.50000,60.60000,16.00000,19.10000,10.40000,402.24393
2019-06-27 13:38:30 UTC,175,27.40000,21.80000,26.50000,60.70000,16.00000,19.10000,10.40000,404.80597
2019-06-27 13:39:29 UTC,176,27.40000,21.80000,26.50000,60.70000,16.10000,19.20000,10.40000,408.31000
2019-06-27 13:40:32 UTC,177,27.40000,21.80000,26.50000,60.70000,16.10000,19.10000,10.40000,413.08908
2019-06-27 13:41:30 UTC,178,27.40000,21.80000,26.50000,60.80000,16.10000,19.20000,10.40000,417.04770
2019-06-27 13:42:33 UTC,179,27.40000,21.80000,26.50000,61.00000,16.10000,19.20000,10.30000,418.79395
2019-06-27 13:43:34 UTC,180,27.40000,21.90000,26.50000,61.10000,16.20000,19.30000,10.30000,417.56567
2019-06-27 13:44:36 UTC,181,27.50000,21.90000,26.60000,60.80000,16.20000,19.30000,10.40000,416.67477
2019-06-27 13:45:35 UTC,182,27.50000,21.90000,26.60000,61.00000,16.20000,19.30000,10.30000,415.62390
2019-06-27 13:46:38 UTC,183,27.50000,21.90000,26.60000,61.10000,16.20000,19.30000,10.30000,415.16489
2019-06-27 13:47:40 UTC,184,27.50000,21.90000,26.60000,61.00000,16.20000,19.30000,10.40000,415.44687
2019-06-27 13:48:38 UTC,185,27.50000,21.90000,26.60000,61.30000,16.30000,19.40000,10.30000,416.50696
2019-06-27 13:49:41 UTC,186,27.60000,22.00000,26.60000,61.00000,16.30000,19.40000,10.40000,416.93817
2019-06-27 13:50:40 UTC,187,27.60000,22.00000,26.60000,61.30000,16.40000,19.40000,10.30000,416.73050
2019-06-27 13:51:43 UTC,188,27.60000,22.00000,26.60000,61.30000,16.40000,19.50000,10.30000,416.28409
2019-06-27 13:52:42 UTC,189,27.60000,22.00000,26.60000,61.30000,16.40000,19.50000,10.30000,415.57401
2019-06-27 13:53:45 UTC,190,27.50000,22.10000,26.60000,61.70000,16.50000,19.50000,10.20000,414.08270
2019-06-27 13:54:46 UTC,191,27.60000,22.10000,26.60000,61.60000,16.40000,19.50000,10.30000,413.07098
2019-06-27 13:55:45 UTC,192,27.60000,22.10000,26.60000,61.70000,16.50000,19.60000,10.20000,412.74219
2019-06-27 13:56:48 UTC,193,27.50000,22.10000,26.60000,61.70000,16.50000,19.50000,10.20000,412.55283
2019-06-27 13:57:49 UTC,194,27.60000,22.10000,26.70000,61.60000,16.50000,19.60000,10.30000,412.49307
2019-06-27 13:58:51 UTC,195,27.60000,22.10000,26.60000,61.70000,16.50000,19.60000,10.30000,412.68176
2019-06-27 13:59:50 UTC,196,27.60000,22.10000,26.70000,61.70000,16.50000,19.60000,10.30000,412.62595
2019-06-27 14:00:52 UTC,197,27.60000,22.10000,26.70000,61.90000,16.60000,19.70000,10.20000,412.55188
2019-06-27 14:01:54 UTC,198,27.60000,22.10000,26.70000,61.80000,16.50000,19.60000,10.20000,412.65622
2019-06-27 14:02:55 UTC,199,27.60000,22.20000,26.70000,62.00000,16.60000,19.70000,10.20000,413.10626
2019-06-27 14:03:56 UTC,200,27.70000,22.20000,26.70000,61.90000,16.60000,19.70000,10.20000,413.85803
2019-06-27 14:04:55 UTC,201,27.60000,22.20000,26.70000,62.10000,16.70000,19.70000,10.20000,414.88483
2019-06-27 14:05:58 UTC,202,27.60000,22.30000,26.70000,62.40000,16.70000,19.80000,10.10000,415.13171
2019-06-27 14:06:57 UTC,203,27.60000,22.30000,26.70000,62.50000,16.80000,19.80000,10.00000,414.36343
2019-06-27 14:08:00 UTC,204,27.70000,22.30000,26.70000,62.30000,16.80000,19.80000,10.10000,412.99786
2019-06-27 14:09:02 UTC,205,27.70000,22.30000,26.70000,62.30000,16.80000,19.90000,10.10000,411.72186
2019-08-13 14:59:32 UTC,206,99.90000,99.90000,99.90000,99.90000,455.00000,99.90000,0.00000,9999.00000
2019-08-13 15:00:55 UTC,207,99.90000,99.90000,99.90000,99.90000,455.00000,99.90000,0.00000,9999.00000
2019-08-13 15:01:55 UTC,208,99.90000,99.90000,99.90000,99.90000,455.00000,99.90000,0.00000,9999.00000
2019-08-13 15:02:55 UTC,209,99.90000,99.90000,99.90000,99.90000,455.00000,99.90000,0.00000,9999.00000
2019-08-13 15:03:55 UTC,210,99.90000,99.90000,99.90000,99.90000,455.00000,99.90000,0.00000,9999.00000
2019-08-13 15:04:55 UTC,211,99.90000,99.90000,99.90000,99.90000,455.00000,99.90000,0.00000,9999.00000
2019-08-13 15:05:55 UTC,212,99.90000,99.90000,99.90000,99.90000,455.00000,99.90000,0.00000,9999.00000
2019-08-13 15:06:56 UTC,213,99.90000,99.90000,99.90000,99.90000,455.00000,99.90000,0.00000,9999.00000
2019-08-13 15:07:56 UTC,214,99.90000,99.90000,99.90000,99.90000,455.00000,99.90000,0.00000,9999.00000
2019-08-13 15:08:56 UTC,215,99.90000,99.90000,99.90000,99.90000,455.00000,99.90000,0.00000,9999.00000
2019-08-13 15:09:56 UTC,216,99.90000,99.90000,99.90000,99.90000,455.00000,99.90000,0.00000,9999.00000
2019-08-13 15:10:56 UTC,217,99.90000,99.90000,99.90000,99.90000,455.00000,99.90000,0.00000,9999.00000
2019-08-13 15:11:55 UTC,218,99.90000,99.90000,99.90000,99.90000,455.00000,99.90000,0.00000,9999.00000
2019-08-13 15:12:56 UTC,219,99.90000,99.90000,99.90000,99.90000,455.00000,99.90000,0.00000,9999.00000
2019-08-13 15:13:56 UTC,220,99.90000,99.90000,99.90000,99.90000,455.00000,99.90000,0.00000,9999.00000
2019-08-13 15:14:56 UTC,221,99.90000,99.90000,99.90000,99.90000,455.00000,99.90000,0.00000,9999.00000
2019-08-13 15:15:56 UTC,222,99.90000,99.90000,99.90000,99.90000,455.00000,99.90000,0.00000,9999.00000
2019-08-13 15:16:56 UTC,223,99.90000,99.90000,99.90000,99.90000,455.00000,99.90000,0.00000,9999.00000
2019-08-13 15:17:56 UTC,224,99.90000,99.90000,99.90000,99.90000,455.00000,99.90000,0.00000,9999.00000
2019-08-13 15:18:56 UTC,225,99.90000,99.90000,99.90000,99.90000,455.00000,99.90000,0.00000,9999.00000
2019-08-13 15:19:56 UTC,226,99.90000,99.90000,99.90000,99.90000,455.00000,99.90000,0.00000,9999.00000
2019-08-13 15:20:56 UTC,227,99.90000,99.90000,99.90000,99.90000,455.00000,99.90000,0.00000,9999.00000
2019-10-07 08:26:11 UTC,228,24.80000,20.10000,22.00000,64.60000,14.70000,17.70000,8.10000,854.67126
2019-10-07 08:27:10 UTC,229,24.80000,20.00000,22.00000,64.20000,14.70000,17.60000,8.20000,870.91199
2019-10-07 08:28:10 UTC,230,24.80000,20.00000,22.10000,63.80000,14.60000,17.50000,8.30000,641.91180
2019-10-07 08:29:10 UTC,231,24.80000,20.00000,22.10000,63.80000,14.60000,17.50000,8.30000,544.60785
2019-10-07 08:30:10 UTC,232,24.80000,20.00000,22.10000,63.50000,14.50000,17.40000,8.40000,510.01422
2019-10-07 08:31:10 UTC,233,24.80000,20.00000,22.10000,63.50000,14.50000,17.50000,8.40000,491.56708
2019-10-07 08:32:10 UTC,234,24.80000,20.00000,22.00000,63.70000,14.60000,17.50000,8.30000,480.62534
2019-10-07 08:33:10 UTC,235,24.80000,20.00000,22.00000,63.80000,14.60000,17.50000,8.30000,471.61447
2019-10-07 08:34:11 UTC,236,24.80000,19.90000,22.10000,63.60000,14.50000,17.40000,8.30000,463.18112
2019-10-07 08:35:10 UTC,237,24.80000,19.90000,22.00000,63.50000,14.50000,17.40000,8.30000,455.48621
2019-10-07 08:36:11 UTC,238,24.70000,19.90000,22.00000,63.70000,14.50000,17.40000,8.30000,449.36203
2019-10-07 08:37:11 UTC,239,24.80000,19.90000,22.00000,63.60000,14.50000,17.40000,8.30000,444.21909
2019-10-07 08:38:11 UTC,240,24.80000,19.90000,22.00000,63.50000,14.50000,17.40000,8.30000,439.93054
2019-10-07 08:39:11 UTC,241,24.80000,19.90000,22.10000,63.60000,14.50000,17.40000,8.30000,435.89172
2019-10-07 08:40:11 UTC,242,24.80000,19.90000,22.00000,63.60000,14.50000,17.40000,8.30000,432.16479
2019-10-07 08:41:11 UTC,243,24.70000,19.90000,22.00000,63.60000,14.50000,17.30000,8.30000,428.45633
2019-10-07 08:42:11 UTC,244,24.70000,19.80000,21.90000,63.40000,14.40000,17.30000,8.30000,425.49759
2019-10-07 08:43:10 UTC,245,24.70000,19.80000,21.90000,63.60000,14.40000,17.30000,8.30000,423.34357
2019-10-07 08:44:11 UTC,246,24.60000,19.80000,21.90000,63.90000,14.40000,17.30000,8.20000,421.88434
2019-10-07 08:45:11 UTC,247,24.70000,19.90000,22.10000,64.00000,14.50000,17.40000,8.20000,420.46835
2019-10-07 08:46:11 UTC,248,24.70000,19.90000,22.30000,63.80000,14.50000,17.40000,8.20000,420.16492
2019-10-07 08:47:11 UTC,249,24.80000,19.90000,22.60000,63.40000,14.50000,17.40000,8.30000,420.49982
2019-10-07 08:48:11 UTC,250,24.90000,19.90000,22.80000,63.00000,14.40000,17.40000,8.50000,421.29150
2019-10-07 08:49:11 UTC,251,24.90000,20.00000,22.90000,63.20000,14.50000,17.40000,8.50000,422.99036
2019-10-07 08:50:11 UTC,252,25.00000,20.00000,23.00000,63.20000,14.60000,17.50000,8.50000,426.43936
2019-10-07 08:51:11 UTC,253,25.00000,20.00000,23.10000,62.80000,14.50000,17.50000,8.60000,433.67328
2019-10-07 08:52:11 UTC,254,25.10000,20.10000,23.20000,62.90000,14.60000,17.50000,8.60000,449.23380
2019-10-07 08:53:11 UTC,255,25.10000,20.10000,23.30000,62.70000,14.60000,17.50000,8.70000,470.57574
2019-10-07 08:54:11 UTC,256,25.10000,20.10000,23.40000,62.70000,14.60000,17.50000,8.70000,487.07544
2019-10-07 08:55:11 UTC,257,25.20000,20.10000,23.40000,62.40000,14.60000,17.50000,8.80000,495.18884
2019-10-07 08:56:14 UTC,258,25.20000,20.10000,23.50000,62.50000,14.60000,17.50000,8.80000,501.31662
2019-10-07 08:57:13 UTC,259,25.20000,20.10000,23.50000,62.10000,14.50000,17.50000,8.90000,507.03104
2019-10-07 08:58:13 UTC,260,25.30000,20.10000,23.60000,62.10000,14.60000,17.50000,8.90000,511.67749
2019-10-07 08:59:13 UTC,261,25.30000,20.10000,23.60000,62.20000,14.60000,17.50000,8.90000,515.81342
2019-10-07 09:00:14 UTC,262,25.30000,20.10000,23.60000,62.00000,14.60000,17.50000,8.90000,519.45752
2019-10-07 09:01:14 UTC,263,25.30000,20.20000,23.60000,62.20000,14.60000,17.60000,8.90000,522.05786
2019-10-07 09:02:14 UTC,264,25.30000,20.20000,23.60000,62.10000,14.60000,17.60000,8.90000,524.15448
2019-10-07 09:03:14 UTC,265,25.30000,20.20000,23.60000,62.10000,14.60000,17.50000,8.90000,526.32043
2019-10-07 09:04:14 UTC,266,25.30000,20.20000,23.70000,62.30000,14.60000,17.60000,8.80000,528.51648
2019-10-07 09:05:14 UTC,267,25.30000,20.20000,23.70000,62.20000,14.60000,17.60000,8.90000,530.76868
2019-10-07 09:06:15 UTC,268,25.30000,20.10000,23.70000,62.00000,14.60000,17.50000,8.90000,532.92950
2019-10-07 09:07:15 UTC,269,25.30000,20.20000,23.60000,62.20000,14.60000,17.60000,8.90000,534.59198
2019-10-07 09:08:14 UTC,270,25.20000,20.10000,23.60000,62.50000,14.60000,17.50000,8.80000,536.17621
2019-10-07 09:09:14 UTC,271,25.10000,20.10000,23.60000,62.90000,14.70000,17.60000,8.60000,537.63422
2019-10-07 09:10:15 UTC,272,25.10000,20.10000,23.60000,62.90000,14.70000,17.60000,8.60000,539.30914
2019-10-07 09:11:15 UTC,273,25.20000,20.10000,23.60000,62.70000,14.60000,17.60000,8.70000,540.69263
2019-10-07 09:12:14 UTC,274,25.20000,20.20000,23.70000,62.60000,14.70000,17.60000,8.70000,541.76703
2019-10-07 09:13:15 UTC,275,25.30000,20.20000,23.70000,62.50000,14.70000,17.60000,8.80000,542.59320
2019-10-07 09:14:15 UTC,276,25.20000,20.20000,23.70000,62.50000,14.60000,17.60000,8.80000,542.94659
2019-10-07 09:15:16 UTC,277,25.20000,20.20000,23.70000,62.60000,14.60000,17.60000,8.80000,543.04840
2019-10-07 09:16:15 UTC,278,25.20000,20.20000,23.70000,62.60000,14.70000,17.60000,8.70000,542.87762
2019-10-07 09:17:16 UTC,279,25.20000,20.20000,23.70000,62.70000,14.70000,17.60000,8.70000,542.67346
2019-10-07 09:18:15 UTC,280,25.30000,20.20000,23.70000,62.50000,14.70000,17.60000,8.80000,542.58209
2019-10-07 09:19:15 UTC,281,25.30000,20.20000,23.70000,62.50000,14.70000,17.60000,8.80000,542.61267
2019-10-07 09:20:15 UTC,282,25.30000,20.20000,23.70000,62.40000,14.70000,17.60000,8.80000,542.51508
2019-10-07 09:21:15 UTC,283,25.30000,20.20000,23.70000,62.40000,14.70000,17.60000,8.80000,542.39771
2019-10-07 09:22:15 UTC,284,25.30000,20.20000,23.80000,62.50000,14.70000,17.70000,8.80000,542.35767
2019-10-07 09:23:15 UTC,285,25.30000,20.20000,23.80000,62.40000,14.70000,17.60000,8.80000,542.34790
2019-10-07 09:24:15 UTC,286,25.30000,20.20000,23.80000,62.40000,14.70000,17.60000,8.90000,542.54419
2019-10-07 09:25:15 UTC,287,25.30000,20.20000,23.80000,62.40000,14.70000,17.60000,8.90000,543.08911
2019-10-07 09:26:15 UTC,288,25.40000,20.20000,23.80000,62.40000,14.70000,17.70000,8.90000,543.90790
2019-10-07 09:27:15 UTC,289,25.40000,20.30000,23.80000,62.50000,14.70000,17.70000,8.80000,544.92767
2019-10-07 09:28:15 UTC,290,25.40000,20.30000,23.90000,62.50000,14.70000,17.70000,8.80000,546.73724
2019-10-07 09:29:15 UTC,291,25.30000,20.30000,23.90000,62.60000,14.70000,17.70000,8.80000,549.39398
2019-10-07 09:30:15 UTC,292,25.30000,20.30000,23.90000,62.60000,14.70000,17.70000,8.80000,552.71924
2019-10-07 09:31:15 UTC,293,25.30000,20.30000,23.90000,62.70000,14.70000,17.70000,8.80000,555.47552
2019-10-07 09:32:15 UTC,294,25.30000,20.20000,23.90000,62.70000,14.70000,17.70000,8.80000,557.43341
2019-10-07 09:33:15 UTC,295,25.30000,20.20000,23.90000,62.50000,14.70000,17.60000,8.80000,558.70447
2019-10-07 09:34:15 UTC,296,25.30000,20.20000,23.90000,62.60000,14.70000,17.70000,8.80000,559.23059
2019-10-07 09:35:16 UTC,297,25.30000,20.30000,23.90000,62.80000,14.80000,17.70000,8.70000,559.30609
2019-10-07 09:36:15 UTC,298,25.30000,20.30000,23.90000,62.70000,14.70000,17.70000,8.80000,558.83514
2019-10-07 09:37:15 UTC,299,25.30000,20.20000,23.90000,62.60000,14.70000,17.70000,8.80000,557.88495
2019-10-07 09:38:15 UTC,300,25.30000,20.30000,23.90000,62.60000,14.70000,17.70000,8.80000,556.57025
2019-10-07 09:39:15 UTC,301,25.30000,20.30000,23.90000,62.70000,14.80000,17.70000,8.80000,554.68549
2019-10-07 09:40:15 UTC,302,25.30000,20.20000,23.90000,62.50000,14.70000,17.70000,8.80000,552.85406
2019-10-07 09:41:15 UTC,303,25.30000,20.20000,23.90000,62.40000,14.70000,17.60000,8.90000,551.59418
2019-10-07 09:42:15 UTC,304,25.40000,20.20000,23.90000,62.40000,14.70000,17.70000,8.90000,550.73810
2019-10-07 09:43:15 UTC,305,25.40000,20.20000,23.90000,62.40000,14.70000,17.70000,8.90000,550.45209
2019-10-07 09:44:15 UTC,306,25.40000,20.30000,23.90000,62.50000,14.70000,17.70000,8.80000,550.39960
2019-10-07 09:45:15 UTC,307,25.40000,20.30000,23.90000,62.50000,14.70000,17.70000,8.80000,550.57751
2019-10-07 09:46:15 UTC,308,25.40000,20.30000,23.90000,62.40000,14.70000,17.70000,8.90000,550.54193
2019-10-07 09:47:15 UTC,309,25.40000,20.30000,23.90000,62.40000,14.70000,17.70000,8.90000,550.57959
2019-10-07 09:48:15 UTC,310,25.40000,20.30000,23.90000,62.40000,14.70000,17.70000,8.90000,550.77155
2019-10-07 09:49:15 UTC,311,25.40000,20.30000,23.90000,62.50000,14.70000,17.70000,8.80000,551.01563
2019-10-07 09:50:15 UTC,312,25.40000,20.30000,23.90000,62.20000,14.70000,17.70000,8.90000,551.32086
2019-10-07 09:51:15 UTC,313,25.40000,20.30000,23.90000,62.30000,14.70000,17.70000,8.90000,551.71094
2019-10-07 09:52:15 UTC,314,25.40000,20.30000,23.90000,62.30000,14.70000,17.70000,8.90000,552.20337
2019-10-07 09:53:15 UTC,315,25.40000,20.30000,23.90000,62.30000,14.70000,17.70000,8.90000,552.83191
2019-10-07 09:54:15 UTC,316,25.40000,20.30000,23.90000,62.30000,14.70000,17.70000,8.90000,553.75311
2019-10-07 09:55:16 UTC,317,25.40000,20.30000,24.00000,62.30000,14.70000,17.70000,8.90000,554.74530
2019-10-07 09:56:15 UTC,318,25.40000,20.30000,23.90000,62.30000,14.70000,17.70000,8.90000,555.95923
2019-10-07 09:57:15 UTC,319,25.40000,20.30000,24.00000,62.30000,14.70000,17.70000,8.90000,557.11523
2019-10-07 09:58:15 UTC,320,25.40000,20.30000,23.90000,62.30000,14.70000,17.70000,8.90000,557.83020
2019-10-07 09:59:15 UTC,321,25.40000,20.30000,23.90000,62.40000,14.70000,17.70000,8.90000,558.36163
2019-10-07 10:00:15 UTC,322,25.40000,20.30000,23.90000,62.50000,14.80000,17.70000,8.90000,558.88849
2019-10-07 10:01:15 UTC,323,25.40000,20.30000,23.90000,62.40000,14.70000,17.70000,8.90000,559.59808
2019-10-07 10:02:15 UTC,324,25.40000,20.30000,24.00000,62.40000,14.70000,17.70000,8.90000,559.94995
2019-10-07 10:03:15 UTC,325,25.40000,20.30000,24.00000,62.20000,14.70000,17.70000,8.90000,560.28870
2019-10-07 10:04:15 UTC,326,25.40000,20.30000,24.00000,62.30000,14.70000,17.70000,8.90000,560.42200
2019-10-07 10:05:15 UTC,327,25.40000,20.30000,24.00000,62.40000,14.80000,17.70000,8.90000,560.45508
2019-10-07 10:06:15 UTC,328,25.40000,20.30000,24.00000,62.30000,14.80000,17.70000,8.90000,560.48163
2019-10-07 10:07:15 UTC,329,25.40000,20.30000,24.00000,62.50000,14.80000,17.70000,8.90000,560.76013
2019-10-07 10:08:15 UTC,330,25.40000,20.30000,24.00000,62.50000,14.80000,17.70000,8.90000,561.01587
2019-10-07 10:09:15 UTC,331,25.40000,20.30000,24.00000,62.30000,14.70000,17.70000,8.90000,561.04218
2019-10-07 10:10:15 UTC,332,25.40000,20.30000,24.00000,62.30000,14.70000,17.70000,8.90000,561.08093
2019-10-07 10:11:15 UTC,333,25.40000,20.30000,24.00000,62.30000,14.80000,17.70000,8.90000,561.20331
2019-10-07 10:12:16 UTC,334,25.40000,20.30000,24.00000,62.10000,14.70000,17.70000,9.00000,561.41888
2019-10-07 10:13:15 UTC,335,25.40000,20.30000,24.00000,62.30000,14.70000,17.70000,8.90000,561.67834
2019-10-07 10:14:16 UTC,336,25.40000,20.30000,24.00000,62.20000,14.70000,17.70000,9.00000,561.95532
2019-10-07 10:15:15 UTC,337,25.40000,20.30000,24.00000,62.40000,14.70000,17.70000,8.90000,562.35712
2019-10-07 10:16:15 UTC,338,25.40000,20.30000,24.00000,62.50000,14.70000,17.70000,8.90000,562.87067
2019-10-07 10:17:15 UTC,339,25.30000,20.20000,23.90000,62.50000,14.70000,17.70000,8.80000,563.64825
2019-10-07 10:18:16 UTC,340,25.30000,20.20000,23.90000,62.50000,14.70000,17.60000,8.80000,564.58344
2019-10-07 10:19:15 UTC,341,25.30000,20.20000,24.00000,62.40000,14.70000,17.60000,8.80000,565.27551
2019-10-07 10:20:15 UTC,342,25.30000,20.20000,24.00000,62.50000,14.70000,17.60000,8.80000,565.49310
2019-10-07 10:21:15 UTC,343,25.30000,20.20000,24.00000,62.50000,14.70000,17.60000,8.80000,565.60645
2019-10-07 10:22:15 UTC,344,25.30000,20.20000,24.00000,62.40000,14.70000,17.60000,8.80000,565.52484
2019-10-07 10:23:15 UTC,345,25.30000,20.20000,24.00000,62.30000,14.60000,17.60000,8.90000,565.31244
2019-10-07 10:24:15 UTC,346,25.30000,20.20000,24.00000,62.20000,14.60000,17.60000,8.90000,564.68134
2019-10-07 10:25:16 UTC,347,25.30000,20.20000,24.00000,62.40000,14.60000,17.60000,8.80000,563.85901
2019-10-07 10:26:16 UTC,348,25.30000,20.20000,24.00000,62.50000,14.70000,17.60000,8.80000,562.66870
2019-10-07 10:27:15 UTC,349,25.30000,20.20000,24.00000,62.30000,14.60000,17.60000,8.80000,561.50208
2019-10-07 10:28:15 UTC,350,25.30000,20.20000,24.00000,62.60000,14.70000,17.60000,8.80000,560.45471
2019-10-07 10:29:15 UTC,351,25.30000,20.20000,24.00000,62.60000,14.70000,17.60000,8.80000,559.38867
2019-10-07 10:30:16 UTC,352,25.20000,20.20000,24.00000,62.70000,14.70000,17.60000,8.70000,558.17596
2019-10-07 10:31:16 UTC,353,25.30000,20.20000,24.00000,62.50000,14.60000,17.60000,8.80000,556.87115
2019-10-07 10:32:15 UTC,354,25.30000,20.20000,24.00000,62.40000,14.60000,17.60000,8.80000,555.33911
2019-10-07 10:33:15 UTC,355,25.20000,20.20000,24.00000,62.40000,14.60000,17.60000,8.80000,553.86072
2019-10-07 10:34:16 UTC,356,25.20000,20.10000,24.00000,62.40000,14.60000,17.50000,8.80000,552.76404
2019-10-07 10:35:16 UTC,357,25.20000,20.10000,24.00000,62.70000,14.60000,17.60000,8.70000,551.64417
2019-10-07 10:36:16 UTC,358,25.20000,20.10000,24.00000,62.70000,14.60000,17.60000,8.70000,550.46808
2019-10-07 10:37:16 UTC,359,25.20000,20.10000,24.00000,62.60000,14.60000,17.60000,8.70000,549.67810
2019-10-07 10:38:16 UTC,360,25.20000,20.10000,24.00000,62.70000,14.60000,17.60000,8.70000,549.14874
2019-10-07 10:39:16 UTC,361,25.20000,20.10000,24.00000,62.70000,14.60000,17.50000,8.70000,548.64874
2019-10-07 10:40:18 UTC,362,25.10000,20.10000,24.00000,62.90000,14.70000,17.60000,8.60000,548.08154
2019-10-07 10:41:17 UTC,363,25.10000,20.10000,24.00000,63.10000,14.70000,17.60000,8.60000,547.48029
2019-10-07 10:42:17 UTC,364,25.10000,20.10000,24.00000,63.10000,14.70000,17.60000,8.60000,546.67828
2019-10-07 10:43:17 UTC,365,25.10000,20.10000,24.00000,63.00000,14.70000,17.60000,8.60000,545.99664
2019-10-07 10:44:17 UTC,366,25.20000,20.10000,23.90000,62.70000,14.60000,17.60000,8.70000,545.40283
2019-10-07 10:45:17 UTC,367,25.10000,20.10000,24.00000,62.80000,14.60000,17.50000,8.70000,544.67572
2019-10-07 10:46:17 UTC,368,25.10000,20.10000,24.00000,62.80000,14.60000,17.50000,8.60000,543.81519
2019-10-07 10:47:17 UTC,369,25.10000,20.10000,23.90000,62.70000,14.60000,17.50000,8.70000,542.85797
2019-10-07 10:48:17 UTC,370,25.10000,20.10000,23.90000,62.70000,14.60000,17.50000,8.70000,542.09125
2019-10-07 10:49:17 UTC,371,25.10000,20.10000,24.00000,62.70000,14.60000,17.50000,8.70000,541.49347
2019-10-07 10:50:17 UTC,372,25.10000,20.10000,23.90000,62.90000,14.60000,17.50000,8.60000,540.90527
2019-10-07 10:51:17 UTC,373,25.10000,20.10000,23.90000,63.00000,14.60000,17.50000,8.60000,540.25238
2019-10-07 10:52:17 UTC,374,25.10000,20.10000,23.90000,62.90000,14.60000,17.50000,8.60000,539.46655
2019-10-07 10:53:17 UTC,375,25.10000,20.00000,23.90000,62.60000,14.50000,17.50000,8.70000,538.83990
2019-10-07 10:54:17 UTC,376,25.10000,20.00000,23.90000,62.50000,14.50000,17.40000,8.70000,538.39172
2019-10-07 10:55:17 UTC,377,25.10000,20.00000,23.90000,62.50000,14.50000,17.40000,8.70000,537.88007
2019-10-07 10:56:17 UTC,378,25.10000,20.10000,23.90000,62.70000,14.60000,17.50000,8.60000,537.71149
2019-10-07 10:57:17 UTC,379,25.10000,20.00000,23.90000,62.60000,14.50000,17.40000,8.70000,537.45807
2019-10-07 10:58:17 UTC,380,25.10000,20.00000,23.90000,62.60000,14.50000,17.50000,8.70000,537.33801
2019-10-07 10:59:17 UTC,381,25.10000,20.10000,23.90000,62.80000,14.60000,17.50000,8.60000,537.13464
2019-10-07 11:00:17 UTC,382,25.10000,20.00000,23.90000,62.70000,14.50000,17.50000,8.60000,537.00708
2019-10-07 11:01:17 UTC,383,25.00000,20.00000,23.90000,62.70000,14.50000,17.40000,8.60000,536.72107
2019-10-07 11:02:17 UTC,384,25.00000,20.00000,23.90000,62.80000,14.50000,17.50000,8.60000,536.35114
2019-10-07 11:03:17 UTC,385,25.00000,20.10000,23.90000,62.90000,14.60000,17.50000,8.60000,535.92627
2019-10-07 11:04:17 UTC,386,25.00000,20.00000,23.90000,62.80000,14.50000,17.50000,8.60000,535.54187
2019-10-07 11:05:17 UTC,387,25.00000,20.00000,23.90000,62.80000,14.50000,17.40000,8.60000,535.03522
2019-10-07 11:06:17 UTC,388,25.00000,20.00000,23.90000,62.70000,14.50000,17.40000,8.60000,534.28772
2019-10-07 11:07:17 UTC,389,25.00000,20.00000,23.90000,62.70000,14.50000,17.40000,8.60000,533.65594
2019-10-07 11:08:17 UTC,390,25.00000,20.00000,23.90000,62.60000,14.50000,17.40000,8.70000,533.03931
2019-10-07 11:09:17 UTC,391,25.00000,20.00000,23.90000,62.60000,14.50000,17.40000,8.60000,532.19623
2019-10-07 11:10:17 UTC,392,25.00000,20.00000,23.90000,62.60000,14.50000,17.40000,8.70000,531.29993
2019-10-07 11:11:17 UTC,393,25.00000,20.00000,23.90000,62.50000,14.50000,17.40000,8.70000,530.22729
2019-10-07 11:12:17 UTC,394,25.00000,20.00000,23.90000,62.70000,14.50000,17.40000,8.60000,528.96606
2019-10-07 11:13:17 UTC,395,25.10000,20.00000,23.90000,62.60000,14.50000,17.40000,8.70000,527.81079
2019-10-07 11:14:17 UTC,396,25.00000,20.00000,23.90000,62.70000,14.50000,17.40000,8.60000,527.09222
2019-10-07 11:15:17 UTC,397,25.00000,20.00000,23.90000,62.70000,14.50000,17.40000,8.60000,526.67310
2019-10-07 11:16:17 UTC,398,25.00000,20.00000,23.90000,62.70000,14.50000,17.40000,8.60000,526.04370
2019-10-07 11:17:17 UTC,399,25.00000,20.00000,23.90000,62.60000,14.50000,17.40000,8.60000,525.43665
2019-10-07 11:18:17 UTC,400,25.10000,20.00000,23.90000,62.50000,14.50000,17.40000,8.70000,524.81360
2019-10-07 11:19:17 UTC,401,25.10000,20.00000,23.90000,62.50000,14.50000,17.40000,8.70000,524.28418
2019-10-07 11:20:17 UTC,402,25.00000,20.00000,23.90000,62.60000,14.50000,17.40000,8.70000,523.71210
2019-10-07 11:21:17 UTC,403,25.10000,20.00000,23.90000,62.40000,14.50000,17.40000,8.70000,523.12744
2019-10-07 11:22:17 UTC,404,25.00000,20.00000,23.90000,62.60000,14.50000,17.40000,8.60000,522.35529
2019-10-07 11:23:17 UTC,405,25.00000,20.00000,23.90000,62.70000,14.50000,17.40000,8.60000,521.35248
2019-10-07 11:24:17 UTC,406,25.00000,20.00000,23.90000,62.80000,14.50000,17.40000,8.60000,520.18707
2019-10-07 11:25:17 UTC,407,25.00000,20.00000,23.90000,63.00000,14.50000,17.50000,8.50000,519.31348
2019-10-07 11:26:17 UTC,408,25.00000,20.00000,23.90000,63.00000,14.50000,17.50000,8.50000,518.47345
2019-10-07 11:27:17 UTC,409,25.00000,20.00000,23.90000,62.70000,14.50000,17.40000,8.60000,517.67932
2019-10-07 11:28:17 UTC,410,25.00000,20.00000,23.90000,62.60000,14.50000,17.40000,8.60000,516.94202
2019-10-07 11:29:18 UTC,411,25.00000,20.00000,23.90000,62.70000,14.50000,17.40000,8.60000,516.32190
2019-10-07 11:30:17 UTC,412,25.00000,20.00000,23.90000,62.80000,14.50000,17.40000,8.60000,515.76318
2019-10-07 11:31:18 UTC,413,25.00000,20.00000,23.90000,62.80000,14.50000,17.40000,8.60000,515.45361
2019-10-07 11:32:17 UTC,414,25.00000,20.00000,23.90000,62.90000,14.50000,17.40000,8.60000,515.30194
2019-10-07 11:33:17 UTC,415,25.00000,20.00000,23.90000,62.80000,14.50000,17.40000,8.60000,515.07605
2019-10-07 11:34:17 UTC,416,25.00000,20.00000,23.90000,62.80000,14.50000,17.40000,8.60000,514.61340
2019-10-07 11:35:17 UTC,417,25.00000,20.00000,23.90000,62.80000,14.50000,17.40000,8.60000,514.16022
2019-10-07 11:36:17 UTC,418,25.00000,20.00000,23.90000,62.90000,14.50000,17.40000,8.60000,513.62616
2019-10-07 11:37:17 UTC,419,25.00000,19.90000,23.90000,62.70000,14.50000,17.40000,8.60000,513.08051
2019-10-07 11:38:17 UTC,420,24.90000,19.90000,23.90000,62.70000,14.50000,17.40000,8.60000,512.42841
2019-10-07 11:39:17 UTC,421,25.00000,19.90000,23.90000,62.60000,14.40000,17.30000,8.60000,511.65271
2019-10-07 11:40:17 UTC,422,25.00000,19.90000,23.80000,62.60000,14.40000,17.30000,8.60000,510.65390
2019-10-07 11:41:17 UTC,423,24.90000,19.90000,23.80000,62.80000,14.50000,17.40000,8.60000,509.49982
2019-10-07 11:42:17 UTC,424,24.90000,19.90000,23.90000,62.70000,14.40000,17.30000,8.60000,508.73557
2019-10-07 11:43:17 UTC,425,24.90000,19.90000,23.90000,63.00000,14.50000,17.40000,8.50000,508.20163
2019-10-07 11:44:18 UTC,426,24.90000,19.90000,23.80000,62.80000,14.40000,17.30000,8.50000,507.63739
2019-10-07 11:45:18 UTC,427,24.90000,19.90000,23.90000,62.50000,14.40000,17.30000,8.60000,507.05490
2019-10-07 11:46:17 UTC,428,24.90000,19.90000,23.80000,62.70000,14.40000,17.30000,8.60000,506.30405
2019-10-07 11:47:18 UTC,429,24.90000,19.90000,23.80000,63.00000,14.50000,17.40000,8.50000,505.63602
2019-10-07 11:48:18 UTC,430,24.90000,19.90000,23.80000,63.00000,14.50000,17.40000,8.50000,504.98666
2019-10-07 11:49:17 UTC,431,24.90000,19.90000,23.80000,62.80000,14.40000,17.30000,8.50000,504.28931
2019-10-07 11:50:18 UTC,432,24.90000,19.90000,23.80000,62.90000,14.40000,17.40000,8.50000,503.85205
2019-10-07 11:51:17 UTC,433,24.90000,19.90000,23.80000,62.70000,14.40000,17.30000,8.60000,503.19501
2019-10-07 11:52:17 UTC,434,24.90000,19.90000,23.80000,62.80000,14.40000,17.30000,8.50000,502.74634
2019-10-07 11:53:17 UTC,435,24.90000,19.90000,23.80000,62.70000,14.40000,17.30000,8.60000,502.53302
2019-10-07 11:54:18 UTC,436,24.90000,19.90000,23.80000,62.70000,14.40000,17.30000,8.60000,502.46857
2019-10-07 11:55:18 UTC,437,24.90000,19.90000,23.80000,62.70000,14.40000,17.30000,8.60000,502.39618
2019-10-07 11:56:18 UTC,438,24.90000,19.90000,23.80000,62.70000,14.40000,17.30000,8.60000,502.09741
2019-10-07 11:57:18 UTC,439,24.90000,19.90000,23.80000,62.70000,14.40000,17.30000,8.60000,501.95398
2019-10-07 11:58:18 UTC,440,24.90000,19.90000,23.80000,62.80000,14.40000,17.30000,8.50000,501.80557
2019-10-07 11:59:18 UTC,441,24.90000,19.90000,23.80000,62.70000,14.40000,17.30000,8.60000,501.72684
2019-10-07 12:00:18 UTC,442,24.90000,19.90000,23.80000,62.80000,14.40000,17.30000,8.60000,501.44385
2019-10-07 12:01:18 UTC,443,24.90000,19.90000,23.80000,62.80000,14.40000,17.30000,8.50000,500.97256
2019-10-07 12:02:18 UTC,444,24.90000,19.90000,23.80000,62.80000,14.40000,17.30000,8.50000,500.23380
2019-10-07 12:03:18 UTC,445,24.90000,19.90000,23.80000,62.80000,14.40000,17.30000,8.50000,499.38934
2019-10-07 12:04:18 UTC,446,24.90000,19.90000,23.80000,62.80000,14.40000,17.30000,8.50000,498.65967
2019-10-07 12:05:18 UTC,447,24.90000,19.90000,23.80000,62.70000,14.40000,17.30000,8.60000,498.03131
2019-10-07 12:06:18 UTC,448,24.90000,19.90000,23.80000,62.70000,14.40000,17.30000,8.60000,497.19717
2019-10-07 12:07:18 UTC,449,24.90000,19.90000,23.80000,62.70000,14.40000,17.30000,8.60000,496.23233
2019-10-07 12:08:18 UTC,450,24.90000,19.90000,23.80000,62.70000,14.40000,17.30000,8.60000,495.24057
2019-10-07 12:09:18 UTC,451,24.90000,19.90000,23.80000,62.70000,14.40000,17.30000,8.60000,494.01364
2019-10-07 12:10:18 UTC,452,24.90000,19.90000,23.80000,62.70000,14.40000,17.30000,8.60000,492.55603
2019-10-07 12:11:18 UTC,453,24.90000,19.90000,23.80000,62.70000,14.40000,17.30000,8.60000,490.89594
2019-10-07 12:12:18 UTC,454,24.90000,19.90000,23.80000,62.70000,14.40000,17.30000,8.60000,489.51645
2019-10-07 12:13:18 UTC,455,24.90000,19.90000,23.80000,62.80000,14.40000,17.30000,8.60000,488.40411
2019-10-07 12:14:18 UTC,456,24.90000,19.90000,23.80000,62.70000,14.40000,17.30000,8.60000,487.35803
2019-10-07 12:15:18 UTC,457,24.90000,19.90000,23.80000,62.70000,14.40000,17.30000,8.60000,486.45639
2019-10-07 12:16:18 UTC,458,24.90000,19.90000,23.80000,62.80000,14.40000,17.30000,8.60000,485.76062
2019-10-07 12:17:18 UTC,459,24.90000,19.90000,23.80000,62.80000,14.40000,17.30000,8.60000,485.35910
2019-10-07 12:18:18 UTC,460,24.90000,19.90000,23.80000,62.90000,14.40000,17.30000,8.50000,485.16119
2019-10-07 12:19:18 UTC,461,24.90000,19.90000,23.80000,62.90000,14.40000,17.30000,8.50000,484.97577
2019-10-07 12:20:18 UTC,462,24.90000,19.90000,23.80000,62.90000,14.40000,17.30000,8.50000,484.88333
2019-10-07 12:21:18 UTC,463,24.90000,19.90000,23.80000,62.90000,14.40000,17.30000,8.50000,484.52396
2019-10-07 12:22:18 UTC,464,24.90000,19.90000,23.80000,63.00000,14.40000,17.30000,8.50000,484.09518
2019-10-07 12:23:18 UTC,465,24.80000,19.90000,23.80000,63.10000,14.40000,17.30000,8.50000,483.84271
2019-10-07 12:24:18 UTC,466,24.80000,19.90000,23.80000,63.00000,14.40000,17.30000,8.50000,483.51843
2019-10-07 12:25:18 UTC,467,24.90000,19.90000,23.80000,63.10000,14.40000,17.40000,8.50000,483.06311
2019-10-07 12:26:18 UTC,468,24.80000,19.90000,23.80000,63.00000,14.40000,17.30000,8.50000,482.53302
2019-10-07 12:27:18 UTC,469,24.90000,19.90000,23.80000,63.00000,14.40000,17.30000,8.50000,482.14062
2019-10-07 12:28:18 UTC,470,24.90000,19.90000,23.80000,63.00000,14.40000,17.30000,8.50000,481.83542
2019-10-07 12:29:21 UTC,471,24.90000,19.90000,23.80000,62.80000,14.40000,17.30000,8.50000,481.70044
2019-10-07 12:30:20 UTC,472,24.80000,19.90000,23.80000,63.00000,14.40000,17.30000,8.50000,481.56073
2019-10-07 12:31:20 UTC,473,24.90000,19.90000,23.80000,62.90000,14.40000,17.30000,8.50000,481.37515
2019-10-07 12:32:20 UTC,474,24.90000,19.90000,23.80000,62.90000,14.40000,17.30000,8.50000,481.16812
2019-10-07 12:33:20 UTC,475,24.80000,19.90000,23.80000,62.90000,14.40000,17.30000,8.50000,481.09442
2019-10-07 12:34:19 UTC,476,24.90000,19.90000,23.80000,62.80000,14.40000,17.30000,8.50000,480.87143
2019-10-07 12:35:20 UTC,477,24.90000,19.80000,23.80000,62.60000,14.40000,17.30000,8.60000,480.61566
2019-10-07 12:36:20 UTC,478,24.80000,19.80000,23.80000,62.80000,14.40000,17.30000,8.50000,480.21613
2019-10-07 12:37:20 UTC,479,24.80000,19.80000,23.80000,62.80000,14.40000,17.30000,8.50000,479.63815
2019-10-07 12:38:20 UTC,480,24.80000,19.90000,23.80000,63.00000,14.40000,17.30000,8.50000,479.01801
2019-10-07 12:39:20 UTC,481,24.80000,19.90000,23.80000,63.00000,14.40000,17.30000,8.50000,478.60455
2019-10-07 12:40:20 UTC,482,24.80000,19.90000,23.80000,62.90000,14.40000,17.30000,8.50000,478.13782
2019-10-07 12:41:20 UTC,483,24.80000,19.90000,23.80000,63.10000,14.40000,17.30000,8.40000,477.43713
2019-10-07 12:42:20 UTC,484,24.80000,19.90000,23.80000,63.00000,14.40000,17.30000,8.50000,477.14951
2019-10-07 12:43:20 UTC,485,24.80000,19.90000,23.80000,63.10000,14.40000,17.30000,8.40000,476.65958
2019-10-07 12:44:20 UTC,486,24.80000,19.90000,23.80000,63.10000,14.40000,17.30000,8.40000,475.93369
2019-10-07 12:45:20 UTC,487,24.80000,19.90000,23.80000,62.90000,14.40000,17.30000,8.50000,475.20047
2019-10-07 12:46:20 UTC,488,24.80000,19.90000,23.80000,62.90000,14.40000,17.30000,8.50000,474.44678
2019-10-07 12:47:20 UTC,489,24.80000,19.90000,23.80000,63.00000,14.40000,17.30000,8.50000,473.39429
2019-10-07 12:48:20 UTC,490,24.80000,19.90000,23.80000,63.00000,14.40000,17.30000,8.50000,472.28812
2019-10-07 12:49:20 UTC,491,24.80000,19.90000,23.80000,63.00000,14.40000,17.30000,8.50000,471.49039
2019-10-07 12:50:20 UTC,492,24.80000,19.80000,23.80000,62.90000,14.40000,17.30000,8.50000,470.78922
2019-10-07 12:51:20 UTC,493,24.80000,19.80000,23.80000,62.80000,14.30000,17.20000,8.50000,470.23587
2019-10-07 12:52:20 UTC,494,24.80000,19.80000,23.80000,62.90000,14.40000,17.30000,8.50000,469.94040
2019-10-07 12:53:20 UTC,495,24.80000,19.80000,23.80000,63.10000,14.40000,17.30000,8.40000,469.67810
2019-10-07 12:54:20 UTC,496,24.80000,19.80000,23.80000,63.00000,14.40000,17.30000,8.50000,469.47592
2019-10-07 12:55:20 UTC,497,24.80000,19.80000,23.80000,63.00000,14.40000,17.30000,8.50000,469.52509
2019-10-07 12:56:20 UTC,498,24.80000,19.80000,23.80000,63.10000,14.40000,17.30000,8.40000,469.49011
2019-10-07 12:57:20 UTC,499,24.80000,19.80000,23.80000,63.10000,14.40000,17.30000,8.40000,469.37567
2019-10-07 12:58:20 UTC,500,24.80000,19.80000,23.80000,63.10000,14.40000,17.30000,8.40000,469.33530
2019-10-07 12:59:20 UTC,501,24.80000,19.80000,23.80000,63.00000,14.40000,17.30000,8.40000,469.25180
2019-10-07 13:00:20 UTC,502,24.80000,19.80000,23.70000,63.10000,14.40000,17.30000,8.40000,469.10672
2019-10-07 13:01:20 UTC,503,24.80000,19.80000,23.80000,63.00000,14.40000,17.30000,8.40000,468.86880
2019-10-07 13:02:20 UTC,504,24.80000,19.80000,23.80000,63.00000,14.40000,17.30000,8.40000,468.52136
2019-10-07 13:03:20 UTC,505,24.80000,19.80000,23.80000,63.00000,14.40000,17.30000,8.40000,467.97311
2019-10-07 13:04:20 UTC,506,24.80000,19.80000,23.80000,63.00000,14.40000,17.30000,8.40000,467.24533
2019-10-07 13:05:20 UTC,507,24.80000,19.80000,23.80000,62.70000,14.30000,17.20000,8.50000,466.60129
2019-10-07 13:06:22 UTC,508,24.80000,19.80000,23.70000,62.70000,14.30000,17.20000,8.50000,465.76038
2019-10-07 13:07:21 UTC,509,24.80000,19.80000,23.70000,62.80000,14.40000,17.30000,8.50000,464.85773
2019-10-07 13:08:21 UTC,510,24.80000,19.80000,23.80000,62.70000,14.40000,17.30000,8.50000,463.81696
2019-10-07 13:09:21 UTC,511,24.90000,19.80000,23.80000,62.50000,14.30000,17.20000,8.60000,462.79129
2019-10-07 13:10:21 UTC,512,24.90000,19.80000,23.80000,62.60000,14.40000,17.20000,8.60000,461.81042
2019-10-07 13:11:21 UTC,513,24.80000,19.80000,23.80000,62.70000,14.40000,17.30000,8.50000,461.05753
2019-10-07 13:12:21 UTC,514,24.80000,19.90000,23.70000,62.80000,14.40000,17.30000,8.50000,460.45111
2019-10-07 13:13:21 UTC,515,24.80000,19.80000,23.70000,62.70000,14.30000,17.20000,8.50000,459.99240
2019-10-07 13:14:21 UTC,516,24.80000,19.80000,23.70000,62.70000,14.30000,17.20000,8.50000,459.64493
2019-10-07 13:15:21 UTC,517,24.80000,19.80000,23.70000,62.70000,14.30000,17.20000,8.50000,459.35098
2019-10-07 13:16:21 UTC,518,24.80000,19.80000,23.70000,62.70000,14.40000,17.30000,8.50000,459.36115
2019-10-07 13:17:21 UTC,519,24.80000,19.80000,23.70000,62.90000,14.40000,17.30000,8.50000,459.44568
2019-10-07 13:18:21 UTC,520,24.80000,19.80000,23.70000,63.10000,14.40000,17.30000,8.40000,459.43179
2019-10-07 13:19:21 UTC,521,24.80000,19.80000,23.70000,62.90000,14.40000,17.30000,8.50000,459.35635
2019-10-07 13:20:21 UTC,522,24.80000,19.80000,23.70000,62.80000,14.30000,17.20000,8.50000,459.27643
2019-10-07 13:21:21 UTC,523,24.80000,19.80000,23.70000,63.00000,14.40000,17.30000,8.40000,459.10742
2019-10-07 13:22:21 UTC,524,24.80000,19.80000,23.70000,63.10000,14.40000,17.30000,8.40000,458.89645
2019-10-07 13:23:21 UTC,525,24.80000,19.80000,23.70000,63.00000,14.40000,17.30000,8.40000,458.60617
2019-10-07 13:24:21 UTC,526,24.80000,19.80000,23.70000,63.10000,14.40000,17.30000,8.40000,458.16843
2019-10-07 13:25:21 UTC,527,24.80000,19.80000,23.70000,62.90000,14.30000,17.20000,8.40000,457.51901
2019-10-07 13:26:22 UTC,528,24.80000,19.80000,23.70000,63.00000,14.40000,17.30000,8.40000,456.67914
2019-10-07 13:27:22 UTC,529,24.80000,19.80000,23.80000,62.80000,14.30000,17.20000,8.50000,455.96277
2019-10-07 13:28:21 UTC,530,24.80000,19.80000,23.80000,63.00000,14.30000,17.20000,8.40000,455.29163
2019-10-07 13:29:21 UTC,531,24.70000,19.80000,23.70000,63.00000,14.30000,17.20000,8.40000,454.66605
2019-10-07 13:30:21 UTC,532,24.80000,19.80000,23.70000,63.00000,14.40000,17.30000,8.40000,454.30203
2019-10-07 13:31:21 UTC,533,24.70000,19.80000,23.70000,63.10000,14.40000,17.30000,8.40000,453.93445
2019-10-07 13:32:22 UTC,534,24.70000,19.80000,23.70000,63.00000,14.40000,17.20000,8.40000,453.65332
2019-10-07 13:33:22 UTC,535,24.70000,19.80000,23.70000,63.10000,14.30000,17.20000,8.40000,453.45316
2019-10-07 13:34:22 UTC,536,24.80000,19.80000,23.70000,63.00000,14.40000,17.30000,8.40000,453.22375
2019-10-07 13:35:21 UTC,537,24.70000,19.80000,23.70000,63.20000,14.40000,17.30000,8.40000,452.90994
2019-10-07 13:36:21 UTC,538,24.70000,19.80000,23.70000,63.20000,14.40000,17.30000,8.40000,452.52499
2019-10-07 13:37:21 UTC,539,24.70000,19.80000,23.70000,63.20000,14.40000,17.30000,8.40000,452.09195
2019-10-07 13:38:22 UTC,540,24.80000,19.80000,23.70000,63.10000,14.40000,17.30000,8.40000,451.46857
2019-10-07 13:39:22 UTC,541,24.70000,19.80000,23.70000,63.10000,14.30000,17.20000,8.40000,450.63007
2019-10-07 13:40:22 UTC,542,24.80000,19.80000,23.70000,62.90000,14.30000,17.20000,8.50000,449.67175
2019-10-07 13:41:22 UTC,543,24.70000,19.80000,23.70000,62.90000,14.30000,17.20000,8.40000,448.79477
2019-10-07 13:42:22 UTC,544,24.70000,19.80000,23.70000,63.00000,14.30000,17.20000,8.40000,448.13745
2019-10-07 13:43:22 UTC,545,24.70000,19.80000,23.70000,63.10000,14.30000,17.20000,8.40000,447.55621
2019-10-07 13:44:22 UTC,546,24.70000,19.80000,23.70000,63.10000,14.30000,17.20000,8.40000,447.11725
2019-10-07 13:45:22 UTC,547,24.70000,19.80000,23.70000,63.30000,14.40000,17.30000,8.30000,446.79132
2019-10-07 13:46:22 UTC,548,24.70000,19.80000,23.70000,63.20000,14.40000,17.30000,8.40000,446.56488
2019-10-07 13:47:22 UTC,549,24.80000,19.80000,23.70000,63.10000,14.40000,17.30000,8.40000,446.40076
2019-10-07 13:48:22 UTC,550,24.70000,19.80000,23.70000,63.20000,14.40000,17.20000,8.40000,446.43539
2019-10-07 13:49:22 UTC,551,24.70000,19.80000,23.70000,63.10000,14.30000,17.20000,8.40000,446.46320
2019-10-07 13:50:23 UTC,552,24.70000,19.80000,23.70000,63.50000,14.40000,17.30000,8.30000,446.30014
2019-10-07 13:51:22 UTC,553,24.70000,19.80000,23.70000,63.30000,14.40000,17.30000,8.30000,446.11328
2019-10-07 13:52:22 UTC,554,24.70000,19.80000,23.70000,63.40000,14.40000,17.30000,8.30000,445.95911
2019-10-07 13:53:22 UTC,555,24.70000,19.80000,23.70000,63.10000,14.30000,17.20000,8.40000,445.65958
2019-10-07 13:54:22 UTC,556,24.70000,19.80000,23.70000,63.10000,14.30000,17.20000,8.40000,445.29352
2019-10-07 13:55:22 UTC,557,24.70000,19.80000,23.70000,63.10000,14.30000,17.20000,8.40000,444.82315
2019-10-07 13:56:22 UTC,558,24.70000,19.80000,23.70000,63.30000,14.40000,17.30000,8.30000,444.37018
2019-10-07 13:57:22 UTC,559,24.70000,19.80000,23.70000,63.30000,14.40000,17.30000,8.40000,443.92462
2019-10-07 13:58:22 UTC,560,24.70000,19.80000,23.70000,63.20000,14.40000,17.30000,8.40000,443.60419
2019-10-07 13:59:22 UTC,561,24.70000,19.80000,23.70000,63.10000,14.30000,17.20000,8.40000,443.33365
2019-10-07 14:00:22 UTC,562,24.80000,19.80000,23.70000,63.00000,14.40000,17.30000,8.40000,442.94464
2019-10-07 14:01:22 UTC,563,24.80000,19.80000,23.70000,62.90000,14.30000,17.20000,8.50000,442.58069
2019-10-07 14:02:22 UTC,564,24.80000,19.80000,23.70000,63.00000,14.40000,17.30000,8.40000,442.23132
2019-10-07 14:03:22 UTC,565,24.80000,19.80000,23.70000,63.00000,14.40000,17.30000,8.40000,441.99008
2019-10-07 14:04:22 UTC,566,24.80000,19.80000,23.70000,63.00000,14.40000,17.30000,8.40000,441.80032
2019-10-07 14:05:22 UTC,567,24.80000,19.80000,23.70000,63.00000,14.40000,17.30000,8.40000,441.45984
2019-10-07 14:06:22 UTC,568,24.80000,19.80000,23.70000,63.10000,14.40000,17.30000,8.40000,441.03436
2019-10-07 14:07:22 UTC,569,24.80000,19.80000,23.70000,63.20000,14.40000,17.30000,8.40000,440.64075
2019-10-07 14:08:22 UTC,570,24.80000,19.80000,23.70000,63.20000,14.40000,17.30000,8.40000,440.52554
2019-10-07 14:09:22 UTC,571,24.80000,19.80000,23.70000,63.00000,14.40000,17.30000,8.40000,440.43295
2019-10-07 14:10:22 UTC,572,24.80000,19.80000,23.70000,63.00000,14.40000,17.30000,8.40000,440.34796
2019-10-07 14:11:22 UTC,573,24.70000,19.80000,23.70000,63.00000,14.40000,17.20000,8.40000,440.20602
2019-10-07 14:12:22 UTC,574,24.70000,19.80000,23.70000,63.00000,14.40000,17.20000,8.40000,440.10937
2019-10-07 14:13:22 UTC,575,24.70000,19.80000,23.70000,63.20000,14.40000,17.30000,8.40000,439.89999
2019-10-07 14:14:22 UTC,576,24.70000,19.80000,23.70000,63.10000,14.40000,17.30000,8.40000,439.70969
2019-10-07 14:15:22 UTC,577,24.80000,19.80000,23.70000,62.90000,14.30000,17.20000,8.50000,439.43219
2019-10-07 14:16:22 UTC,578,24.80000,19.80000,23.70000,62.90000,14.30000,17.20000,8.50000,439.07886
2019-10-07 14:17:22 UTC,579,24.70000,19.80000,23.70000,62.80000,14.30000,17.20000,8.50000,438.73608
2019-10-07 14:18:22 UTC,580,24.70000,19.80000,23.70000,62.90000,14.30000,17.20000,8.40000,438.43280
2019-10-07 14:19:22 UTC,581,24.70000,19.80000,23.70000,63.00000,14.30000,17.20000,8.40000,438.01196
2019-10-07 14:20:22 UTC,582,24.70000,19.80000,23.70000,63.00000,14.30000,17.20000,8.40000,437.62607
2019-10-07 14:21:23 UTC,583,24.70000,19.80000,23.70000,62.90000,14.30000,17.20000,8.40000,437.36340
2019-10-07 14:22:22 UTC,584,24.70000,19.80000,23.70000,63.10000,14.30000,17.20000,8.40000,437.11871
2019-10-07 14:23:22 UTC,585,24.70000,19.80000,23.70000,63.30000,14.40000,17.30000,8.30000,436.97345
2019-10-07 14:24:22 UTC,586,24.70000,19.80000,23.70000,63.10000,14.30000,17.20000,8.40000,436.78357
2019-10-07 14:25:22 UTC,587,24.70000,19.80000,23.70000,63.00000,14.30000,17.20000,8.40000,436.54190
2019-10-07 14:26:22 UTC,588,24.70000,19.80000,23.70000,63.20000,14.30000,17.20000,8.30000,436.17645
2019-10-07 14:27:22 UTC,589,24.70000,19.80000,23.70000,63.10000,14.30000,17.20000,8.40000,435.58151
2019-10-07 14:28:22 UTC,590,24.70000,19.80000,23.70000,63.10000,14.30000,17.20000,8.40000,434.79980
2019-10-07 14:29:22 UTC,591,24.70000,19.80000,23.80000,63.20000,14.30000,17.20000,8.30000,433.98358
2019-10-07 14:30:22 UTC,592,24.70000,19.80000,23.70000,63.30000,14.40000,17.20000,8.30000,433.42230
2019-10-07 14:31:22 UTC,593,24.70000,19.80000,23.70000,63.10000,14.30000,17.20000,8.40000,432.68811
2019-10-07 14:32:22 UTC,594,24.70000,19.80000,23.70000,63.20000,14.30000,17.20000,8.30000,432.03674
2019-10-07 14:33:22 UTC,595,24.70000,19.80000,23.70000,63.10000,14.30000,17.20000,8.40000,431.36215
2019-10-07 14:34:22 UTC,596,24.70000,19.80000,23.70000,63.10000,14.30000,17.20000,8.40000,430.77942
2019-10-07 14:35:22 UTC,597,24.70000,19.80000,23.70000,63.20000,14.30000,17.20000,8.40000,430.56519
2019-10-07 14:36:22 UTC,598,24.70000,19.80000,23.70000,63.10000,14.30000,17.20000,8.40000,430.61789
2019-10-07 14:37:22 UTC,599,24.60000,19.80000,23.70000,63.40000,14.30000,17.20000,8.30000,430.66858
2019-10-07 14:38:22 UTC,600,24.70000,19.80000,23.70000,63.30000,14.30000,17.20000,8.30000,430.54724
2019-10-07 14:39:22 UTC,601,24.70000,19.80000,23.70000,63.30000,14.30000,17.20000,8.30000,430.41840
2019-10-07 14:40:22 UTC,602,24.70000,19.80000,23.70000,63.40000,14.40000,17.20000,8.30000,430.21603
2019-10-07 14:41:22 UTC,603,24.70000,19.80000,23.70000,63.30000,14.30000,17.20000,8.30000,430.02942
2019-10-07 14:42:22 UTC,604,24.70000,19.80000,23.70000,63.30000,14.30000,17.20000,8.30000,429.79138
2019-10-07 14:43:22 UTC,605,24.70000,19.70000,23.70000,63.10000,14.30000,17.20000,8.40000,429.48123
2019-10-07 14:44:22 UTC,606,24.70000,19.80000,23.70000,63.00000,14.30000,17.20000,8.40000,429.09476
2019-10-07 14:45:22 UTC,607,24.70000,19.80000,23.70000,63.10000,14.30000,17.20000,8.40000,428.76996
2019-10-07 14:46:22 UTC,608,24.70000,19.80000,23.70000,63.20000,14.30000,17.20000,8.30000,428.61856
2019-10-07 14:47:22 UTC,609,24.70000,19.80000,23.70000,63.20000,14.30000,17.20000,8.30000,428.52097
2019-10-07 14:48:23 UTC,610,24.70000,19.80000,23.70000,63.20000,14.30000,17.20000,8.40000,428.46646
2019-10-07 14:49:22 UTC,611,24.70000,19.70000,23.70000,63.10000,14.30000,17.20000,8.40000,428.42117
2019-10-07 14:50:22 UTC,612,24.70000,19.80000,23.70000,63.20000,14.30000,17.20000,8.30000,428.52887
2019-10-07 14:51:22 UTC,613,24.70000,19.80000,23.70000,63.30000,14.30000,17.20000,8.30000,428.63919
2019-10-07 14:52:23 UTC,614,24.70000,19.80000,23.70000,63.20000,14.30000,17.20000,8.30000,428.74460
2019-10-07 14:53:22 UTC,615,24.70000,19.70000,23.70000,63.10000,14.30000,17.20000,8.40000,428.79462
2019-10-07 14:54:22 UTC,616,24.70000,19.70000,23.70000,62.90000,14.30000,17.20000,8.40000,428.76382
2019-10-07 14:55:22 UTC,617,24.70000,19.70000,23.70000,63.00000,14.30000,17.20000,8.40000,428.62320
2019-10-07 14:56:22 UTC,618,24.70000,19.80000,23.70000,62.90000,14.30000,17.20000,8.40000,428.52682
2019-10-07 14:57:22 UTC,619,24.70000,19.70000,23.70000,62.80000,14.30000,17.10000,8.50000,428.53741
2019-10-07 14:58:22 UTC,620,24.70000,19.80000,23.70000,62.90000,14.30000,17.20000,8.40000,428.37411
2019-10-07 14:59:23 UTC,621,24.70000,19.70000,23.70000,62.90000,14.30000,17.20000,8.40000,428.04932
2019-10-07 15:00:23 UTC,622,24.70000,19.70000,23.70000,62.90000,14.30000,17.20000,8.40000,427.60172
2019-10-07 15:01:23 UTC,623,24.70000,19.80000,23.70000,62.80000,14.30000,17.20000,8.40000,427.18002
2019-10-07 15:02:23 UTC,624,24.70000,19.70000,23.70000,62.90000,14.30000,17.20000,8.40000,426.75208
2019-10-07 15:03:23 UTC,625,24.70000,19.80000,23.70000,63.00000,14.30000,17.20000,8.40000,426.58102
2019-10-07 15:04:23 UTC,626,24.70000,19.80000,23.70000,62.90000,14.30000,17.20000,8.40000,426.51523
2019-10-07 15:05:22 UTC,627,24.70000,19.80000,23.70000,62.90000,14.30000,17.20000,8.40000,426.35297
2019-10-07 15:06:23 UTC,628,24.70000,19.80000,23.70000,63.00000,14.30000,17.20000,8.40000,426.32623
2019-10-07 15:07:23 UTC,629,24.70000,19.70000,23.70000,62.80000,14.30000,17.20000,8.40000,426.47543
2019-10-07 15:08:23 UTC,630,24.70000,19.70000,23.70000,62.80000,14.30000,17.20000,8.50000,426.62411
2019-10-07 15:09:23 UTC,631,24.70000,19.80000,23.70000,62.90000,14.30000,17.20000,8.40000,426.69879
2019-10-07 15:10:23 UTC,632,24.70000,19.80000,23.70000,62.90000,14.30000,17.20000,8.40000,426.72607
2019-10-07 15:11:23 UTC,633,24.70000,19.80000,23.70000,62.90000,14.30000,17.20000,8.40000,426.76331
2019-10-07 15:12:23 UTC,634,24.70000,19.80000,23.70000,63.00000,14.30000,17.20000,8.40000,426.68799
2019-10-07 15:13:23 UTC,635,24.70000,19.80000,23.70000,63.00000,14.30000,17.20000,8.40000,426.51001
2019-10-07 15:14:23 UTC,636,24.70000,19.80000,23.70000,63.10000,14.30000,17.20000,8.40000,426.29623
2019-10-07 15:15:23 UTC,637,24.70000,19.70000,23.70000,62.90000,14.30000,17.20000,8.40000,425.99518
2019-10-07 15:16:23 UTC,638,24.70000,19.70000,23.70000,63.00000,14.30000,17.20000,8.40000,425.62808
2019-10-07 15:17:23 UTC,639,24.60000,19.70000,23.70000,63.20000,14.30000,17.20000,8.30000,425.22980
2019-10-07 15:18:23 UTC,640,24.60000,19.70000,23.70000,63.10000,14.30000,17.20000,8.40000,424.89212
2019-10-07 15:19:23 UTC,641,24.60000,19.80000,23.70000,63.30000,14.30000,17.20000,8.30000,424.49963
2019-10-07 15:20:23 UTC,642,24.60000,19.70000,23.70000,63.20000,14.30000,17.20000,8.30000,423.94470
2019-10-07 15:21:23 UTC,643,24.70000,19.70000,23.70000,63.10000,14.30000,17.20000,8.40000,423.30975
2019-10-07 15:22:23 UTC,644,24.70000,19.70000,23.70000,62.90000,14.20000,17.10000,8.40000,422.64545
2019-10-07 15:23:23 UTC,645,24.70000,19.70000,23.70000,62.90000,14.30000,17.10000,8.40000,421.91016
2019-10-07 15:24:23 UTC,646,24.70000,19.70000,23.70000,62.80000,14.30000,17.10000,8.50000,421.14532
2019-10-07 15:25:23 UTC,647,24.70000,19.70000,23.70000,63.20000,14.30000,17.20000,8.30000,420.33319
2019-10-07 15:26:23 UTC,648,24.70000,19.70000,23.70000,63.00000,14.30000,17.10000,8.40000,419.65668
2019-10-07 15:27:23 UTC,649,24.70000,19.70000,23.70000,63.00000,14.30000,17.20000,8.40000,419.14816
2019-10-07 15:28:23 UTC,650,24.70000,19.70000,23.70000,63.00000,14.30000,17.20000,8.40000,418.76578
2019-10-07 15:29:23 UTC,651,24.70000,19.70000,23.70000,63.10000,14.30000,17.20000,8.40000,418.34021
2019-10-07 15:30:23 UTC,652,24.70000,19.70000,23.70000,63.00000,14.30000,17.10000,8.40000,417.92871
2019-10-07 15:31:23 UTC,653,24.70000,19.70000,23.70000,63.00000,14.30000,17.10000,8.40000,417.63452
2019-10-07 15:32:23 UTC,654,24.60000,19.70000,23.70000,63.10000,14.30000,17.20000,8.40000,417.37384
2019-10-07 15:33:23 UTC,655,24.60000,19.70000,23.70000,63.10000,14.30000,17.20000,8.40000,417.19791
2019-10-07 15:34:23 UTC,656,24.60000,19.70000,23.70000,62.90000,14.30000,17.10000,8.40000,417.23602
2019-10-07 15:35:23 UTC,657,24.60000,19.70000,23.70000,63.10000,14.30000,17.20000,8.30000,417.21735
2019-10-07 15:36:23 UTC,658,24.60000,19.70000,23.70000,63.10000,14.30000,17.20000,8.40000,416.94995
2019-10-07 15:37:23 UTC,659,24.60000,19.70000,23.70000,63.10000,14.30000,17.10000,8.40000,416.76917
2019-10-07 15:38:23 UTC,660,24.60000,19.70000,23.70000,63.00000,14.30000,17.10000,8.40000,416.74973
2019-10-07 15:39:23 UTC,661,24.60000,19.70000,23.70000,63.00000,14.20000,17.10000,8.40000,416.73355
2019-10-07 15:40:23 UTC,662,24.60000,19.70000,23.70000,63.00000,14.30000,17.10000,8.40000,416.69626
2019-10-07 15:41:23 UTC,663,24.60000,19.70000,23.60000,63.00000,14.20000,17.10000,8.40000,416.52789
2019-10-07 15:42:23 UTC,664,24.60000,19.70000,23.70000,63.10000,14.30000,17.10000,8.30000,416.33371
2019-10-07 15:43:23 UTC,665,24.60000,19.70000,23.70000,63.20000,14.30000,17.20000,8.30000,416.11298
2019-10-07 15:44:23 UTC,666,24.60000,19.70000,23.70000,63.10000,14.30000,17.10000,8.30000,415.96680
2019-10-07 15:45:23 UTC,667,24.60000,19.70000,23.60000,63.00000,14.30000,17.10000,8.40000,415.90829
2019-10-07 15:46:23 UTC,668,24.60000,19.70000,23.60000,63.00000,14.20000,17.10000,8.40000,415.90176
2019-10-07 15:47:23 UTC,669,24.60000,19.70000,23.70000,62.90000,14.20000,17.10000,8.40000,415.84152
2019-10-07 15:48:23 UTC,670,24.60000,19.70000,23.70000,63.00000,14.20000,17.10000,8.40000,415.74786
2019-10-07 15:49:23 UTC,671,24.60000,19.70000,23.60000,63.20000,14.30000,17.20000,8.30000,415.76721
2019-10-07 15:50:23 UTC,672,24.60000,19.70000,23.60000,63.10000,14.30000,17.10000,8.40000,415.78406
2019-10-07 15:51:23 UTC,673,24.60000,19.70000,23.60000,63.10000,14.30000,17.10000,8.40000,415.75284
2019-10-07 15:52:23 UTC,674,24.60000,19.70000,23.60000,63.10000,14.30000,17.20000,8.40000,415.76376
2019-10-07 15:53:23 UTC,675,24.70000,19.70000,23.60000,62.90000,14.30000,17.10000,8.40000,415.72034
2019-10-07 15:54:23 UTC,676,24.60000,19.70000,23.60000,63.00000,14.30000,17.10000,8.40000,415.62677
2019-10-07 15:55:23 UTC,677,24.70000,19.70000,23.60000,62.70000,14.20000,17.10000,8.50000,415.52081
2019-10-07 15:56:23 UTC,678,24.70000,19.70000,23.60000,62.60000,14.20000,17.10000,8.50000,415.36066
2019-10-07 15:57:23 UTC,679,24.70000,19.70000,23.60000,62.60000,14.20000,17.10000,8.50000,415.08414
2019-10-07 15:58:23 UTC,680,24.70000,19.70000,23.60000,62.70000,14.20000,17.10000,8.50000,414.73444
2019-10-07 15:59:23 UTC,681,24.70000,19.70000,23.60000,62.70000,14.20000,17.10000,8.50000,414.26492
2019-10-07 16:00:24 UTC,682,24.70000,19.70000,23.60000,62.70000,14.20000,17.10000,8.50000,413.80203
2019-10-07 16:01:23 UTC,683,24.70000,19.70000,23.60000,62.70000,14.20000,17.10000,8.50000,413.25241
2019-10-07 16:02:23 UTC,684,24.70000,19.70000,23.60000,63.00000,14.30000,17.10000,8.40000,412.85135
2019-10-07 16:03:23 UTC,685,24.70000,19.70000,23.60000,62.80000,14.20000,17.10000,8.40000,412.60565
2019-10-07 16:04:23 UTC,686,24.70000,19.70000,23.60000,62.70000,14.20000,17.10000,8.50000,412.40079
2019-10-07 16:05:23 UTC,687,24.70000,19.70000,23.60000,63.10000,14.30000,17.20000,8.40000,412.24051
2019-10-07 16:06:23 UTC,688,24.70000,19.70000,23.60000,63.00000,14.30000,17.20000,8.40000,412.09705
2019-10-07 16:07:23 UTC,689,24.60000,19.70000,23.60000,63.00000,14.30000,17.10000,8.40000,412.07767
2019-10-07 16:08:23 UTC,690,24.60000,19.70000,23.60000,63.00000,14.30000,17.10000,8.40000,412.03714
2019-10-07 16:09:23 UTC,691,24.60000,19.70000,23.60000,62.90000,14.20000,17.10000,8.40000,411.89230
2019-10-07 16:10:23 UTC,692,24.60000,19.70000,23.60000,62.90000,14.20000,17.10000,8.40000,411.80228
2019-10-07 16:11:23 UTC,693,24.60000,19.70000,23.60000,62.70000,14.20000,17.10000,8.40000,411.69302
2019-10-07 16:12:23 UTC,694,24.60000,19.70000,23.60000,62.90000,14.20000,17.10000,8.40000,411.47995
2019-10-07 16:13:23 UTC,695,24.60000,19.70000,23.60000,62.80000,14.20000,17.10000,8.40000,411.22150
2019-10-07 16:14:23 UTC,696,24.60000,19.70000,23.60000,62.90000,14.20000,17.10000,8.40000,411.02875
2019-10-07 16:15:23 UTC,697,24.60000,19.70000,23.60000,62.80000,14.20000,17.10000,8.40000,410.74005
2019-10-07 16:16:23 UTC,698,24.60000,19.70000,23.60000,63.10000,14.30000,17.10000,8.30000,410.33429
2019-10-07 16:17:23 UTC,699,24.60000,19.70000,23.60000,63.20000,14.30000,17.10000,8.30000,409.94406
2019-10-07 16:18:23 UTC,700,24.60000,19.70000,23.60000,63.20000,14.30000,17.10000,8.30000,409.65875
2019-10-07 16:19:23 UTC,701,24.60000,19.70000,23.60000,63.20000,14.30000,17.10000,8.30000,409.37671
2019-10-07 16:20:23 UTC,702,24.60000,19.70000,23.60000,63.40000,14.30000,17.20000,8.30000,408.97806
2019-10-07 16:21:23 UTC,703,24.60000,19.70000,23.60000,63.30000,14.30000,17.20000,8.30000,408.72931
2019-10-07 16:22:24 UTC,704,24.60000,19.70000,23.60000,63.20000,14.30000,17.10000,8.30000,408.52789
2019-10-07 16:23:23 UTC,705,24.60000,19.70000,23.60000,63.00000,14.20000,17.10000,8.30000,408.23267
2019-10-07 16:24:23 UTC,706,24.60000,19.70000,23.60000,63.00000,14.20000,17.10000,8.30000,408.05627
2019-10-07 16:25:23 UTC,707,24.60000,19.70000,23.60000,63.20000,14.30000,17.10000,8.30000,407.96555
2019-10-07 16:26:23 UTC,708,24.60000,19.70000,23.60000,63.20000,14.30000,17.10000,8.30000,407.95178
2019-10-07 16:27:23 UTC,709,24.60000,19.70000,23.60000,63.20000,14.30000,17.10000,8.30000,407.76651
2019-10-07 16:28:24 UTC,710,24.60000,19.70000,23.60000,63.20000,14.20000,17.10000,8.30000,407.59140
2019-10-07 16:29:24 UTC,711,24.60000,19.70000,23.60000,63.10000,14.20000,17.10000,8.30000,407.44342
2019-10-07 16:30:24 UTC,712,24.60000,19.70000,23.60000,63.10000,14.20000,17.10000,8.30000,407.24503
2019-10-07 16:31:24 UTC,713,24.60000,19.70000,23.60000,63.10000,14.20000,17.10000,8.30000,407.12415
2019-10-07 16:32:24 UTC,714,24.60000,19.70000,23.60000,63.10000,14.20000,17.10000,8.30000,406.99399
2019-10-07 16:33:24 UTC,715,24.60000,19.70000,23.60000,63.10000,14.20000,17.10000,8.30000,406.87872
2019-10-07 16:34:24 UTC,716,24.60000,19.70000,23.60000,63.30000,14.30000,17.10000,8.30000,406.74573
2019-10-07 16:35:24 UTC,717,24.60000,19.70000,23.60000,63.30000,14.30000,17.10000,8.30000,406.66470
2019-10-07 16:36:24 UTC,718,24.60000,19.70000,23.60000,63.40000,14.30000,17.20000,8.30000,406.54208
2019-10-07 16:37:24 UTC,719,24.60000,19.60000,23.60000,62.90000,14.20000,17.10000,8.40000,406.40912
2019-10-07 16:38:24 UTC,720,24.60000,19.60000,23.60000,62.90000,14.20000,17.10000,8.40000,406.41724
2019-10-07 16:39:24 UTC,721,24.60000,19.60000,23.60000,62.90000,14.20000,17.10000,8.40000,406.55444
2019-10-07 16:40:24 UTC,722,24.60000,19.60000,23.60000,63.00000,14.20000,17.10000,8.30000,406.67401
2019-10-07 16:41:24 UTC,723,24.60000,19.70000,23.60000,63.00000,14.20000,17.10000,8.40000,406.78302
2019-10-07 16:42:24 UTC,724,24.60000,19.60000,23.60000,62.90000,14.20000,17.10000,8.40000,406.85419
2019-10-07 16:43:24 UTC,725,24.60000,19.60000,23.60000,63.00000,14.20000,17.10000,8.30000,406.83325
2019-10-07 16:44:24 UTC,726,24.60000,19.70000,23.60000,63.10000,14.20000,17.10000,8.30000,406.83936
2019-10-07 16:45:24 UTC,727,24.60000,19.60000,23.60000,62.90000,14.20000,17.10000,8.40000,406.87363
2019-10-07 16:46:24 UTC,728,24.60000,19.60000,23.60000,63.00000,14.20000,17.10000,8.30000,406.82031
2019-10-07 16:47:24 UTC,729,24.60000,19.70000,23.60000,63.00000,14.20000,17.10000,8.30000,406.52783
2019-10-07 16:48:24 UTC,730,24.60000,19.60000,23.60000,62.90000,14.20000,17.10000,8.40000,406.12286
2019-10-07 16:49:24 UTC,731,24.60000,19.60000,23.60000,62.90000,14.20000,17.10000,8.40000,405.87408
2019-10-07 16:50:24 UTC,732,24.60000,19.60000,23.60000,62.90000,14.20000,17.10000,8.40000,405.52386
2019-10-07 16:51:24 UTC,733,24.60000,19.60000,23.60000,62.70000,14.20000,17.00000,8.40000,405.24384
2019-10-07 16:52:24 UTC,734,24.60000,19.70000,23.60000,62.80000,14.20000,17.10000,8.40000,404.99768
2019-10-07 16:53:24 UTC,735,24.60000,19.70000,23.60000,62.80000,14.20000,17.10000,8.40000,404.87210
2019-10-07 16:54:24 UTC,736,24.60000,19.60000,23.60000,62.70000,14.20000,17.00000,8.40000,404.78262
2019-10-07 16:55:24 UTC,737,24.60000,19.60000,23.60000,62.60000,14.20000,17.00000,8.50000,404.68182
2019-10-07 16:56:24 UTC,738,24.60000,19.60000,23.60000,62.60000,14.20000,17.00000,8.50000,404.64978
2019-10-07 16:57:24 UTC,739,24.60000,19.60000,23.60000,62.60000,14.20000,17.00000,8.50000,404.62897
2019-10-07 16:58:24 UTC,740,24.60000,19.60000,23.60000,62.70000,14.20000,17.00000,8.40000,404.54803
2019-10-07 16:59:24 UTC,741,24.60000,19.70000,23.60000,62.80000,14.20000,17.10000,8.40000,404.44824
2019-10-07 17:00:24 UTC,742,24.60000,19.70000,23.60000,63.10000,14.30000,17.10000,8.30000,404.25839
2019-10-07 17:01:24 UTC,743,24.60000,19.70000,23.60000,63.10000,14.30000,17.10000,8.30000,403.98483
2019-10-07 17:02:24 UTC,744,24.60000,19.70000,23.60000,62.80000,14.20000,17.10000,8.40000,403.59531
2019-10-07 17:03:24 UTC,745,24.60000,19.70000,23.60000,63.10000,14.30000,17.10000,8.30000,403.24542
2019-10-07 17:04:24 UTC,746,24.60000,19.70000,23.60000,63.00000,14.20000,17.10000,8.40000,402.87469
2019-10-07 17:05:24 UTC,747,24.60000,19.70000,23.60000,62.90000,14.20000,17.10000,8.40000,402.53098
2019-10-07 17:06:24 UTC,748,24.60000,19.70000,23.60000,63.00000,14.20000,17.10000,8.40000,402.22159
2019-10-07 17:07:24 UTC,749,24.60000,19.60000,23.60000,62.90000,14.20000,17.10000,8.40000,401.94919
2019-10-07 17:08:24 UTC,750,24.60000,19.60000,23.60000,63.00000,14.20000,17.10000,8.40000,401.71292
2019-10-07 17:09:24 UTC,751,24.60000,19.70000,23.60000,63.00000,14.20000,17.10000,8.30000,401.50998
2019-10-07 17:10:24 UTC,752,24.60000,19.60000,23.60000,62.80000,14.20000,17.00000,8.40000,401.33649
2019-10-07 17:11:24 UTC,753,24.60000,19.60000,23.60000,62.90000,14.20000,17.10000,8.40000,401.18839
2019-10-07 17:12:24 UTC,754,24.60000,19.60000,23.60000,62.90000,14.20000,17.10000,8.40000,401.06195
2019-10-07 17:13:24 UTC,755,24.60000,19.60000,23.60000,62.90000,14.20000,17.10000,8.40000,400.95374
2019-10-07 17:14:24 UTC,756,24.60000,19.60000,23.50000,62.90000,14.20000,17.10000,8.40000,400.86078
2019-10-07 17:15:24 UTC,757,24.60000,19.60000,23.50000,62.90000,14.20000,17.10000,8.40000,400.78067
2019-10-07 17:16:24 UTC,758,24.60000,19.60000,23.60000,62.90000,14.20000,17.00000,8.40000,400.71127
2019-10-07 17:17:24 UTC,759,24.60000,19.60000,23.60000,63.00000,14.20000,17.10000,8.30000,400.65088
2019-10-07 17:18:24 UTC,760,24.60000,19.60000,23.60000,63.00000,14.20000,17.10000,8.30000,400.59808
2019-10-07 17:19:24 UTC,761,24.50000,19.60000,23.50000,63.00000,14.20000,17.00000,8.30000,400.55167
2019-10-07 17:20:24 UTC,762,24.60000,19.60000,23.50000,62.90000,14.20000,17.00000,8.40000,400.51068
2019-10-07 17:21:24 UTC,763,24.50000,19.60000,23.50000,63.10000,14.20000,17.10000,8.30000,400.47424
2019-10-07 17:22:24 UTC,764,24.60000,19.60000,23.60000,62.90000,14.20000,17.00000,8.40000,400.44189
2019-10-07 17:23:24 UTC,765,24.50000,19.60000,23.60000,63.10000,14.20000,17.10000,8.30000,400.41296
2019-10-07 17:24:24 UTC,766,24.60000,19.60000,23.60000,63.10000,14.20000,17.10000,8.30000,400.38699
2019-10-07 17:25:24 UTC,767,24.60000,19.60000,23.50000,63.00000,14.20000,17.10000,8.30000,400.36359
2019-10-07 17:26:24 UTC,768,24.50000,19.60000,23.50000,62.90000,14.20000,17.00000,8.30000,400.38165
2019-10-07 17:27:24 UTC,769,24.50000,19.60000,23.50000,63.00000,14.20000,17.00000,8.30000,400.49258
2019-10-07 17:28:24 UTC,770,24.50000,19.60000,23.50000,63.20000,14.20000,17.10000,8.30000,400.71985
2019-10-07 17:29:24 UTC,771,24.60000,19.60000,23.50000,63.00000,14.20000,17.10000,8.30000,400.97263
2019-10-07 17:30:24 UTC,772,24.50000,19.60000,23.50000,63.00000,14.20000,17.00000,8.30000,401.09186
2019-10-07 17:31:24 UTC,773,24.60000,19.60000,23.50000,62.80000,14.10000,17.00000,8.40000,401.17538
2019-10-07 17:32:24 UTC,774,24.60000,19.60000,23.60000,62.90000,14.20000,17.00000,8.40000,401.27722
2019-10-07 17:33:24 UTC,775,24.50000,19.60000,23.60000,63.00000,14.20000,17.00000,8.30000,401.31912
2019-10-07 17:34:24 UTC,776,24.60000,19.60000,23.50000,62.90000,14.20000,17.00000,8.40000,401.25275
2019-10-07 17:35:24 UTC,777,24.50000,19.60000,23.50000,62.90000,14.20000,17.00000,8.40000,401.16177
2019-10-07 17:36:24 UTC,778,24.50000,19.60000,23.50000,62.80000,14.10000,17.00000,8.40000,401.07782
2019-10-07 17:37:25 UTC,779,24.50000,19.60000,23.60000,62.90000,14.10000,17.00000,8.30000,401.00073
2019-10-07 17:38:24 UTC,780,24.50000,19.60000,23.60000,62.70000,14.10000,17.00000,8.40000,400.93002
2019-10-07 17:39:24 UTC,781,24.50000,19.60000,23.50000,62.80000,14.10000,17.00000,8.40000,400.86533
2019-10-07 17:40:24 UTC,782,24.50000,19.60000,23.50000,62.90000,14.10000,17.00000,8.30000,400.80624
2019-10-07 17:41:24 UTC,783,24.50000,19.60000,23.50000,62.90000,14.10000,17.00000,8.30000,400.75238
2019-10-07 17:42:24 UTC,784,24.50000,19.60000,23.50000,63.00000,14.20000,17.00000,8.30000,400.70312
2019-10-07 17:43:24 UTC,785,24.50000,19.60000,23.50000,62.90000,14.10000,17.00000,8.40000,400.65823
2019-10-07 17:44:25 UTC,786,24.50000,19.60000,23.50000,62.90000,14.10000,17.00000,8.40000,400.61722
2019-10-07 17:45:24 UTC,787,24.60000,19.60000,23.50000,62.80000,14.10000,17.00000,8.40000,400.59512
2019-10-07 17:46:24 UTC,788,24.50000,19.60000,23.50000,62.80000,14.10000,17.00000,8.40000,400.64893
2019-10-07 17:47:24 UTC,789,24.50000,19.60000,23.50000,62.90000,14.20000,17.00000,8.40000,400.63028
2019-10-07 17:48:25 UTC,790,24.60000,19.60000,23.50000,62.60000,14.10000,17.00000,8.40000,400.59427
2019-10-07 17:49:25 UTC,791,24.60000,19.60000,23.50000,62.70000,14.10000,17.00000,8.40000,400.56107
2019-10-07 17:50:24 UTC,792,24.60000,19.60000,23.50000,62.60000,14.10000,17.00000,8.40000,400.53040
2019-10-07 17:51:25 UTC,793,24.60000,19.60000,23.50000,62.60000,14.10000,17.00000,8.40000,400.50201
2019-10-07 17:52:25 UTC,794,24.60000,19.60000,23.50000,62.70000,14.10000,17.00000,8.40000,400.47583
2019-10-07 17:53:25 UTC,795,24.60000,19.60000,23.50000,62.70000,14.20000,17.00000,8.40000,400.45157
2019-10-07 17:54:25 UTC,796,24.60000,19.60000,23.50000,62.80000,14.20000,17.00000,8.40000,400.42911
2019-10-07 17:55:25 UTC,797,24.60000,19.60000,23.50000,62.70000,14.20000,17.00000,8.40000,400.40826
2019-10-07 17:56:25 UTC,798,24.60000,19.60000,23.50000,62.70000,14.20000,17.00000,8.40000,400.38892
2019-10-07 17:57:25 UTC,799,24.60000,19.60000,23.50000,62.60000,14.10000,17.00000,8.40000,400.37091
2019-10-07 17:58:25 UTC,800,24.60000,19.60000,23.50000,62.70000,14.10000,17.00000,8.40000,400.35416
2019-10-07 17:59:25 UTC,801,24.60000,19.60000,23.50000,62.90000,14.20000,17.00000,8.40000,400.33850
2019-10-07 18:00:25 UTC,802,24.60000,19.60000,23.50000,62.60000,14.10000,17.00000,8.40000,400.32391
2019-10-07 18:01:25 UTC,803,24.60000,19.60000,23.50000,63.10000,14.20000,17.10000,8.30000,400.31027
2019-10-07 18:02:25 UTC,804,24.50000,19.60000,23.50000,63.10000,14.20000,17.10000,8.30000,400.29749
2019-10-07 18:03:25 UTC,805,24.50000,19.60000,23.50000,63.00000,14.20000,17.00000,8.30000,400.28552
2019-10-07 18:04:25 UTC,806,24.50000,19.60000,23.50000,62.80000,14.10000,17.00000,8.40000,400.27429
2019-10-07 18:05:25 UTC,807,24.50000,19.60000,23.50000,62.90000,14.20000,17.00000,8.40000,400.26376
2019-10-07 18:06:25 UTC,808,24.50000,19.60000,23.50000,62.70000,14.10000,17.00000,8.40000,400.25385
2019-10-07 18:07:25 UTC,809,24.50000,19.60000,23.50000,62.90000,14.10000,17.00000,8.40000,400.24451
2019-10-07 18:08:25 UTC,810,24.50000,19.60000,23.50000,62.90000,14.10000,17.00000,8.30000,400.23572
2019-10-07 18:09:25 UTC,811,24.50000,19.60000,23.50000,63.10000,14.20000,17.00000,8.30000,400.22745
2019-10-07 18:10:25 UTC,812,24.50000,19.60000,23.50000,63.00000,14.20000,17.00000,8.30000,400.21960
2019-10-07 18:11:25 UTC,813,24.50000,19.60000,23.50000,62.80000,14.10000,17.00000,8.40000,400.21219
2019-10-07 18:12:25 UTC,814,24.50000,19.60000,23.50000,62.90000,14.10000,17.00000,8.30000,400.20517
2019-10-07 18:13:25 UTC,815,24.50000,19.60000,23.50000,63.00000,14.10000,17.00000,8.30000,400.19855
2019-10-07 18:14:25 UTC,816,24.50000,19.60000,23.50000,63.00000,14.10000,17.00000,8.30000,400.19226
2019-10-07 18:15:25 UTC,817,24.50000,19.60000,23.50000,63.00000,14.10000,17.00000,8.30000,400.18631
2019-10-07 18:16:25 UTC,818,24.50000,19.60000,23.50000,63.00000,14.10000,17.00000,8.30000,400.18063
2019-10-07 18:17:25 UTC,819,24.50000,19.60000,23.50000,62.90000,14.10000,17.00000,8.30000,400.17520
2019-10-07 18:18:25 UTC,820,24.50000,19.60000,23.50000,62.80000,14.10000,17.00000,8.40000,400.17007
2019-10-07 18:19:25 UTC,821,24.50000,19.60000,23.50000,62.90000,14.10000,17.00000,8.30000,400.16522
2019-10-07 18:20:25 UTC,822,24.50000,19.60000,23.50000,62.90000,14.10000,17.00000,8.30000,400.16049
2019-10-07 18:21:25 UTC,823,24.50000,19.60000,23.50000,63.00000,14.10000,17.00000,8.30000,400.15610
2019-10-07 18:22:25 UTC,824,24.50000,19.60000,23.50000,63.00000,14.10000,17.00000,8.30000,400.15182
2019-10-07 18:23:25 UTC,825,24.50000,19.60000,23.50000,63.10000,14.10000,17.00000,8.30000,400.14780
2019-10-07 18:24:25 UTC,826,24.50000,19.60000,23.50000,63.10000,14.10000,17.00000,8.30000,400.14389
2019-10-07 18:25:25 UTC,827,24.50000,19.60000,23.50000,63.00000,14.10000,17.00000,8.30000,400.14023
2019-10-07 18:26:25 UTC,828,24.50000,19.60000,23.50000,62.90000,14.10000,17.00000,8.30000,400.13657
2019-10-07 18:27:25 UTC,829,24.50000,19.50000,23.50000,62.80000,14.10000,16.90000,8.30000,400.13327
2019-10-07 18:28:25 UTC,830,24.50000,19.60000,23.50000,62.90000,14.10000,17.00000,8.30000,400.12997
2019-10-07 18:29:25 UTC,831,24.50000,19.50000,23.50000,62.80000,14.10000,16.90000,8.40000,400.12680
2019-10-07 18:30:25 UTC,832,24.50000,19.50000,23.50000,62.80000,14.10000,16.90000,8.30000,400.12387
2019-10-07 18:31:25 UTC,833,24.50000,19.50000,23.50000,62.70000,14.10000,16.90000,8.40000,400.12094
2019-10-07 18:32:25 UTC,834,24.50000,19.60000,23.50000,63.10000,14.10000,17.00000,8.30000,400.11810
2019-10-07 18:33:25 UTC,835,24.50000,19.60000,23.50000,63.10000,14.10000,17.00000,8.30000,400.11554
2019-10-07 18:34:25 UTC,836,24.50000,19.50000,23.50000,62.90000,14.10000,17.00000,8.30000,400.11298
2019-10-07 18:35:25 UTC,837,24.50000,19.60000,23.50000,63.00000,14.10000,17.00000,8.30000,400.11041
2019-10-07 18:36:25 UTC,838,24.50000,19.50000,23.50000,62.80000,14.10000,16.90000,8.30000,400.10803
2019-10-07 18:37:25 UTC,839,24.50000,19.50000,23.50000,62.80000,14.10000,16.90000,8.30000,400.10583
2019-10-07 18:38:25 UTC,840,24.50000,19.60000,23.50000,63.10000,14.10000,17.00000,8.30000,400.10364
2019-10-07 18:39:25 UTC,841,24.50000,19.60000,23.50000,63.10000,14.10000,17.00000,8.30000,400.10144
2019-10-07 18:40:25 UTC,842,24.50000,19.60000,23.50000,63.00000,14.10000,17.00000,8.30000,400.09924
2019-10-07 18:41:25 UTC,843,24.50000,19.60000,23.50000,62.90000,14.10000,17.00000,8.30000,400.09735
2019-10-07 18:42:25 UTC,844,24.50000,19.60000,23.50000,62.90000,14.10000,17.00000,8.30000,400.09552
2019-10-07 18:43:25 UTC,845,24.50000,19.60000,23.50000,63.00000,14.10000,17.00000,8.30000,400.09369
2019-10-07 18:44:25 UTC,846,24.50000,19.60000,23.50000,62.90000,14.10000,17.00000,8.30000,400.09186
2019-10-07 18:45:25 UTC,847,24.50000,19.60000,23.50000,62.90000,14.10000,17.00000,8.30000,400.09003
2019-10-07 18:46:25 UTC,848,24.50000,19.60000,23.50000,62.80000,14.10000,17.00000,8.40000,400.08820
2019-10-07 18:47:25 UTC,849,24.50000,19.60000,23.50000,62.50000,14.10000,16.90000,8.40000,400.08667
2019-10-07 18:48:25 UTC,850,24.50000,19.60000,23.50000,62.90000,14.10000,17.00000,8.30000,400.08521
2019-10-07 18:49:25 UTC,851,24.50000,19.60000,23.50000,62.80000,14.10000,17.00000,8.40000,400.08374
2019-10-07 18:50:25 UTC,852,24.50000,19.60000,23.50000,62.80000,14.10000,17.00000,8.40000,400.08228
2019-10-07 18:51:25 UTC,853,24.50000,19.60000,23.50000,62.80000,14.10000,17.00000,8.40000,400.08081
2019-10-07 18:52:25 UTC,854,24.50000,19.60000,23.50000,62.80000,14.10000,17.00000,8.40000,400.07935
2019-10-07 18:53:25 UTC,855,24.50000,19.60000,23.40000,62.90000,14.10000,17.00000,8.30000,400.07788
2019-10-07 18:54:25 UTC,856,24.50000,19.50000,23.40000,62.80000,14.10000,16.90000,8.40000,400.07642
2019-10-07 18:55:25 UTC,857,24.50000,19.60000,23.40000,62.80000,14.10000,17.00000,8.30000,400.07520
2019-10-07 18:56:25 UTC,858,24.50000,19.50000,23.50000,62.70000,14.10000,16.90000,8.40000,400.07410
2019-10-07 18:57:25 UTC,859,24.50000,19.60000,23.40000,63.00000,14.10000,17.00000,8.30000,400.07300
2019-10-07 18:58:25 UTC,860,24.50000,19.60000,23.40000,62.80000,14.10000,17.00000,8.40000,400.07190
2019-10-07 18:59:25 UTC,861,24.50000,19.60000,23.40000,62.80000,14.10000,16.90000,8.40000,400.07080
2019-10-07 19:00:25 UTC,862,24.50000,19.60000,23.40000,62.90000,14.10000,17.00000,8.30000,400.06970
2019-10-07 19:01:25 UTC,863,24.50000,19.50000,23.40000,62.80000,14.10000,16.90000,8.30000,400.06860
2019-10-07 19:02:25 UTC,864,24.50000,19.60000,23.40000,62.90000,14.10000,17.00000,8.30000,400.06750
2019-10-07 19:03:25 UTC,865,24.50000,19.50000,23.40000,62.80000,14.10000,16.90000,8.30000,400.06641
2019-10-07 19:04:25 UTC,866,24.50000,19.50000,23.40000,62.70000,14.10000,16.90000,8.30000,400.06531
2019-10-07 19:05:25 UTC,867,24.50000,19.50000,23.40000,62.70000,14.10000,16.90000,8.40000,400.06421
2019-10-07 19:06:25 UTC,868,24.50000,19.50000,23.40000,62.70000,14.00000,16.90000,8.30000,400.06311
2019-10-07 19:07:25 UTC,869,24.40000,19.50000,23.40000,62.90000,14.10000,16.90000,8.30000,400.06216
2019-10-07 19:08:25 UTC,870,24.50000,19.50000,23.40000,62.70000,14.00000,16.90000,8.30000,400.06143
2019-10-07 19:09:25 UTC,871,24.40000,19.50000,23.40000,62.80000,14.10000,16.90000,8.30000,400.06070
2019-10-07 19:10:26 UTC,872,24.50000,19.50000,23.40000,62.70000,14.10000,16.90000,8.40000,400.05997
2019-10-07 19:11:26 UTC,873,24.50000,19.50000,23.40000,62.60000,14.00000,16.90000,8.40000,400.05923
2019-10-07 19:12:26 UTC,874,24.40000,19.50000,23.40000,62.80000,14.10000,16.90000,8.30000,400.05850
2019-10-07 19:13:26 UTC,875,24.40000,19.50000,23.40000,62.80000,14.10000,16.90000,8.30000,400.05777
2019-10-07 19:14:26 UTC,876,24.40000,19.50000,23.40000,63.00000,14.10000,16.90000,8.30000,400.05704
2019-10-07 19:15:26 UTC,877,24.40000,19.50000,23.40000,62.90000,14.10000,16.90000,8.30000,400.05630
2019-10-07 19:16:26 UTC,878,24.40000,19.50000,23.40000,63.00000,14.10000,16.90000,8.30000,400.05557
2019-10-07 19:17:26 UTC,879,24.40000,19.50000,23.40000,62.70000,14.00000,16.90000,8.30000,400.05484
2019-10-07 19:18:26 UTC,880,24.40000,19.50000,23.40000,62.70000,14.00000,16.90000,8.40000,400.05411
2019-10-07 19:19:26 UTC,881,24.40000,19.50000,23.40000,63.00000,14.10000,16.90000,8.30000,400.05338
2019-10-07 19:20:26 UTC,882,24.40000,19.50000,23.40000,62.90000,14.10000,16.90000,8.30000,400.05264
2019-10-07 19:21:26 UTC,883,24.40000,19.50000,23.40000,62.80000,14.10000,16.90000,8.30000,400.05191
2019-10-07 19:22:26 UTC,884,24.40000,19.50000,23.40000,63.00000,14.10000,16.90000,8.30000,400.05118
2019-10-07 19:23:26 UTC,885,24.40000,19.50000,23.40000,62.80000,14.10000,16.90000,8.30000,400.05045
2019-10-07 19:24:26 UTC,886,24.40000,19.50000,23.40000,62.90000,14.10000,16.90000,8.30000,400.04971
2019-10-07 19:25:26 UTC,887,24.40000,19.50000,23.40000,63.00000,14.10000,16.90000,8.30000,400.04898
2019-10-07 19:26:26 UTC,888,24.40000,19.50000,23.40000,63.10000,14.10000,16.90000,8.30000,400.04825
2019-10-07 19:27:26 UTC,889,24.40000,19.50000,23.40000,63.00000,14.10000,16.90000,8.30000,400.04752
2019-10-07 19:28:26 UTC,890,24.50000,19.50000,23.40000,62.70000,14.00000,16.90000,8.40000,400.04678
2019-10-07 19:29:26 UTC,891,24.50000,19.50000,23.40000,62.70000,14.00000,16.90000,8.40000,400.04623
2019-10-07 19:30:26 UTC,892,24.40000,19.50000,23.40000,62.80000,14.00000,16.90000,8.30000,400.04587
2019-10-07 19:31:26 UTC,893,24.40000,19.50000,23.40000,62.80000,14.00000,16.90000,8.30000,400.04550
2019-10-07 19:32:26 UTC,894,24.40000,19.50000,23.40000,62.70000,14.00000,16.90000,8.30000,400.04514
2019-10-07 19:33:26 UTC,895,24.40000,19.50000,23.40000,63.10000,14.10000,16.90000,8.20000,400.04477
2019-10-07 19:34:26 UTC,896,24.40000,19.50000,23.40000,62.90000,14.00000,16.90000,8.30000,400.04440
2019-10-07 19:35:26 UTC,897,24.40000,19.50000,23.40000,62.90000,14.00000,16.90000,8.30000,400.04404
2019-10-07 19:36:26 UTC,898,24.40000,19.50000,23.40000,62.70000,14.00000,16.90000,8.30000,400.04367
2019-10-07 19:37:26 UTC,899,24.40000,19.50000,23.40000,62.70000,14.00000,16.90000,8.30000,400.04330
2019-10-07 19:38:26 UTC,900,24.40000,19.50000,23.40000,62.50000,14.00000,16.80000,8.40000,400.04294
2019-10-07 19:39:26 UTC,901,24.40000,19.50000,23.40000,62.50000,14.00000,16.80000,8.40000,400.04257
2019-10-07 19:40:26 UTC,902,24.50000,19.50000,23.40000,62.50000,14.00000,16.80000,8.40000,400.04221
2019-10-07 19:41:26 UTC,903,24.50000,19.50000,23.40000,62.40000,14.00000,16.80000,8.40000,400.04184
2019-10-07 19:42:26 UTC,904,24.50000,19.50000,23.40000,62.40000,14.00000,16.80000,8.40000,400.04147
2019-10-07 19:43:26 UTC,905,24.50000,19.50000,23.40000,62.30000,14.00000,16.80000,8.50000,400.04111
2019-10-07 19:44:26 UTC,906,24.50000,19.50000,23.40000,62.20000,14.00000,16.80000,8.50000,400.04074
2019-10-07 19:45:26 UTC,907,24.50000,19.50000,23.40000,62.40000,14.00000,16.80000,8.40000,400.04037
2019-10-07 19:46:26 UTC,908,24.50000,19.50000,23.40000,62.20000,14.00000,16.80000,8.50000,400.04001
2019-10-07 19:47:26 UTC,909,24.50000,19.50000,23.40000,62.30000,14.00000,16.80000,8.50000,400.03964
2019-10-07 19:48:26 UTC,910,24.50000,19.50000,23.40000,62.40000,14.00000,16.80000,8.40000,400.03928
2019-10-07 19:49:26 UTC,911,24.50000,19.50000,23.40000,62.30000,14.00000,16.80000,8.50000,400.03891
2019-10-07 19:50:26 UTC,912,24.50000,19.50000,23.40000,62.50000,14.00000,16.80000,8.40000,400.03854
2019-10-07 19:51:26 UTC,913,24.50000,19.50000,23.40000,62.40000,14.00000,16.80000,8.40000,400.03818
2019-10-07 19:52:26 UTC,914,24.50000,19.40000,23.40000,62.30000,14.00000,16.80000,8.40000,400.03781
2019-10-07 19:53:26 UTC,915,24.50000,19.50000,23.40000,62.40000,14.00000,16.80000,8.40000,400.03745
2019-10-07 19:54:26 UTC,916,24.40000,19.50000,23.40000,62.40000,14.00000,16.80000,8.40000,400.03708
2019-10-07 19:55:26 UTC,917,24.40000,19.40000,23.30000,62.20000,13.90000,16.80000,8.50000,400.03671
2019-10-07 19:56:26 UTC,918,24.50000,19.40000,23.40000,62.30000,14.00000,16.80000,8.40000,400.03635
2019-10-07 19:57:26 UTC,919,24.40000,19.40000,23.40000,62.50000,14.00000,16.80000,8.40000,400.03598
2019-10-07 19:58:26 UTC,920,24.40000,19.40000,23.40000,62.50000,14.00000,16.80000,8.40000,400.03561
2019-10-07 19:59:26 UTC,921,24.40000,19.40000,23.40000,62.50000,14.00000,16.80000,8.40000,400.03525
2019-10-07 20:00:26 UTC,922,24.40000,19.50000,23.40000,62.50000,14.00000,16.80000,8.40000,400.03488
2019-10-07 20:01:26 UTC,923,24.40000,19.40000,23.40000,62.40000,14.00000,16.80000,8.40000,400.03452
2019-10-07 20:02:26 UTC,924,24.40000,19.40000,23.40000,62.40000,14.00000,16.80000,8.40000,400.03415
2019-10-07 20:03:26 UTC,925,24.40000,19.40000,23.40000,62.50000,14.00000,16.80000,8.40000,400.03378
2019-10-07 20:04:26 UTC,926,24.40000,19.40000,23.40000,62.50000,14.00000,16.80000,8.40000,400.03342
2019-10-07 20:05:26 UTC,927,24.40000,19.50000,23.40000,62.50000,14.00000,16.80000,8.40000,400.03305
2019-10-07 20:06:26 UTC,928,24.40000,19.50000,23.40000,62.60000,14.00000,16.80000,8.30000,400.03268
2019-10-07 20:07:26 UTC,929,24.40000,19.50000,23.40000,62.60000,14.00000,16.80000,8.30000,400.03232
2019-10-07 20:08:26 UTC,930,24.40000,19.40000,23.30000,62.70000,14.00000,16.80000,8.30000,400.03195
2019-10-07 20:09:26 UTC,931,24.40000,19.40000,23.40000,62.70000,14.00000,16.80000,8.30000,400.03159
2019-10-07 20:10:26 UTC,932,24.40000,19.40000,23.40000,62.40000,13.90000,16.80000,8.40000,400.03122
2019-10-07 20:11:26 UTC,933,24.40000,19.40000,23.40000,62.80000,14.00000,16.80000,8.30000,400.03085
2019-10-07 20:12:26 UTC,934,24.40000,19.40000,23.40000,62.60000,14.00000,16.80000,8.30000,400.03049
2019-10-07 20:13:26 UTC,935,24.40000,19.40000,23.40000,62.60000,14.00000,16.80000,8.30000,400.03012
2019-10-07 20:14:26 UTC,936,24.40000,19.40000,23.40000,62.70000,14.00000,16.80000,8.30000,400.02975
2019-10-07 20:15:26 UTC,937,24.40000,19.40000,23.40000,62.60000,14.00000,16.80000,8.30000,400.02939
2019-10-07 20:16:26 UTC,938,24.40000,19.40000,23.40000,62.50000,13.90000,16.80000,8.40000,400.02902
2019-10-07 20:17:26 UTC,939,24.40000,19.40000,23.40000,62.60000,14.00000,16.80000,8.30000,400.02866
2019-10-07 20:18:26 UTC,940,24.40000,19.40000,23.40000,62.70000,14.00000,16.80000,8.30000,400.02829
2019-10-07 20:19:26 UTC,941,24.40000,19.40000,23.40000,62.80000,14.00000,16.80000,8.30000,400.02792
2019-10-07 20:20:26 UTC,942,24.40000,19.40000,23.40000,62.90000,14.00000,16.80000,8.30000,400.02756
2019-10-07 20:21:26 UTC,943,24.40000,19.40000,23.40000,62.70000,14.00000,16.80000,8.30000,400.02719
2019-10-07 20:22:26 UTC,944,24.40000,19.40000,23.40000,62.50000,14.00000,16.80000,8.40000,400.02682
2019-10-07 20:23:26 UTC,945,24.40000,19.40000,23.40000,62.50000,14.00000,16.80000,8.40000,400.02646
2019-10-07 20:24:26 UTC,946,24.40000,19.40000,23.30000,62.70000,14.00000,16.80000,8.30000,400.02609
2019-10-07 20:25:26 UTC,947,24.40000,19.40000,23.30000,62.40000,13.90000,16.80000,8.40000,400.02573
2019-10-07 20:26:27 UTC,948,24.40000,19.40000,23.40000,62.20000,13.90000,16.70000,8.40000,400.02536
2019-10-07 20:27:26 UTC,949,24.40000,19.40000,23.40000,62.40000,13.90000,16.80000,8.40000,400.02499
2019-10-07 20:28:26 UTC,950,24.40000,19.40000,23.40000,62.40000,13.90000,16.80000,8.40000,400.02463
2019-10-07 20:29:26 UTC,951,24.40000,19.40000,23.30000,62.50000,13.90000,16.80000,8.40000,400.02426
2019-10-07 20:30:26 UTC,952,24.40000,19.40000,23.30000,62.40000,13.90000,16.80000,8.40000,400.02390
2019-10-07 20:31:27 UTC,953,24.40000,19.40000,23.30000,62.40000,13.90000,16.70000,8.40000,400.02380
2019-10-07 20:32:27 UTC,954,24.40000,19.40000,23.40000,62.20000,13.90000,16.70000,8.40000,400.02380
2019-10-07 20:33:27 UTC,955,24.40000,19.40000,23.40000,62.40000,13.90000,16.70000,8.40000,400.02380
2019-10-07 20:34:27 UTC,956,24.40000,19.40000,23.40000,62.30000,13.90000,16.70000,8.40000,400.02380
2019-10-07 20:35:27 UTC,957,24.40000,19.40000,23.40000,62.40000,13.90000,16.80000,8.40000,400.02380
2019-10-07 20:36:27 UTC,958,24.40000,19.40000,23.40000,62.30000,13.90000,16.80000,8.40000,400.02380
2019-10-07 20:37:27 UTC,959,24.40000,19.40000,23.40000,62.40000,13.90000,16.80000,8.40000,400.02380
2019-10-07 20:38:27 UTC,960,24.40000,19.40000,23.40000,62.50000,14.00000,16.80000,8.40000,400.02380
2019-10-07 20:39:27 UTC,961,24.40000,19.40000,23.40000,62.60000,14.00000,16.80000,8.40000,400.02380
2019-10-07 20:40:27 UTC,962,24.40000,19.40000,23.40000,62.20000,13.90000,16.80000,8.50000,400.02380
2019-10-07 20:41:27 UTC,963,24.40000,19.40000,23.40000,62.40000,14.00000,16.80000,8.40000,400.02380
2019-10-07 20:42:27 UTC,964,24.40000,19.40000,23.40000,62.40000,13.90000,16.80000,8.40000,400.02380
2019-10-07 20:43:27 UTC,965,24.50000,19.40000,23.40000,62.10000,13.90000,16.70000,8.50000,400.02380
2019-10-07 20:44:27 UTC,966,24.40000,19.40000,23.40000,62.50000,14.00000,16.80000,8.40000,400.02380
2019-10-07 20:45:27 UTC,967,24.40000,19.40000,23.40000,62.40000,13.90000,16.80000,8.40000,400.02380
2019-10-07 20:46:27 UTC,968,24.40000,19.40000,23.40000,62.40000,13.90000,16.80000,8.40000,400.02380
2019-10-07 20:47:27 UTC,969,24.40000,19.40000,23.40000,62.50000,14.00000,16.80000,8.40000,400.02380
2019-10-07 20:48:27 UTC,970,24.40000,19.40000,23.40000,62.40000,13.90000,16.80000,8.40000,400.02380
2019-10-07 20:49:27 UTC,971,24.40000,19.40000,23.40000,62.50000,13.90000,16.80000,8.40000,400.02380
2019-10-07 20:50:27 UTC,972,24.40000,19.40000,23.30000,62.40000,13.90000,16.70000,8.40000,400.02380
2019-10-07 20:51:27 UTC,973,24.40000,19.40000,23.30000,62.40000,13.90000,16.70000,8.40000,400.02380
2019-10-07 20:52:27 UTC,974,24.40000,19.40000,23.30000,62.50000,13.90000,16.70000,8.40000,400.02380
2019-10-07 20:53:27 UTC,975,24.40000,19.40000,23.30000,62.60000,13.90000,16.80000,8.30000,400.02380
2019-10-07 20:54:27 UTC,976,24.40000,19.40000,23.30000,62.70000,14.00000,16.80000,8.30000,400.02380
2019-10-07 20:55:27 UTC,977,24.30000,19.40000,23.30000,63.00000,14.00000,16.90000,8.20000,400.02380
2019-10-07 20:56:27 UTC,978,24.30000,19.40000,23.30000,62.80000,14.00000,16.80000,8.30000,400.02380
2019-10-07 20:57:27 UTC,979,24.30000,19.40000,23.30000,62.80000,14.00000,16.80000,8.30000,400.02380
2019-10-07 20:58:27 UTC,980,24.30000,19.40000,23.30000,62.80000,14.00000,16.80000,8.30000,400.02380
2019-10-07 20:59:27 UTC,981,24.30000,19.40000,23.30000,62.70000,13.90000,16.80000,8.30000,400.02380
2019-10-07 21:00:27 UTC,982,24.30000,19.40000,23.30000,62.60000,13.90000,16.70000,8.30000,400.02380
2019-10-07 21:01:27 UTC,983,24.30000,19.40000,23.30000,62.60000,13.90000,16.80000,8.30000,400.02380
2019-10-07 21:02:27 UTC,984,24.30000,19.40000,23.30000,62.70000,13.90000,16.80000,8.30000,400.02380
2019-10-07 21:03:27 UTC,985,24.30000,19.40000,23.30000,62.70000,14.00000,16.80000,8.30000,400.02380
2019-10-07 21:04:27 UTC,986,24.40000,19.40000,23.30000,62.50000,13.90000,16.80000,8.30000,400.02380
2019-10-07 21:05:27 UTC,987,24.30000,19.40000,23.30000,62.80000,14.00000,16.80000,8.30000,400.02380
2019-10-07 21:06:27 UTC,988,24.30000,19.40000,23.30000,62.80000,14.00000,16.80000,8.30000,400.02380
2019-10-07 21:07:27 UTC,989,24.30000,19.40000,23.30000,63.00000,14.00000,16.80000,8.20000,400.02380
2019-10-07 21:08:27 UTC,990,24.30000,19.40000,23.30000,62.70000,13.90000,16.80000,8.30000,400.02380
2019-10-07 21:09:27 UTC,991,24.30000,19.40000,23.30000,62.70000,13.90000,16.80000,8.30000,400.02380
2019-10-07 21:10:27 UTC,992,24.40000,19.40000,23.30000,62.40000,13.90000,16.70000,8.40000,400.02380
2019-10-07 21:11:27 UTC,993,24.30000,19.40000,23.30000,62.60000,13.90000,16.70000,8.30000,400.02380
2019-10-07 21:12:27 UTC,994,24.30000,19.40000,23.30000,62.60000,13.90000,16.70000,8.30000,400.02380
2019-10-07 21:13:27 UTC,995,24.30000,19.40000,23.30000,62.70000,13.90000,16.80000,8.30000,400.02380
2019-10-07 21:14:27 UTC,996,24.30000,19.40000,23.30000,62.60000,13.90000,16.70000,8.30000,400.02380
2019-10-07 21:15:28 UTC,997,24.30000,19.40000,23.30000,62.70000,13.90000,16.70000,8.30000,400.02380
2019-10-07 21:16:27 UTC,998,24.30000,19.40000,23.30000,62.70000,13.90000,16.70000,8.30000,400.02380
2019-10-07 21:17:27 UTC,999,24.30000,19.30000,23.30000,62.60000,13.90000,16.70000,8.30000,400.02380
2019-10-07 21:18:27 UTC,1000,24.30000,19.40000,23.30000,62.70000,13.90000,16.80000,8.30000,400.02380
2019-10-07 21:19:27 UTC,1001,24.30000,19.40000,23.30000,62.70000,13.90000,16.80000,8.30000,400.02380
2019-10-07 21:20:27 UTC,1002,24.30000,19.40000,23.30000,62.70000,13.90000,16.80000,8.30000,400.02380
2019-10-07 21:21:27 UTC,1003,24.30000,19.40000,23.30000,62.70000,13.90000,16.80000,8.30000,400.02380
2019-10-07 21:22:27 UTC,1004,24.30000,19.40000,23.40000,62.70000,13.90000,16.80000,8.30000,400.02380
2019-10-07 21:23:27 UTC,1005,24.30000,19.40000,23.30000,62.60000,13.90000,16.70000,8.30000,400.02380
2019-10-07 21:24:27 UTC,1006,24.30000,19.40000,23.30000,62.60000,13.90000,16.70000,8.30000,400.02380
2019-10-07 21:25:27 UTC,1007,24.30000,19.40000,23.30000,62.70000,13.90000,16.80000,8.30000,400.02380
2019-10-07 21:26:27 UTC,1008,24.30000,19.40000,23.30000,62.70000,13.90000,16.70000,8.30000,400.02380
2019-10-07 21:27:27 UTC,1009,24.30000,19.40000,23.30000,62.60000,13.90000,16.70000,8.30000,400.02380
2019-10-07 21:28:27 UTC,1010,24.30000,19.40000,23.30000,62.50000,13.90000,16.70000,8.30000,400.02380
2019-10-07 21:29:27 UTC,1011,24.30000,19.40000,23.30000,62.50000,13.90000,16.70000,8.30000,400.02380
2019-10-07 21:30:27 UTC,1012,24.30000,19.40000,23.30000,62.70000,13.90000,16.80000,8.30000,400.02380
2019-10-07 21:31:27 UTC,1013,24.30000,19.40000,23.30000,62.60000,13.90000,16.70000,8.30000,400.02380
2019-10-07 21:32:27 UTC,1014,24.30000,19.30000,23.30000,62.40000,13.90000,16.70000,8.40000,400.02380
2019-10-07 21:33:27 UTC,1015,24.30000,19.30000,23.30000,62.40000,13.90000,16.70000,8.40000,400.02380
2019-10-07 21:34:27 UTC,1016,24.40000,19.40000,23.30000,62.30000,13.90000,16.70000,8.40000,400.02380
2019-10-07 21:35:27 UTC,1017,24.40000,19.40000,23.30000,62.30000,13.90000,16.70000,8.40000,400.02380
2019-10-07 21:36:27 UTC,1018,24.30000,19.40000,23.30000,62.50000,13.90000,16.70000,8.30000,400.02380
2019-10-07 21:37:27 UTC,1019,24.30000,19.40000,23.30000,62.50000,13.90000,16.70000,8.40000,400.02380
2019-10-07 21:38:27 UTC,1020,24.40000,19.40000,23.30000,62.40000,13.90000,16.70000,8.40000,400.02380
2019-10-07 21:39:27 UTC,1021,24.40000,19.40000,23.30000,62.60000,13.90000,16.80000,8.30000,400.02380
2019-10-07 21:40:27 UTC,1022,24.40000,19.40000,23.30000,62.50000,13.90000,16.80000,8.30000,400.02380
2019-10-07 21:41:27 UTC,1023,24.30000,19.40000,23.30000,62.70000,13.90000,16.80000,8.30000,400.02380
2019-10-07 21:42:27 UTC,1024,24.30000,19.40000,23.30000,62.50000,13.90000,16.70000,8.30000,400.02380
2019-10-07 21:43:27 UTC,1025,24.30000,19.40000,23.30000,62.40000,13.90000,16.70000,8.40000,400.02380
2019-10-07 21:44:28 UTC,1026,24.40000,19.40000,23.30000,62.40000,13.90000,16.70000,8.40000,400.02380
2019-10-07 21:45:27 UTC,1027,24.30000,19.40000,23.30000,62.60000,13.90000,16.80000,8.30000,400.02380
2019-10-07 21:46:27 UTC,1028,24.30000,19.40000,23.30000,62.80000,14.00000,16.80000,8.30000,400.02380
2019-10-07 21:47:27 UTC,1029,24.30000,19.40000,23.30000,62.50000,13.90000,16.70000,8.30000,400.02380
2019-10-07 21:48:27 UTC,1030,24.30000,19.30000,23.30000,62.50000,13.90000,16.70000,8.30000,400.02380
2019-10-07 21:49:27 UTC,1031,24.30000,19.30000,23.30000,62.50000,13.90000,16.70000,8.30000,400.02380
2019-10-07 21:50:27 UTC,1032,24.30000,19.40000,23.30000,62.50000,13.90000,16.70000,8.30000,400.02380
2019-10-07 21:51:29 UTC,1033,24.30000,19.40000,23.30000,62.70000,13.90000,16.70000,8.30000,400.02380
2019-10-07 21:52:28 UTC,1034,24.30000,19.30000,23.30000,62.50000,13.90000,16.70000,8.30000,400.02380
2019-10-07 21:53:28 UTC,1035,24.30000,19.40000,23.30000,62.60000,13.90000,16.70000,8.30000,400.02380
2019-10-07 21:54:28 UTC,1036,24.30000,19.40000,23.30000,62.80000,13.90000,16.80000,8.30000,400.02380
2019-10-07 21:55:28 UTC,1037,24.30000,19.30000,23.30000,62.60000,13.90000,16.70000,8.30000,400.02380
2019-10-07 21:56:28 UTC,1038,24.30000,19.30000,23.30000,62.40000,13.90000,16.70000,8.40000,400.02380
2019-10-07 21:57:28 UTC,1039,24.30000,19.30000,23.30000,62.50000,13.90000,16.70000,8.30000,400.02380
2019-10-07 21:58:28 UTC,1040,24.30000,19.30000,23.30000,62.70000,13.90000,16.70000,8.30000,400.02380
2019-10-07 21:59:28 UTC,1041,24.30000,19.30000,23.30000,62.70000,13.90000,16.70000,8.30000,400.02380
2019-10-07 22:00:29 UTC,1042,24.30000,19.40000,23.30000,62.70000,13.90000,16.70000,8.30000,400.02380
2019-10-07 22:01:29 UTC,1043,24.30000,19.40000,23.30000,62.90000,14.00000,16.80000,8.20000,400.02380
2019-10-07 22:02:29 UTC,1044,24.30000,19.40000,23.30000,62.80000,13.90000,16.70000,8.30000,400.02380
2019-10-07 22:03:29 UTC,1045,24.30000,19.40000,23.30000,62.70000,13.90000,16.70000,8.30000,400.02380
2019-10-07 22:04:29 UTC,1046,24.30000,19.30000,23.30000,62.50000,13.90000,16.70000,8.30000,400.02380
2019-10-07 22:05:29 UTC,1047,24.30000,19.30000,23.30000,62.50000,13.90000,16.70000,8.30000,400.02380
2019-10-07 22:06:29 UTC,1048,24.30000,19.30000,23.30000,62.50000,13.90000,16.70000,8.30000,400.02380
2019-10-07 22:07:29 UTC,1049,24.30000,19.30000,23.30000,62.70000,13.90000,16.70000,8.30000,400.02380
2019-10-07 22:08:29 UTC,1050,24.30000,19.30000,23.30000,62.60000,13.90000,16.70000,8.30000,400.02380
2019-10-07 22:09:29 UTC,1051,24.30000,19.30000,23.30000,62.70000,13.90000,16.70000,8.30000,400.02380
2019-10-07 22:10:29 UTC,1052,24.30000,19.30000,23.30000,62.60000,13.90000,16.70000,8.30000,400.02380
2019-10-07 22:11:29 UTC,1053,24.30000,19.30000,23.30000,62.50000,13.90000,16.70000,8.30000,400.02380
2019-10-07 22:12:29 UTC,1054,24.30000,19.30000,23.30000,62.50000,13.90000,16.70000,8.30000,400.02380
2019-10-07 22:13:29 UTC,1055,24.30000,19.30000,23.30000,62.30000,13.80000,16.60000,8.40000,400.02380
2019-10-07 22:14:29 UTC,1056,24.30000,19.30000,23.30000,62.60000,13.90000,16.70000,8.30000,400.02380
2019-10-07 22:15:29 UTC,1057,24.30000,19.30000,23.30000,62.60000,13.90000,16.70000,8.30000,400.02380
2019-10-07 22:16:29 UTC,1058,24.30000,19.30000,23.30000,62.50000,13.90000,16.70000,8.30000,400.02380
2019-10-07 22:17:29 UTC,1059,24.30000,19.30000,23.30000,62.60000,13.90000,16.70000,8.30000,400.02380
2019-10-07 22:18:29 UTC,1060,24.30000,19.30000,23.30000,62.60000,13.90000,16.70000,8.30000,400.02380
2019-10-07 22:19:29 UTC,1061,24.30000,19.30000,23.30000,62.70000,13.90000,16.70000,8.30000,400.02380
2019-10-07 22:20:29 UTC,1062,24.30000,19.30000,23.30000,62.70000,13.90000,16.70000,8.30000,400.02380
2019-10-07 22:21:29 UTC,1063,24.30000,19.30000,23.30000,62.70000,13.90000,16.70000,8.30000,400.02380
2019-10-07 22:22:29 UTC,1064,24.30000,19.30000,23.30000,62.60000,13.90000,16.70000,8.30000,400.02380
2019-10-07 22:23:29 UTC,1065,24.30000,19.30000,23.30000,62.60000,13.90000,16.70000,8.30000,400.02380
2019-10-07 22:24:29 UTC,1066,24.30000,19.30000,23.30000,62.70000,13.90000,16.70000,8.30000,400.02380
2019-10-07 22:25:29 UTC,1067,24.30000,19.30000,23.30000,62.70000,13.90000,16.70000,8.30000,400.02380
2019-10-07 22:26:29 UTC,1068,24.30000,19.30000,23.30000,62.60000,13.90000,16.70000,8.30000,400.02380
2019-10-07 22:27:29 UTC,1069,24.30000,19.30000,23.30000,62.50000,13.90000,16.70000,8.30000,400.02380
2019-10-07 22:28:29 UTC,1070,24.30000,19.30000,23.30000,62.40000,13.90000,16.70000,8.30000,400.02380
2019-10-07 22:29:29 UTC,1071,24.30000,19.30000,23.30000,62.40000,13.90000,16.70000,8.40000,400.02380
2019-10-07 22:30:29 UTC,1072,24.30000,19.30000,23.30000,62.40000,13.90000,16.70000,8.40000,400.02380
2019-10-07 22:31:29 UTC,1073,24.30000,19.30000,23.30000,62.50000,13.90000,16.70000,8.30000,400.02380
2019-10-07 22:32:29 UTC,1074,24.30000,19.30000,23.30000,62.40000,13.90000,16.70000,8.30000,400.02380
2019-10-07 22:33:29 UTC,1075,24.30000,19.40000,23.30000,62.40000,13.90000,16.70000,8.40000,400.02380
2019-10-07 22:34:29 UTC,1076,24.30000,19.30000,23.30000,62.30000,13.90000,16.70000,8.40000,400.02380
2019-10-07 22:35:29 UTC,1077,24.30000,19.40000,23.30000,62.40000,13.90000,16.70000,8.40000,400.02380
2019-10-07 22:36:29 UTC,1078,24.30000,19.40000,23.30000,62.60000,13.90000,16.70000,8.30000,400.02380
2019-10-07 22:37:29 UTC,1079,24.30000,19.40000,23.30000,62.60000,13.90000,16.70000,8.30000,400.02380
2019-10-07 22:38:29 UTC,1080,24.30000,19.40000,23.30000,62.60000,13.90000,16.70000,8.30000,400.02380
2019-10-07 22:39:29 UTC,1081,24.30000,19.30000,23.30000,62.40000,13.90000,16.70000,8.40000,400.02380
2019-10-07 22:40:29 UTC,1082,24.30000,19.40000,23.40000,62.50000,13.90000,16.70000,8.30000,400.02380
2019-10-07 22:41:29 UTC,1083,24.30000,19.40000,23.30000,62.60000,13.90000,16.70000,8.30000,400.02380
2019-10-07 22:42:29 UTC,1084,24.30000,19.40000,23.30000,62.70000,13.90000,16.70000,8.30000,400.02380
2019-10-07 22:43:29 UTC,1085,24.30000,19.40000,23.30000,62.60000,13.90000,16.70000,8.30000,400.02380
2019-10-07 22:44:29 UTC,1086,24.30000,19.40000,23.30000,62.50000,13.90000,16.70000,8.30000,400.02380
2019-10-07 22:45:29 UTC,1087,24.30000,19.40000,23.40000,62.60000,13.90000,16.70000,8.30000,400.02380
2019-10-07 22:46:29 UTC,1088,24.30000,19.30000,23.30000,62.40000,13.90000,16.70000,8.30000,400.02380
2019-10-07 22:47:29 UTC,1089,24.30000,19.30000,23.30000,62.40000,13.90000,16.70000,8.40000,400.02380
2019-10-07 22:48:29 UTC,1090,24.30000,19.30000,23.30000,62.50000,13.90000,16.70000,8.30000,400.02380
2019-10-07 22:49:29 UTC,1091,24.30000,19.30000,23.40000,62.50000,13.90000,16.70000,8.30000,400.02380
2019-10-07 22:50:29 UTC,1092,24.30000,19.30000,23.30000,62.50000,13.90000,16.70000,8.30000,400.02380
2019-10-07 22:51:29 UTC,1093,24.30000,19.30000,23.30000,62.50000,13.90000,16.70000,8.30000,400.02380
2019-10-07 22:52:29 UTC,1094,24.30000,19.30000,23.30000,62.30000,13.80000,16.60000,8.40000,400.02380
2019-10-07 22:53:29 UTC,1095,24.30000,19.30000,23.40000,62.50000,13.90000,16.70000,8.30000,400.02380
2019-10-07 22:54:29 UTC,1096,24.30000,19.30000,23.40000,62.60000,13.90000,16.70000,8.30000,400.02380
2019-10-07 22:55:29 UTC,1097,24.30000,19.30000,23.30000,62.70000,13.90000,16.70000,8.30000,400.02380
2019-10-07 22:56:29 UTC,1098,24.30000,19.30000,23.30000,62.70000,13.90000,16.70000,8.30000,400.02380
2019-10-07 22:57:29 UTC,1099,24.30000,19.30000,23.30000,62.60000,13.90000,16.70000,8.30000,400.02380
2019-10-07 22:58:29 UTC,1100,24.30000,19.30000,23.30000,62.60000,13.90000,16.70000,8.30000,400.02380
2019-10-07 22:59:29 UTC,1101,24.30000,19.40000,23.30000,62.80000,13.90000,16.80000,8.20000,400.02380
2019-10-07 23:00:29 UTC,1102,24.30000,19.40000,23.10000,63.00000,14.00000,16.80000,8.20000,400.02380
2019-10-07 23:01:29 UTC,1103,24.30000,19.40000,23.00000,63.40000,14.00000,16.90000,8.10000,400.02380
2019-10-07 23:02:29 UTC,1104,24.30000,19.40000,22.90000,63.40000,14.00000,16.90000,8.10000,400.02380
2019-10-07 23:03:29 UTC,1105,24.30000,19.40000,22.70000,63.20000,14.00000,16.80000,8.10000,400.02380
2019-10-07 23:04:29 UTC,1106,24.20000,19.40000,22.60000,63.10000,14.00000,16.80000,8.20000,400.02380
2019-10-07 23:05:29 UTC,1107,24.20000,19.30000,22.40000,63.00000,13.90000,16.70000,8.20000,400.02380
2019-10-07 23:06:29 UTC,1108,24.20000,19.30000,22.30000,63.00000,13.90000,16.70000,8.20000,400.02380
2019-10-07 23:07:29 UTC,1109,24.20000,19.30000,22.20000,63.00000,13.90000,16.70000,8.10000,400.02380
2019-10-07 23:08:29 UTC,1110,24.20000,19.30000,22.10000,62.80000,13.80000,16.70000,8.20000,400.02380
2019-10-07 23:09:29 UTC,1111,24.10000,19.20000,22.10000,62.90000,13.80000,16.60000,8.20000,400.02380
2019-10-07 23:10:29 UTC,1112,24.10000,19.30000,22.10000,62.90000,13.80000,16.70000,8.20000,400.02380
2019-10-07 23:11:29 UTC,1113,24.20000,19.30000,22.10000,62.80000,13.80000,16.60000,8.20000,400.02380
2019-10-07 23:12:29 UTC,1114,24.10000,19.20000,22.00000,62.80000,13.80000,16.60000,8.20000,400.02380
2019-10-07 23:13:29 UTC,1115,24.10000,19.20000,21.90000,62.60000,13.80000,16.60000,8.20000,400.02380
2019-10-07 23:14:29 UTC,1116,24.10000,19.20000,21.90000,62.40000,13.70000,16.50000,8.30000,400.02380
2019-10-07 23:15:29 UTC,1117,24.10000,19.20000,21.90000,62.50000,13.80000,16.50000,8.30000,400.02380
2019-10-07 23:16:29 UTC,1118,24.10000,19.20000,21.90000,62.30000,13.70000,16.50000,8.30000,400.02380
2019-10-07 23:17:29 UTC,1119,24.10000,19.20000,21.80000,62.40000,13.70000,16.50000,8.30000,400.02380
2019-10-07 23:18:29 UTC,1120,24.10000,19.10000,21.80000,62.30000,13.70000,16.50000,8.30000,400.02380
2019-10-07 23:19:29 UTC,1121,24.10000,19.10000,21.80000,62.30000,13.70000,16.40000,8.30000,400.02380
2019-10-07 23:20:29 UTC,1122,24.10000,19.10000,21.70000,62.30000,13.70000,16.50000,8.30000,400.02380
2019-10-07 23:21:29 UTC,1123,24.10000,19.20000,21.70000,62.40000,13.70000,16.50000,8.30000,400.02380
2019-10-07 23:22:30 UTC,1124,24.10000,19.20000,21.70000,62.60000,13.70000,16.50000,8.20000,400.02380
2019-10-07 23:23:29 UTC,1125,24.10000,19.20000,21.70000,62.50000,13.70000,16.50000,8.20000,400.02380
2019-10-07 23:24:30 UTC,1126,24.10000,19.20000,21.70000,62.50000,13.70000,16.50000,8.20000,400.02859
2019-10-07 23:25:29 UTC,1127,24.10000,19.20000,21.60000,62.40000,13.70000,16.50000,8.20000,400.04257
2019-10-07 23:26:30 UTC,1128,24.10000,19.10000,21.60000,62.20000,13.70000,16.40000,8.30000,400.06796
2019-10-07 23:27:30 UTC,1129,24.10000,19.20000,21.60000,62.50000,13.70000,16.50000,8.20000,400.11374
2019-10-07 23:28:30 UTC,1130,24.10000,19.20000,21.60000,62.40000,13.70000,16.50000,8.30000,400.19107
2019-10-07 23:29:30 UTC,1131,24.10000,19.20000,21.60000,62.50000,13.70000,16.50000,8.20000,400.33658
2019-10-07 23:30:30 UTC,1132,24.10000,19.20000,21.60000,62.50000,13.70000,16.50000,8.20000,400.56833
2019-10-07 23:31:30 UTC,1133,24.10000,19.10000,21.60000,62.40000,13.70000,16.50000,8.30000,400.88055
2019-10-07 23:32:30 UTC,1134,24.10000,19.10000,21.50000,62.50000,13.70000,16.50000,8.20000,401.23856
2019-10-07 23:33:30 UTC,1135,24.10000,19.20000,21.40000,62.40000,13.70000,16.50000,8.30000,401.71591
2019-10-07 23:34:30 UTC,1136,24.10000,19.20000,21.30000,62.30000,13.70000,16.50000,8.30000,402.17734
2019-10-07 23:35:31 UTC,1137,24.10000,19.10000,21.30000,62.10000,13.70000,16.40000,8.30000,402.70218
2019-10-07 23:36:31 UTC,1138,24.10000,19.10000,21.40000,62.20000,13.60000,16.40000,8.30000,403.18210
2019-10-07 23:37:30 UTC,1139,24.10000,19.10000,21.40000,62.20000,13.70000,16.40000,8.30000,403.46796
2019-10-07 23:38:30 UTC,1140,24.10000,19.10000,21.40000,62.00000,13.60000,16.40000,8.30000,403.70175
2019-10-07 23:39:30 UTC,1141,24.10000,19.10000,21.40000,62.10000,13.60000,16.40000,8.30000,404.05121
2019-10-07 23:40:30 UTC,1142,24.10000,19.10000,21.40000,61.80000,13.60000,16.40000,8.40000,404.54523
2019-10-07 23:41:30 UTC,1143,24.10000,19.10000,21.40000,61.80000,13.60000,16.40000,8.40000,405.13568
2019-10-07 23:42:32 UTC,1144,24.10000,19.10000,21.40000,61.90000,13.60000,16.40000,8.40000,405.96658
2019-10-07 23:43:31 UTC,1145,24.10000,19.10000,21.50000,61.80000,13.60000,16.40000,8.40000,406.82748
2019-10-07 23:44:31 UTC,1146,24.10000,19.10000,21.50000,61.80000,13.60000,16.40000,8.40000,407.46585
2019-10-07 23:45:31 UTC,1147,24.20000,19.10000,21.50000,61.80000,13.60000,16.40000,8.40000,408.23849
2019-10-07 23:46:31 UTC,1148,24.10000,19.10000,21.40000,61.80000,13.60000,16.40000,8.40000,408.89539
2019-10-07 23:47:31 UTC,1149,24.20000,19.10000,21.40000,61.60000,13.60000,16.30000,8.40000,409.56827
2019-10-07 23:48:32 UTC,1150,24.20000,19.10000,21.50000,61.70000,13.60000,16.40000,8.40000,410.25714
2019-10-07 23:49:31 UTC,1151,24.20000,19.10000,21.40000,61.60000,13.60000,16.30000,8.50000,410.91055
2019-10-07 23:50:31 UTC,1152,24.10000,19.00000,21.40000,61.30000,13.50000,16.20000,8.50000,411.37054
2019-10-07 23:51:31 UTC,1153,24.20000,19.00000,21.50000,61.30000,13.50000,16.30000,8.50000,411.54208
2019-10-07 23:52:31 UTC,1154,24.20000,19.00000,21.50000,61.00000,13.50000,16.20000,8.60000,411.46283
2019-10-07 23:53:31 UTC,1155,24.20000,19.00000,21.50000,61.10000,13.50000,16.20000,8.60000,411.17331
2019-10-07 23:54:31 UTC,1156,24.20000,19.00000,21.60000,60.90000,13.50000,16.20000,8.60000,410.78897
2019-10-07 23:55:31 UTC,1157,24.20000,19.00000,21.60000,61.00000,13.50000,16.20000,8.60000,410.18045
2019-10-07 23:56:31 UTC,1158,24.20000,19.00000,21.70000,61.00000,13.50000,16.20000,8.60000,409.44492
2019-10-07 23:57:31 UTC,1159,24.20000,19.00000,21.70000,61.00000,13.50000,16.20000,8.60000,408.51987
2019-10-07 23:58:31 UTC,1160,24.20000,19.00000,21.70000,60.90000,13.50000,16.20000,8.60000,407.38388
2019-10-07 23:59:31 UTC,1161,24.20000,19.00000,21.70000,60.90000,13.50000,16.20000,8.60000,406.18671
2019-10-08 00:00:31 UTC,1162,24.20000,19.10000,21.80000,60.90000,13.50000,16.20000,8.60000,404.93851
2019-10-08 00:01:31 UTC,1163,24.30000,19.10000,21.80000,61.00000,13.50000,16.30000,8.60000,403.86606
2019-10-08 00:02:31 UTC,1164,24.30000,19.00000,21.80000,60.70000,13.40000,16.20000,8.70000,403.39883
2019-10-08 00:03:31 UTC,1165,24.30000,19.10000,21.90000,60.90000,13.50000,16.20000,8.70000,403.14996
2019-10-08 00:04:31 UTC,1166,24.30000,19.00000,21.90000,60.60000,13.40000,16.20000,8.70000,402.79431
2019-10-08 00:05:31 UTC,1167,24.30000,19.00000,21.80000,60.70000,13.40000,16.20000,8.70000,402.40692
2019-10-08 00:06:31 UTC,1168,24.30000,19.00000,21.80000,60.60000,13.40000,16.20000,8.70000,402.02921
2019-10-08 00:07:31 UTC,1169,24.30000,19.00000,21.90000,60.60000,13.40000,16.20000,8.70000,401.72339
2019-10-08 00:08:31 UTC,1170,24.30000,19.00000,21.90000,60.70000,13.40000,16.20000,8.70000,401.47638
2019-10-08 00:09:31 UTC,1171,24.30000,19.00000,21.90000,60.60000,13.40000,16.20000,8.70000,401.35724
2019-10-08 00:10:32 UTC,1172,24.30000,19.00000,21.80000,60.40000,13.40000,16.20000,8.80000,401.37396
2019-10-08 00:11:32 UTC,1173,24.30000,19.00000,21.80000,60.30000,13.40000,16.10000,8.80000,401.32227
2019-10-08 00:12:32 UTC,1174,24.30000,19.00000,21.90000,60.10000,13.40000,16.10000,8.90000,401.33191
2019-10-08 00:13:32 UTC,1175,24.40000,19.00000,22.00000,59.90000,13.30000,16.10000,8.90000,401.48087
2019-10-08 00:14:32 UTC,1176,24.40000,19.00000,21.90000,59.80000,13.30000,16.10000,9.00000,401.80515
2019-10-08 00:15:32 UTC,1177,24.40000,19.00000,21.90000,59.80000,13.30000,16.10000,9.00000,402.45352
2019-10-08 00:16:32 UTC,1178,24.40000,19.00000,21.80000,59.70000,13.30000,16.00000,9.00000,402.98615
2019-10-08 00:17:31 UTC,1179,24.40000,19.00000,21.80000,59.70000,13.30000,16.10000,9.00000,403.50299
2019-10-08 00:18:32 UTC,1180,24.40000,19.00000,21.80000,59.70000,13.30000,16.00000,9.00000,403.81000
2019-10-08 00:19:32 UTC,1181,24.40000,19.00000,21.80000,59.70000,13.30000,16.00000,9.00000,403.84540
2019-10-08 00:20:32 UTC,1182,24.30000,19.00000,21.80000,59.80000,13.30000,16.00000,8.90000,403.74139
2019-10-08 00:21:32 UTC,1183,24.30000,19.00000,21.80000,59.70000,13.30000,16.00000,9.00000,403.49695
2019-10-08 00:22:32 UTC,1184,24.30000,19.00000,21.80000,60.00000,13.30000,16.10000,8.90000,403.20148
2019-10-08 00:23:32 UTC,1185,24.40000,19.00000,21.80000,59.90000,13.30000,16.10000,8.90000,402.84381
2019-10-08 00:24:32 UTC,1186,24.40000,19.00000,21.80000,59.70000,13.30000,16.10000,9.00000,402.48862
2019-10-08 00:25:32 UTC,1187,24.40000,19.00000,21.80000,59.60000,13.30000,16.00000,9.00000,402.17328
2019-10-08 00:26:32 UTC,1188,24.40000,19.00000,21.80000,59.50000,13.30000,16.00000,9.00000,401.89893
2019-10-08 00:27:32 UTC,1189,24.40000,19.00000,21.90000,59.60000,13.30000,16.10000,9.00000,401.66345
2019-10-08 00:28:32 UTC,1190,24.40000,19.00000,21.90000,59.60000,13.30000,16.10000,9.00000,401.46280
2019-10-08 00:29:32 UTC,1191,24.50000,19.10000,22.00000,59.60000,13.40000,16.10000,9.00000,401.29248
2019-10-08 00:30:32 UTC,1192,24.50000,19.10000,22.00000,59.80000,13.40000,16.20000,9.00000,401.14798
2019-10-08 00:31:32 UTC,1193,24.50000,19.10000,22.00000,59.70000,13.40000,16.20000,9.10000,401.02512
2019-10-08 00:32:32 UTC,1194,24.50000,19.10000,22.00000,59.70000,13.40000,16.20000,9.10000,400.92035
2019-10-08 00:33:32 UTC,1195,24.60000,19.20000,22.00000,59.70000,13.50000,16.20000,9.10000,400.83063
2019-10-08 00:34:32 UTC,1196,24.60000,19.20000,22.00000,59.60000,13.50000,16.30000,9.20000,400.78491
2019-10-08 00:35:32 UTC,1197,24.70000,19.20000,22.00000,59.70000,13.50000,16.30000,9.10000,400.94031
2019-10-08 00:36:32 UTC,1198,24.70000,19.30000,22.10000,59.70000,13.60000,16.30000,9.20000,401.36752
2019-10-08 00:37:32 UTC,1199,24.70000,19.30000,22.10000,59.80000,13.60000,16.40000,9.20000,402.10110
2019-10-08 00:38:32 UTC,1200,24.80000,19.30000,22.20000,59.40000,13.60000,16.30000,9.30000,403.41849
2019-10-08 00:39:32 UTC,1201,24.80000,19.30000,22.10000,59.30000,13.50000,16.30000,9.30000,405.45544
2019-10-08 00:40:32 UTC,1202,24.80000,19.30000,22.20000,59.10000,13.50000,16.30000,9.40000,408.11063
2019-10-08 00:41:32 UTC,1203,24.90000,19.30000,22.20000,59.00000,13.50000,16.30000,9.40000,410.52423
2019-10-08 00:42:32 UTC,1204,24.90000,19.30000,22.30000,59.00000,13.60000,16.40000,9.40000,412.79834
2019-10-08 00:43:32 UTC,1205,24.90000,19.40000,22.30000,59.20000,13.60000,16.40000,9.40000,414.19922
2019-10-08 00:44:32 UTC,1206,24.90000,19.40000,22.30000,59.10000,13.60000,16.40000,9.40000,415.50790
2019-10-08 00:45:32 UTC,1207,24.90000,19.30000,22.30000,58.80000,13.50000,16.30000,9.50000,416.61777
2019-10-08 00:46:32 UTC,1208,24.90000,19.40000,22.40000,59.00000,13.60000,16.40000,9.40000,417.46902
2019-10-08 00:47:32 UTC,1209,24.90000,19.30000,22.40000,58.80000,13.50000,16.30000,9.50000,417.92957
2019-10-08 00:48:32 UTC,1210,25.00000,19.40000,22.50000,58.70000,13.50000,16.30000,9.50000,418.31784
2019-10-08 00:49:32 UTC,1211,25.00000,19.40000,22.50000,58.60000,13.60000,16.40000,9.60000,418.87018
2019-10-08 00:50:32 UTC,1212,25.10000,19.40000,22.40000,58.50000,13.60000,16.40000,9.60000,419.44440
2019-10-08 00:51:32 UTC,1213,25.10000,19.40000,22.40000,58.60000,13.60000,16.40000,9.60000,420.23584
2019-10-08 00:52:32 UTC,1214,25.10000,19.40000,22.40000,58.40000,13.60000,16.40000,9.70000,420.92783
2019-10-08 00:53:32 UTC,1215,25.20000,19.50000,22.50000,58.60000,13.70000,16.50000,9.60000,421.51733
2019-10-08 00:54:32 UTC,1216,25.10000,19.50000,22.50000,58.70000,13.70000,16.50000,9.60000,422.15842
2019-10-08 00:55:32 UTC,1217,25.20000,19.50000,22.50000,58.40000,13.60000,16.40000,9.70000,422.59818
2019-10-08 00:56:32 UTC,1218,25.10000,19.50000,22.50000,58.50000,13.60000,16.40000,9.70000,423.27313
2019-10-08 00:57:32 UTC,1219,25.10000,19.50000,22.50000,58.50000,13.60000,16.40000,9.70000,423.51947
2019-10-08 00:58:32 UTC,1220,25.20000,19.50000,22.50000,58.30000,13.60000,16.40000,9.70000,423.59137
2019-10-08 00:59:32 UTC,1221,25.10000,19.40000,22.50000,58.20000,13.60000,16.40000,9.70000,423.64569
2019-10-08 01:00:32 UTC,1222,25.10000,19.40000,22.50000,58.30000,13.60000,16.40000,9.70000,423.68811
2019-10-08 01:01:32 UTC,1223,25.20000,19.50000,22.50000,58.40000,13.60000,16.40000,9.70000,423.72202
2019-10-08 01:02:32 UTC,1224,25.10000,19.40000,22.50000,58.20000,13.60000,16.40000,9.70000,423.68283
2019-10-08 01:03:32 UTC,1225,25.20000,19.40000,22.60000,58.10000,13.60000,16.40000,9.80000,423.61850
2019-10-08 01:04:32 UTC,1226,25.20000,19.50000,22.60000,58.40000,13.60000,16.40000,9.70000,423.56342
2019-10-08 01:05:32 UTC,1227,25.10000,19.50000,22.60000,58.50000,13.60000,16.40000,9.70000,423.57236
2019-10-08 01:06:32 UTC,1228,25.20000,19.50000,22.60000,58.50000,13.60000,16.40000,9.70000,423.64719
2019-10-08 01:07:32 UTC,1229,25.20000,19.50000,22.60000,58.20000,13.60000,16.40000,9.80000,423.80304
2019-10-08 01:08:32 UTC,1230,25.20000,19.50000,22.60000,58.40000,13.60000,16.40000,9.70000,423.84531
2019-10-08 01:09:32 UTC,1231,25.20000,19.50000,22.50000,58.10000,13.60000,16.40000,9.80000,423.98819
2019-10-08 01:10:32 UTC,1232,25.20000,19.40000,22.50000,57.90000,13.50000,16.30000,9.80000,424.15030
2019-10-08 01:11:32 UTC,1233,25.20000,19.40000,22.60000,57.90000,13.50000,16.30000,9.80000,424.37659
2019-10-08 01:12:32 UTC,1234,25.20000,19.40000,22.70000,57.90000,13.50000,16.30000,9.80000,424.66733
2019-10-08 01:13:32 UTC,1235,25.20000,19.40000,22.70000,57.90000,13.50000,16.30000,9.80000,424.82458
2019-10-08 01:14:32 UTC,1236,25.20000,19.50000,22.70000,57.80000,13.50000,16.40000,9.90000,424.93381
2019-10-08 01:15:32 UTC,1237,25.30000,19.50000,22.70000,57.60000,13.50000,16.30000,10.00000,424.97662
2019-10-08 01:16:33 UTC,1238,25.30000,19.50000,22.80000,57.50000,13.50000,16.30000,10.00000,425.13733
2019-10-08 01:17:32 UTC,1239,25.40000,19.50000,22.80000,57.10000,13.50000,16.30000,10.10000,425.29355
2019-10-08 01:18:32 UTC,1240,25.40000,19.50000,22.80000,57.30000,13.50000,16.40000,10.10000,425.34717
2019-10-08 01:19:32 UTC,1241,25.40000,19.50000,22.90000,57.20000,13.50000,16.30000,10.10000,425.35260
2019-10-08 01:20:32 UTC,1242,25.50000,19.50000,22.90000,57.20000,13.60000,16.40000,10.20000,425.27222
2019-10-08 01:21:32 UTC,1243,25.50000,19.50000,22.90000,57.10000,13.50000,16.40000,10.20000,425.13968
2019-10-08 01:22:32 UTC,1244,25.50000,19.60000,23.00000,56.90000,13.50000,16.40000,10.20000,424.88016
2019-10-08 01:23:32 UTC,1245,25.50000,19.60000,23.00000,57.00000,13.60000,16.40000,10.20000,424.42969
2019-10-08 01:24:32 UTC,1246,25.50000,19.50000,23.00000,56.90000,13.50000,16.30000,10.20000,423.89688
2019-10-08 01:25:32 UTC,1247,25.50000,19.50000,23.00000,56.90000,13.50000,16.30000,10.30000,423.02032
2019-10-08 01:26:32 UTC,1248,25.50000,19.50000,23.00000,56.90000,13.50000,16.30000,10.20000,422.03983
2019-10-08 01:27:32 UTC,1249,25.50000,19.60000,23.00000,57.00000,13.60000,16.40000,10.20000,421.22818
2019-10-08 01:28:32 UTC,1250,25.50000,19.60000,23.00000,57.10000,13.60000,16.40000,10.20000,420.65195
2019-10-08 01:29:32 UTC,1251,25.50000,19.60000,23.00000,57.30000,13.60000,16.50000,10.20000,420.19238
2019-10-08 01:30:32 UTC,1252,25.60000,19.60000,23.00000,57.10000,13.60000,16.50000,10.20000,419.91556
2019-10-08 01:31:32 UTC,1253,25.60000,19.60000,23.10000,57.00000,13.60000,16.50000,10.30000,419.87903
2019-10-08 01:32:32 UTC,1254,25.60000,19.60000,23.10000,57.00000,13.60000,16.50000,10.30000,419.73944
2019-10-08 01:33:32 UTC,1255,25.60000,19.60000,23.20000,56.90000,13.60000,16.50000,10.30000,419.72101
2019-10-08 01:34:33 UTC,1256,25.60000,19.70000,23.20000,56.90000,13.60000,16.50000,10.30000,419.78085
2019-10-08 01:35:32 UTC,1257,25.60000,19.60000,23.30000,56.90000,13.60000,16.40000,10.30000,419.60773
2019-10-08 01:36:33 UTC,1258,25.70000,19.60000,23.30000,56.50000,13.60000,16.40000,10.50000,419.23892
2019-10-08 01:37:32 UTC,1259,25.70000,19.70000,23.40000,56.60000,13.60000,16.50000,10.40000,418.86057
2019-10-08 01:38:33 UTC,1260,25.70000,19.70000,23.40000,56.70000,13.70000,16.50000,10.40000,418.51202
2019-10-08 01:39:32 UTC,1261,25.80000,19.70000,23.40000,56.50000,13.70000,16.50000,10.50000,418.16693
2019-10-08 01:40:33 UTC,1262,25.80000,19.70000,23.30000,56.60000,13.70000,16.50000,10.50000,417.75955
2019-10-08 01:41:32 UTC,1263,25.80000,19.70000,23.30000,56.50000,13.70000,16.50000,10.50000,417.19000
2019-10-08 01:42:33 UTC,1264,25.80000,19.70000,23.30000,56.40000,13.60000,16.50000,10.60000,416.80865
2019-10-08 01:43:33 UTC,1265,25.80000,19.70000,23.40000,56.30000,13.60000,16.40000,10.60000,416.55826
2019-10-08 01:44:33 UTC,1266,25.70000,19.60000,23.40000,56.20000,13.60000,16.40000,10.60000,416.35248
2019-10-08 01:45:33 UTC,1267,25.70000,19.60000,23.40000,56.10000,13.50000,16.40000,10.60000,416.17215
2019-10-08 01:46:33 UTC,1268,25.70000,19.70000,23.40000,56.40000,13.60000,16.40000,10.50000,415.97076
2019-10-08 01:47:33 UTC,1269,25.60000,19.60000,23.40000,56.40000,13.50000,16.30000,10.40000,415.85925
2019-10-08 01:48:33 UTC,1270,25.70000,19.60000,23.30000,56.20000,13.50000,16.30000,10.50000,415.91089
2019-10-08 01:49:33 UTC,1271,25.70000,19.60000,23.40000,56.30000,13.50000,16.40000,10.50000,416.22314
2019-10-08 01:50:33 UTC,1272,25.70000,19.60000,23.40000,56.40000,13.50000,16.30000,10.50000,416.65558
2019-10-08 01:51:33 UTC,1273,25.70000,19.60000,23.40000,56.30000,13.50000,16.30000,10.50000,417.16782
2019-10-08 01:52:33 UTC,1274,25.70000,19.60000,23.40000,56.30000,13.50000,16.30000,10.50000,417.84991
2019-10-08 01:53:33 UTC,1275,25.60000,19.50000,23.50000,56.40000,13.50000,16.30000,10.40000,418.76617
2019-10-08 01:54:33 UTC,1276,25.60000,19.50000,23.50000,56.50000,13.50000,16.30000,10.40000,419.97354
2019-10-08 01:55:33 UTC,1277,25.60000,19.50000,23.60000,56.40000,13.50000,16.30000,10.40000,421.41782
2019-10-08 01:56:33 UTC,1278,25.60000,19.50000,23.70000,56.60000,13.50000,16.30000,10.40000,423.06543
2019-10-08 01:57:33 UTC,1279,25.60000,19.60000,23.70000,56.60000,13.50000,16.30000,10.40000,424.84085
2019-10-08 01:58:33 UTC,1280,25.60000,19.60000,23.70000,56.70000,13.50000,16.40000,10.30000,426.89703
2019-10-08 01:59:33 UTC,1281,25.60000,19.50000,23.70000,56.50000,13.50000,16.30000,10.40000,429.05371
2019-10-08 02:00:36 UTC,1282,25.60000,19.50000,23.70000,56.50000,13.50000,16.30000,10.40000,430.71707
2019-10-08 02:01:35 UTC,1283,25.50000,19.50000,23.70000,56.70000,13.50000,16.30000,10.30000,432.89877
2019-10-08 02:02:34 UTC,1284,25.60000,19.60000,23.70000,56.70000,13.50000,16.40000,10.30000,435.29553
2019-10-08 02:03:34 UTC,1285,25.50000,19.60000,23.70000,56.90000,13.60000,16.40000,10.30000,437.33939
2019-10-08 02:04:34 UTC,1286,25.60000,19.60000,23.70000,56.60000,13.50000,16.30000,10.40000,438.68439
2019-10-08 02:05:34 UTC,1287,25.60000,19.60000,23.80000,56.60000,13.60000,16.40000,10.40000,439.62173
2019-10-08 02:06:34 UTC,1288,25.60000,19.60000,23.80000,56.70000,13.60000,16.40000,10.40000,440.05710
2019-10-08 02:07:34 UTC,1289,25.70000,19.70000,23.80000,56.60000,13.60000,16.40000,10.40000,440.04587
2019-10-08 02:08:35 UTC,1290,25.70000,19.60000,23.70000,56.60000,13.60000,16.40000,10.40000,440.12134
2019-10-08 02:09:35 UTC,1291,25.70000,19.70000,23.80000,56.60000,13.60000,16.50000,10.40000,440.06622
2019-10-08 02:10:35 UTC,1292,25.80000,19.70000,23.70000,56.40000,13.60000,16.40000,10.50000,439.98038
2019-10-08 02:11:35 UTC,1293,25.80000,19.70000,23.70000,56.30000,13.60000,16.40000,10.50000,440.00253
2019-10-08 02:12:35 UTC,1294,25.80000,19.70000,23.70000,56.30000,13.60000,16.40000,10.60000,440.02008
2019-10-08 02:13:35 UTC,1295,25.70000,19.70000,23.70000,56.70000,13.60000,16.50000,10.40000,440.17844
2019-10-08 02:14:34 UTC,1296,25.70000,19.70000,23.70000,56.60000,13.60000,16.50000,10.50000,440.29245
2019-10-08 02:15:35 UTC,1297,25.70000,19.70000,23.70000,56.60000,13.60000,16.50000,10.50000,440.56110
2019-10-08 02:16:35 UTC,1298,25.70000,19.70000,23.70000,56.80000,13.70000,16.50000,10.40000,441.05185
2019-10-08 02:17:35 UTC,1299,25.70000,19.70000,23.80000,56.80000,13.70000,16.50000,10.40000,441.89529
2019-10-08 02:18:34 UTC,1300,25.70000,19.70000,23.80000,57.00000,13.70000,16.60000,10.30000,443.19553
2019-10-08 02:19:34 UTC,1301,25.70000,19.80000,23.80000,57.00000,13.70000,16.60000,10.40000,444.10907
2019-10-08 02:20:35 UTC,1302,25.80000,19.80000,23.90000,56.90000,13.70000,16.60000,10.40000,444.95969
2019-10-08 02:21:35 UTC,1303,25.80000,19.80000,23.90000,56.90000,13.80000,16.60000,10.40000,445.80350
2019-10-08 02:22:35 UTC,1304,25.80000,19.80000,23.90000,57.00000,13.80000,16.70000,10.40000,446.13773
2019-10-08 02:23:35 UTC,1305,25.90000,19.90000,23.90000,56.90000,13.80000,16.70000,10.50000,446.21179
2019-10-08 02:24:35 UTC,1306,25.90000,19.90000,24.00000,56.80000,13.80000,16.70000,10.50000,446.05637
2019-10-08 02:25:35 UTC,1307,26.00000,19.90000,24.00000,56.50000,13.80000,16.70000,10.60000,445.58035
2019-10-08 02:26:35 UTC,1308,26.00000,19.90000,24.00000,56.60000,13.80000,16.70000,10.60000,445.02133
2019-10-08 02:27:35 UTC,1309,26.00000,19.90000,24.00000,56.40000,13.80000,16.70000,10.70000,444.33572
2019-10-08 02:28:35 UTC,1310,26.00000,19.90000,24.00000,56.20000,13.80000,16.70000,10.70000,443.59717
2019-10-08 02:29:38 UTC,1311,26.10000,19.90000,24.00000,56.10000,13.70000,16.60000,10.80000,442.67209
2019-10-08 02:30:36 UTC,1312,26.10000,19.90000,24.10000,56.10000,13.80000,16.60000,10.80000,441.50079
2019-10-08 02:31:36 UTC,1313,26.10000,19.90000,24.10000,56.10000,13.80000,16.70000,10.80000,440.34460
2019-10-08 02:32:37 UTC,1314,26.10000,19.90000,24.10000,56.10000,13.80000,16.70000,10.80000,439.21390
2019-10-08 02:33:36 UTC,1315,26.10000,19.90000,24.20000,56.00000,13.80000,16.60000,10.80000,438.10858
2019-10-08 02:34:37 UTC,1316,26.10000,19.90000,24.20000,56.00000,13.80000,16.70000,10.80000,437.16019
2019-10-08 02:35:37 UTC,1317,26.20000,20.00000,24.20000,55.90000,13.80000,16.70000,10.90000,436.46838
2019-10-08 02:36:37 UTC,1318,26.20000,20.00000,24.20000,56.10000,13.90000,16.80000,10.90000,435.72546
2019-10-08 02:37:37 UTC,1319,26.20000,20.00000,24.20000,56.00000,13.80000,16.70000,10.90000,434.70535
2019-10-08 02:38:37 UTC,1320,26.20000,20.00000,24.20000,55.80000,13.80000,16.70000,10.90000,434.03629
2019-10-08 02:39:37 UTC,1321,26.20000,19.90000,24.30000,55.80000,13.80000,16.70000,10.90000,433.35867
2019-10-08 02:40:37 UTC,1322,26.20000,20.00000,24.30000,55.90000,13.80000,16.70000,10.90000,432.50684
2019-10-08 02:41:37 UTC,1323,26.20000,20.00000,24.30000,55.70000,13.80000,16.70000,11.00000,431.92706
2019-10-08 02:42:37 UTC,1324,26.20000,20.00000,24.30000,55.80000,13.80000,16.70000,10.90000,431.53101
2019-10-08 02:43:37 UTC,1325,26.20000,20.00000,24.30000,55.70000,13.80000,16.70000,11.00000,431.00500
2019-10-08 02:44:37 UTC,1326,26.20000,19.90000,24.40000,55.80000,13.80000,16.70000,10.90000,430.11304
2019-10-08 02:45:37 UTC,1327,26.20000,19.90000,24.50000,55.80000,13.80000,16.60000,10.90000,429.34680
2019-10-08 02:46:37 UTC,1328,26.20000,19.90000,24.50000,55.40000,13.70000,16.60000,11.00000,428.34393
2019-10-08 02:47:37 UTC,1329,26.20000,19.90000,24.60000,55.60000,13.70000,16.60000,11.00000,427.24905
2019-10-08 02:48:37 UTC,1330,26.20000,19.90000,24.60000,55.40000,13.70000,16.60000,11.00000,426.43439
2019-10-08 02:49:37 UTC,1331,26.20000,20.00000,24.60000,55.60000,13.80000,16.70000,11.00000,425.73950
2019-10-08 02:50:37 UTC,1332,26.20000,20.00000,24.60000,55.60000,13.80000,16.70000,11.00000,425.10715
2019-10-08 02:51:37 UTC,1333,26.30000,20.00000,24.60000,55.60000,13.80000,16.70000,11.00000,424.52173
2019-10-08 02:52:37 UTC,1334,26.30000,20.00000,24.60000,55.50000,13.80000,16.70000,11.10000,424.26883
2019-10-08 02:53:37 UTC,1335,26.30000,20.00000,24.70000,55.40000,13.80000,16.70000,11.10000,424.38443
2019-10-08 02:54:37 UTC,1336,26.30000,20.00000,24.70000,55.20000,13.70000,16.60000,11.20000,424.61786
2019-10-08 02:55:37 UTC,1337,26.40000,20.00000,24.70000,54.90000,13.70000,16.60000,11.30000,424.82898
2019-10-08 02:56:37 UTC,1338,26.40000,20.00000,24.70000,54.90000,13.70000,16.60000,11.20000,425.13724
2019-10-08 02:57:37 UTC,1339,26.40000,19.90000,24.70000,54.60000,13.60000,16.50000,11.30000,425.50488
2019-10-08 02:58:37 UTC,1340,26.30000,19.80000,24.80000,54.20000,13.50000,16.40000,11.40000,425.98108
2019-10-08 02:59:37 UTC,1341,26.30000,19.70000,24.80000,53.30000,13.30000,16.10000,11.60000,426.44318
2019-10-08 03:00:37 UTC,1342,26.40000,19.70000,24.80000,53.40000,13.30000,16.10000,11.60000,426.80811
2019-10-08 03:01:37 UTC,1343,26.30000,19.70000,24.80000,53.70000,13.40000,16.20000,11.50000,426.92447
2019-10-08 03:02:37 UTC,1344,26.30000,19.70000,24.80000,53.30000,13.30000,16.10000,11.60000,426.88232
2019-10-08 03:03:37 UTC,1345,26.40000,19.60000,24.80000,52.70000,13.20000,15.90000,11.80000,426.82065
2019-10-08 03:04:37 UTC,1346,26.30000,19.60000,24.90000,52.70000,13.10000,15.90000,11.80000,426.90076
2019-10-08 03:05:37 UTC,1347,26.30000,19.60000,24.90000,52.70000,13.10000,15.90000,11.80000,426.82809
2019-10-08 03:06:37 UTC,1348,26.30000,19.50000,24.90000,52.30000,13.00000,15.80000,11.90000,426.62695
2019-10-08 03:07:37 UTC,1349,26.30000,19.50000,25.00000,52.20000,13.00000,15.80000,11.90000,426.41760
2019-10-08 03:08:37 UTC,1350,26.30000,19.50000,25.00000,52.50000,13.10000,15.90000,11.90000,426.22687
2019-10-08 03:09:37 UTC,1351,26.40000,19.60000,24.90000,52.50000,13.10000,15.90000,11.90000,426.05521
2019-10-08 03:10:37 UTC,1352,26.40000,19.60000,24.90000,52.50000,13.10000,15.90000,11.90000,425.91068
2019-10-08 03:11:37 UTC,1353,26.40000,19.60000,24.90000,52.50000,13.10000,15.90000,11.90000,425.61948
2019-10-08 03:12:37 UTC,1354,26.40000,19.60000,24.90000,52.50000,13.10000,15.90000,11.90000,425.26917
2019-10-08 03:13:37 UTC,1355,26.40000,19.60000,24.90000,52.60000,13.10000,15.90000,11.80000,424.89719
2019-10-08 03:14:37 UTC,1356,26.40000,19.50000,24.90000,52.30000,13.00000,15.80000,11.90000,424.60449
2019-10-08 03:15:37 UTC,1357,26.30000,19.50000,24.90000,52.50000,13.10000,15.80000,11.80000,424.50641
2019-10-08 03:16:37 UTC,1358,26.30000,19.50000,24.90000,52.50000,13.00000,15.80000,11.80000,424.45239
2019-10-08 03:17:37 UTC,1359,26.30000,19.50000,25.00000,52.50000,13.10000,15.80000,11.80000,424.49890
2019-10-08 03:18:37 UTC,1360,26.30000,19.50000,24.90000,52.50000,13.10000,15.80000,11.80000,424.69278
2019-10-08 03:19:37 UTC,1361,26.30000,19.60000,24.90000,52.60000,13.10000,15.90000,11.80000,425.02780
2019-10-08 03:20:37 UTC,1362,26.30000,19.50000,24.90000,52.60000,13.10000,15.80000,11.80000,425.54007
2019-10-08 03:21:37 UTC,1363,26.30000,19.50000,24.90000,52.20000,13.00000,15.70000,11.90000,426.28583
2019-10-08 03:22:37 UTC,1364,26.30000,19.50000,24.90000,52.60000,13.10000,15.80000,11.80000,427.42474
2019-10-08 03:23:37 UTC,1365,26.30000,19.50000,24.90000,52.70000,13.10000,15.90000,11.80000,429.51025
2019-10-08 03:24:37 UTC,1366,26.30000,19.50000,24.90000,52.60000,13.10000,15.90000,11.80000,432.63504
2019-10-08 03:25:37 UTC,1367,26.30000,19.50000,24.90000,52.40000,13.00000,15.80000,11.90000,436.98343
2019-10-08 03:26:37 UTC,1368,26.30000,19.60000,24.80000,52.90000,13.10000,15.90000,11.70000,440.87650
2019-10-08 03:27:37 UTC,1369,26.30000,19.60000,24.80000,52.70000,13.10000,15.90000,11.80000,443.59692
2019-10-08 03:28:37 UTC,1370,26.30000,19.50000,24.80000,52.60000,13.10000,15.90000,11.80000,445.64658
2019-10-08 03:29:37 UTC,1371,26.30000,19.50000,24.80000,52.60000,13.10000,15.90000,11.80000,447.48224
2019-10-08 03:30:37 UTC,1372,26.30000,19.50000,24.80000,52.80000,13.10000,15.90000,11.70000,448.71130
2019-10-08 03:31:37 UTC,1373,26.30000,19.50000,24.70000,52.90000,13.10000,15.90000,11.70000,449.03156
2019-10-08 03:32:38 UTC,1374,26.30000,19.60000,24.70000,52.90000,13.10000,15.90000,11.70000,448.88513
2019-10-08 03:33:37 UTC,1375,26.30000,19.60000,24.70000,52.90000,13.10000,15.90000,11.70000,448.18896
2019-10-08 03:34:37 UTC,1376,26.30000,19.60000,24.80000,53.00000,13.20000,16.00000,11.70000,447.40277
2019-10-08 03:35:37 UTC,1377,26.30000,19.60000,24.80000,52.70000,13.20000,15.90000,11.80000,447.10129
2019-10-08 03:36:37 UTC,1378,26.30000,19.60000,24.80000,53.10000,13.20000,16.00000,11.70000,447.29010
2019-10-08 03:37:37 UTC,1379,26.30000,19.60000,24.80000,53.20000,13.20000,16.00000,11.60000,447.69574
2019-10-08 03:38:37 UTC,1380,26.30000,19.60000,24.80000,53.10000,13.20000,16.00000,11.70000,448.44830
2019-10-08 03:39:38 UTC,1381,26.40000,19.70000,24.80000,53.20000,13.30000,16.10000,11.70000,449.84811
2019-10-08 03:40:37 UTC,1382,26.40000,19.70000,24.90000,53.20000,13.30000,16.10000,11.70000,452.08536
2019-10-08 03:41:37 UTC,1383,26.40000,19.70000,24.90000,53.50000,13.30000,16.20000,11.60000,455.23965
2019-10-08 03:42:37 UTC,1384,26.40000,19.70000,24.80000,53.50000,13.40000,16.20000,11.60000,460.22894
2019-10-08 03:43:37 UTC,1385,26.50000,19.80000,24.80000,53.20000,13.40000,16.20000,11.80000,465.49377
2019-10-08 03:44:38 UTC,1386,26.50000,19.80000,24.80000,53.30000,13.40000,16.20000,11.70000,469.89609
2019-10-08 03:45:37 UTC,1387,26.40000,19.80000,24.80000,53.30000,13.40000,16.20000,11.70000,473.85571
2019-10-08 03:46:38 UTC,1388,26.40000,19.80000,24.90000,53.60000,13.40000,16.20000,11.60000,477.16910
2019-10-08 03:47:37 UTC,1389,26.40000,19.70000,24.90000,53.30000,13.30000,16.10000,11.70000,479.62201
2019-10-08 03:48:37 UTC,1390,26.40000,19.70000,24.90000,53.40000,13.30000,16.10000,11.60000,480.57352
2019-10-08 03:49:37 UTC,1391,26.30000,19.70000,24.90000,53.50000,13.30000,16.20000,11.60000,480.74457
2019-10-08 03:50:38 UTC,1392,26.30000,19.70000,24.90000,53.60000,13.30000,16.20000,11.50000,479.91144
2019-10-08 03:51:38 UTC,1393,26.30000,19.70000,24.80000,53.80000,13.40000,16.20000,11.50000,478.07278
2019-10-08 03:52:38 UTC,1394,26.30000,19.70000,24.80000,53.60000,13.30000,16.10000,11.50000,474.67972
2019-10-08 03:53:37 UTC,1395,26.30000,19.60000,24.80000,53.50000,13.30000,16.10000,11.50000,469.15582
2019-10-08 03:54:38 UTC,1396,26.30000,19.60000,24.80000,53.40000,13.20000,16.00000,11.60000,463.10950
2019-10-08 03:55:37 UTC,1397,26.30000,19.60000,24.80000,53.40000,13.20000,16.00000,11.60000,458.23352
2019-10-08 03:56:38 UTC,1398,26.20000,19.60000,24.80000,53.40000,13.20000,16.00000,11.50000,455.34399
2019-10-08 03:57:38 UTC,1399,26.20000,19.70000,24.80000,53.70000,13.30000,16.10000,11.50000,453.30911
2019-10-08 03:58:38 UTC,1400,26.20000,19.60000,24.70000,53.80000,13.30000,16.10000,11.40000,452.24139
2019-10-08 03:59:38 UTC,1401,26.10000,19.60000,24.70000,53.80000,13.30000,16.00000,11.40000,451.39890
2019-10-08 04:00:38 UTC,1402,26.20000,19.60000,24.70000,53.60000,13.20000,16.00000,11.40000,450.49463
2019-10-08 04:01:38 UTC,1403,26.20000,19.60000,24.70000,53.60000,13.20000,16.00000,11.50000,449.92102
2019-10-08 04:02:38 UTC,1404,26.20000,19.60000,24.70000,53.70000,13.30000,16.10000,11.40000,449.46524
2019-10-08 04:03:38 UTC,1405,26.30000,19.70000,24.70000,53.60000,13.30000,16.10000,11.50000,448.73358
2019-10-08 04:04:38 UTC,1406,26.30000,19.60000,24.70000,53.40000,13.30000,16.10000,11.60000,447.65985
2019-10-08 04:05:38 UTC,1407,26.30000,19.60000,24.70000,53.40000,13.30000,16.10000,11.60000,446.11282
2019-10-08 04:06:38 UTC,1408,26.30000,19.70000,24.70000,53.70000,13.30000,16.10000,11.50000,443.95709
2019-10-08 04:07:38 UTC,1409,26.30000,19.70000,24.70000,53.70000,13.30000,16.10000,11.50000,441.57397
2019-10-08 04:08:38 UTC,1410,26.30000,19.70000,24.70000,53.60000,13.30000,16.20000,11.60000,439.28799
2019-10-08 04:09:38 UTC,1411,26.30000,19.70000,24.70000,53.80000,13.40000,16.20000,11.50000,437.85089
2019-10-08 04:10:38 UTC,1412,26.30000,19.70000,24.70000,54.00000,13.40000,16.20000,11.40000,437.24429
2019-10-08 04:11:38 UTC,1413,26.10000,19.60000,24.70000,54.40000,13.40000,16.20000,11.20000,437.32089
2019-10-08 04:13:38 UTC,1414,25.80000,19.40000,24.50000,54.50000,13.20000,15.90000,11.00000,437.88556
2019-10-08 04:14:38 UTC,1415,25.60000,19.30000,24.40000,54.80000,13.10000,15.90000,10.80000,437.85178
2019-10-08 04:15:38 UTC,1416,25.50000,19.30000,24.30000,55.20000,13.10000,15.90000,10.70000,437.41547
2019-10-08 04:16:38 UTC,1417,25.50000,19.30000,24.20000,55.20000,13.10000,15.90000,10.60000,436.09683
2019-10-08 04:17:38 UTC,1418,25.50000,19.30000,24.10000,55.30000,13.20000,15.90000,10.60000,431.77087
2019-10-08 04:18:38 UTC,1419,25.60000,19.30000,24.10000,55.30000,13.20000,16.00000,10.70000,420.37665
2019-10-08 04:19:38 UTC,1420,25.50000,19.30000,24.10000,55.60000,13.20000,16.00000,10.60000,409.14288
2019-10-08 04:20:38 UTC,1421,25.40000,19.30000,24.10000,56.20000,13.30000,16.00000,10.30000,404.60263
2019-10-08 04:21:38 UTC,1422,25.40000,19.30000,24.10000,56.30000,13.30000,16.10000,10.30000,402.76065
2019-10-08 04:22:38 UTC,1423,25.40000,19.40000,24.10000,56.30000,13.30000,16.10000,10.30000,401.86990
2019-10-08 04:23:38 UTC,1424,25.30000,19.30000,24.10000,56.60000,13.30000,16.10000,10.20000,401.37238
2019-10-08 04:24:38 UTC,1425,25.20000,19.20000,24.00000,56.90000,13.30000,16.00000,10.00000,401.06415
2019-10-08 04:25:38 UTC,1426,25.10000,19.20000,24.00000,57.10000,13.30000,16.00000,10.00000,400.85837
2019-10-08 04:26:38 UTC,1427,25.20000,19.30000,24.00000,57.30000,13.40000,16.10000,10.00000,400.71304
2019-10-08 04:27:38 UTC,1428,25.30000,19.30000,24.00000,57.00000,13.40000,16.10000,10.10000,400.60590
2019-10-08 04:28:38 UTC,1429,25.30000,19.30000,24.00000,56.90000,13.30000,16.10000,10.10000,400.52414
2019-10-08 04:29:38 UTC,1430,25.20000,19.30000,24.00000,57.00000,13.30000,16.10000,10.10000,400.46011
2019-10-08 04:30:38 UTC,1431,25.20000,19.30000,24.00000,57.10000,13.40000,16.10000,10.00000,400.40875
2019-10-08 04:31:38 UTC,1432,25.20000,19.30000,23.90000,57.00000,13.30000,16.10000,10.00000,400.36679
2019-10-08 04:32:38 UTC,1433,25.10000,19.20000,23.90000,56.80000,13.20000,15.90000,10.00000,400.33191
2019-10-08 04:33:38 UTC,1434,25.00000,19.10000,23.80000,56.70000,13.10000,15.90000,10.00000,400.30261
2019-10-08 04:34:38 UTC,1435,24.90000,19.10000,23.80000,57.00000,13.10000,15.90000,9.90000,400.27765
2019-10-08 04:35:38 UTC,1436,25.00000,19.10000,23.80000,56.90000,13.10000,15.80000,9.90000,400.25613
2019-10-08 04:36:38 UTC,1437,24.90000,19.10000,23.90000,57.00000,13.10000,15.80000,9.90000,400.23746
2019-10-08 04:37:38 UTC,1438,25.00000,19.10000,23.90000,56.80000,13.10000,15.80000,10.00000,400.22113
2019-10-08 04:38:38 UTC,1439,25.00000,19.00000,23.90000,56.70000,13.10000,15.80000,10.00000,400.20670
2019-10-08 04:39:38 UTC,1440,24.90000,19.00000,23.90000,56.90000,13.10000,15.80000,9.90000,400.19391
2019-10-08 04:40:38 UTC,1441,24.90000,19.10000,23.90000,57.00000,13.10000,15.90000,9.90000,400.18243
2019-10-08 04:41:38 UTC,1442,25.00000,19.10000,23.90000,57.20000,13.20000,15.90000,9.90000,400.17218
2019-10-08 04:42:38 UTC,1443,24.90000,19.00000,23.90000,56.90000,13.10000,15.80000,9.90000,400.16290
2019-10-08 04:43:38 UTC,1444,24.90000,19.00000,23.90000,56.60000,13.00000,15.70000,9.90000,400.15451
2019-10-08 04:44:38 UTC,1445,24.80000,18.90000,23.90000,56.70000,13.00000,15.70000,9.90000,400.14688
2019-10-08 04:45:38 UTC,1446,24.80000,18.90000,23.90000,56.80000,13.00000,15.70000,9.90000,400.13989
2019-10-08 04:46:38 UTC,1447,24.90000,18.90000,23.90000,56.60000,13.00000,15.70000,9.90000,400.13348
2019-10-08 04:47:38 UTC,1448,24.90000,19.00000,23.90000,56.60000,13.00000,15.70000,10.00000,400.12759
2019-10-08 04:48:38 UTC,1449,24.90000,19.00000,23.90000,56.60000,13.00000,15.70000,10.00000,400.12219
2019-10-08 04:49:40 UTC,1450,25.00000,19.00000,24.00000,56.50000,13.00000,15.70000,10.00000,400.11719
2019-10-08 04:50:39 UTC,1451,24.90000,19.00000,23.90000,56.40000,13.00000,15.70000,10.00000,400.11252
2019-10-08 04:51:39 UTC,1452,24.90000,19.00000,23.90000,56.40000,13.00000,15.70000,10.00000,400.10818
2019-10-08 04:52:39 UTC,1453,24.90000,19.00000,24.00000,56.20000,12.90000,15.60000,10.10000,400.10416
2019-10-08 04:53:39 UTC,1454,25.00000,19.00000,24.00000,56.60000,13.10000,15.80000,10.00000,400.10043
2019-10-08 04:54:39 UTC,1455,25.00000,19.00000,24.00000,56.30000,13.00000,15.70000,10.10000,400.09689
2019-10-08 04:55:39 UTC,1456,25.10000,19.10000,24.00000,56.20000,13.00000,15.70000,10.10000,400.09360
2019-10-08 04:56:39 UTC,1457,25.00000,19.00000,24.00000,56.20000,13.00000,15.70000,10.10000,400.09052
2019-10-08 04:57:39 UTC,1458,25.00000,18.90000,24.00000,56.00000,12.90000,15.60000,10.10000,400.08759
2019-10-08 04:58:39 UTC,1459,24.90000,18.90000,24.00000,55.80000,12.80000,15.50000,10.10000,400.08484
2019-10-08 04:59:39 UTC,1460,24.90000,18.80000,24.00000,55.60000,12.80000,15.40000,10.20000,400.08228
2019-10-08 05:00:39 UTC,1461,24.90000,18.80000,24.00000,55.50000,12.70000,15.40000,10.20000,400.07971
2019-10-08 05:01:39 UTC,1462,24.80000,18.70000,23.90000,55.40000,12.70000,15.30000,10.20000,400.07751
2019-10-08 05:02:39 UTC,1463,24.80000,18.60000,23.90000,55.30000,12.60000,15.20000,10.20000,400.07532
2019-10-08 05:03:40 UTC,1464,24.70000,18.60000,23.90000,55.50000,12.60000,15.20000,10.10000,400.07312
2019-10-08 05:04:39 UTC,1465,24.70000,18.60000,23.90000,55.30000,12.60000,15.20000,10.10000,400.07123
2019-10-08 05:05:39 UTC,1466,24.60000,18.60000,23.90000,55.70000,12.60000,15.20000,10.00000,400.06940
2019-10-08 05:06:39 UTC,1467,24.70000,18.60000,23.80000,55.60000,12.60000,15.20000,10.10000,400.06757
2019-10-08 05:07:39 UTC,1468,24.70000,18.60000,23.80000,55.80000,12.60000,15.30000,10.00000,400.06573
2019-10-08 05:08:39 UTC,1469,24.70000,18.70000,23.80000,56.00000,12.70000,15.30000,10.00000,400.06415
2019-10-08 05:09:39 UTC,1470,24.70000,18.70000,23.80000,56.10000,12.70000,15.40000,10.00000,400.06268
2019-10-08 05:10:39 UTC,1471,24.60000,18.70000,23.80000,56.20000,12.70000,15.30000,9.90000,400.06122
2019-10-08 05:11:39 UTC,1472,24.60000,18.60000,23.80000,56.00000,12.60000,15.20000,9.90000,400.05975
2019-10-08 05:12:39 UTC,1473,24.50000,18.60000,23.70000,56.00000,12.60000,15.20000,9.90000,400.05829
2019-10-08 05:13:39 UTC,1474,24.50000,18.60000,23.70000,55.90000,12.60000,15.20000,9.90000,400.05682
2019-10-08 05:14:39 UTC,1475,24.60000,18.60000,23.60000,55.80000,12.60000,15.20000,10.00000,400.05573
2019-10-08 05:15:39 UTC,1476,24.60000,18.60000,23.60000,55.90000,12.60000,15.20000,9.90000,400.05463
2019-10-08 05:16:39 UTC,1477,24.50000,18.60000,23.50000,56.00000,12.60000,15.20000,9.90000,400.05353
2019-10-08 05:17:39 UTC,1478,24.50000,18.50000,23.50000,55.70000,12.50000,15.00000,9.90000,400.05243
2019-10-08 05:18:39 UTC,1479,24.50000,18.50000,23.50000,55.60000,12.50000,15.00000,9.90000,400.05133
2019-10-08 05:19:39 UTC,1480,24.50000,18.50000,23.60000,55.30000,12.40000,15.00000,10.00000,400.05023
2019-10-08 05:20:39 UTC,1481,24.40000,18.40000,23.60000,55.50000,12.40000,14.90000,10.00000,400.04913
2019-10-08 05:21:39 UTC,1482,24.50000,18.40000,23.60000,55.30000,12.40000,14.90000,10.00000,400.04803
2019-10-08 05:22:40 UTC,1483,24.50000,18.40000,23.60000,55.10000,12.30000,14.90000,10.10000,400.04706
2019-10-08 05:23:39 UTC,1484,24.40000,18.40000,23.60000,55.20000,12.40000,14.90000,10.00000,400.04633
2019-10-08 05:24:40 UTC,1485,24.50000,18.40000,23.60000,55.20000,12.40000,14.90000,10.10000,400.04559
2019-10-08 05:25:40 UTC,1486,24.50000,18.40000,23.70000,55.20000,12.40000,15.00000,10.10000,400.04486
2019-10-08 05:26:40 UTC,1487,24.50000,18.40000,23.70000,55.10000,12.40000,15.00000,10.10000,400.04413
2019-10-08 05:27:40 UTC,1488,24.50000,18.30000,23.60000,54.60000,12.30000,14.80000,10.20000,400.04340
2019-10-08 05:28:40 UTC,1489,24.50000,18.30000,23.70000,54.50000,12.20000,14.70000,10.20000,400.04266
2019-10-08 05:29:40 UTC,1490,24.50000,18.30000,23.60000,54.50000,12.20000,14.70000,10.20000,400.04193
2019-10-08 05:30:39 UTC,1491,24.50000,18.20000,23.60000,54.20000,12.20000,14.60000,10.30000,400.04120
2019-10-08 05:31:39 UTC,1492,24.40000,18.20000,23.60000,54.20000,12.10000,14.60000,10.30000,400.04047
2019-10-08 05:32:40 UTC,1493,24.40000,18.10000,23.50000,53.80000,12.00000,14.50000,10.30000,400.03973
2019-10-08 05:33:40 UTC,1494,25.30000,19.00000,23.60000,54.50000,12.80000,15.50000,10.70000,400.03900
2019-10-08 05:34:40 UTC,1495,24.80000,18.20000,23.50000,52.60000,12.00000,14.40000,10.80000,400.03827
2019-10-08 05:35:40 UTC,1496,24.50000,17.80000,23.50000,51.60000,11.60000,13.90000,10.80000,400.03754
2019-10-08 05:36:42 UTC,1497,24.40000,17.70000,23.50000,51.30000,11.50000,13.70000,10.90000,400.03680
2019-10-08 05:37:41 UTC,1498,24.50000,17.70000,23.50000,51.00000,11.40000,13.70000,11.00000,400.03607
2019-10-08 05:38:41 UTC,1499,24.30000,17.70000,23.40000,51.40000,11.40000,13.60000,10.80000,400.03555
2019-10-08 05:39:41 UTC,1500,24.30000,17.70000,23.30000,51.30000,11.40000,13.60000,10.80000,400.03519
2019-10-08 05:40:42 UTC,1501,24.40000,17.70000,23.30000,51.10000,11.40000,13.70000,10.90000,400.03482
2019-10-08 05:41:41 UTC,1502,24.40000,17.70000,23.40000,51.20000,11.40000,13.60000,10.90000,400.03445
2019-10-08 05:42:41 UTC,1503,24.40000,17.70000,23.30000,50.90000,11.40000,13.60000,11.00000,400.03409
2019-10-08 05:43:41 UTC,1504,24.40000,17.60000,23.40000,50.70000,11.30000,13.50000,11.00000,400.03372
2019-10-08 05:44:41 UTC,1505,24.30000,17.50000,23.40000,50.30000,11.20000,13.40000,11.00000,400.03336
2019-10-08 05:45:41 UTC,1506,24.30000,17.50000,23.40000,50.20000,11.20000,13.30000,11.10000,400.03299
2019-10-08 05:46:41 UTC,1507,24.40000,17.50000,23.40000,50.00000,11.10000,13.30000,11.10000,400.03262
2019-10-08 05:47:41 UTC,1508,24.30000,17.40000,23.40000,49.80000,11.00000,13.10000,11.10000,400.03226
2019-10-08 05:48:41 UTC,1509,24.40000,17.40000,23.50000,49.30000,11.00000,13.10000,11.30000,400.03189
2019-10-08 05:49:41 UTC,1510,24.30000,17.30000,23.40000,49.40000,11.00000,13.00000,11.20000,400.03152
2019-10-08 05:50:41 UTC,1511,24.30000,17.30000,23.50000,49.40000,11.00000,13.00000,11.20000,400.03116
2019-10-08 05:51:41 UTC,1512,24.20000,17.30000,23.50000,49.40000,10.90000,13.00000,11.20000,400.03079
2019-10-08 05:52:41 UTC,1513,24.40000,17.30000,23.50000,48.70000,10.90000,12.90000,11.40000,400.03043
2019-10-08 05:53:41 UTC,1514,24.20000,17.30000,23.50000,49.20000,10.90000,12.90000,11.20000,400.03006
2019-10-08 05:54:41 UTC,1515,24.20000,17.30000,23.40000,49.20000,10.90000,12.90000,11.20000,400.02969
2019-10-08 05:55:41 UTC,1516,24.20000,17.20000,23.40000,49.00000,10.80000,12.80000,11.30000,400.02933
2019-10-08 05:56:41 UTC,1517,24.20000,17.20000,23.40000,48.80000,10.80000,12.80000,11.30000,400.02896
2019-10-08 05:57:41 UTC,1518,24.20000,17.20000,23.30000,49.10000,10.80000,12.80000,11.20000,400.02859
2019-10-08 05:58:41 UTC,1519,24.00000,17.10000,23.30000,49.40000,10.80000,12.80000,11.10000,400.02823
2019-10-08 05:59:41 UTC,1520,24.00000,17.20000,23.30000,49.70000,10.90000,12.90000,11.00000,400.02786
2019-10-08 06:00:41 UTC,1521,24.10000,17.20000,23.30000,49.80000,10.90000,13.00000,11.00000,400.02750
2019-10-08 06:01:41 UTC,1522,24.10000,17.30000,23.30000,49.70000,10.90000,13.00000,11.10000,400.02713
2019-10-08 06:02:41 UTC,1523,24.10000,17.20000,23.30000,49.60000,10.90000,12.90000,11.00000,400.02676
2019-10-08 06:03:41 UTC,1524,24.10000,17.10000,23.20000,49.20000,10.80000,12.80000,11.10000,400.02640
2019-10-08 06:04:41 UTC,1525,24.00000,17.00000,23.20000,48.60000,10.60000,12.50000,11.20000,400.02603
2019-10-08 06:05:41 UTC,1526,24.00000,16.90000,23.10000,47.90000,10.50000,12.30000,11.40000,400.02567
2019-10-08 06:06:41 UTC,1527,24.00000,16.80000,23.10000,47.40000,10.40000,12.20000,11.50000,400.02530
2019-10-08 06:07:41 UTC,1528,24.00000,16.70000,23.20000,46.80000,10.20000,12.00000,11.60000,400.02493
2019-10-08 06:08:41 UTC,1529,24.00000,16.70000,23.20000,47.00000,10.20000,12.00000,11.50000,400.02457
2019-10-08 06:09:41 UTC,1530,24.00000,16.70000,23.20000,46.90000,10.20000,11.90000,11.60000,400.02420
2019-10-08 06:10:42 UTC,1531,23.90000,16.70000,23.20000,47.00000,10.20000,11.90000,11.50000,400.02383
2019-10-08 06:11:41 UTC,1532,23.90000,16.70000,23.20000,46.90000,10.20000,11.90000,11.50000,400.02347
2019-10-08 06:12:41 UTC,1533,23.80000,16.60000,23.10000,47.00000,10.20000,11.90000,11.50000,400.02310
2019-10-08 06:13:41 UTC,1534,23.90000,16.60000,23.20000,46.80000,10.10000,11.80000,11.50000,400.02274
2019-10-08 06:14:42 UTC,1535,24.00000,16.60000,23.20000,46.60000,10.10000,11.80000,11.60000,400.02237
2019-10-08 06:15:42 UTC,1536,24.00000,16.60000,23.20000,46.40000,10.10000,11.80000,11.70000,400.02200
2019-10-08 06:16:42 UTC,1537,24.00000,16.60000,23.20000,46.00000,10.00000,11.70000,11.80000,400.02164
2019-10-08 06:17:42 UTC,1538,24.00000,16.60000,23.20000,45.80000,10.00000,11.60000,11.80000,400.02127
2019-10-08 06:18:42 UTC,1539,24.00000,16.60000,23.20000,45.70000,10.00000,11.60000,11.90000,400.02090
2019-10-08 06:19:42 UTC,1540,24.00000,16.50000,23.20000,45.70000,10.00000,11.60000,11.90000,400.02054
2019-10-08 06:20:41 UTC,1541,23.80000,16.40000,23.20000,45.40000,9.80000,11.30000,11.80000,400.02017
2019-10-08 06:21:42 UTC,1542,23.80000,16.20000,23.10000,44.90000,9.70000,11.10000,11.90000,400.01981
2019-10-08 06:22:42 UTC,1543,23.80000,16.20000,23.10000,44.40000,9.60000,11.00000,12.00000,400.01944
2019-10-08 06:23:42 UTC,1544,23.80000,16.10000,23.00000,44.00000,9.50000,10.90000,12.10000,400.01907
2019-10-08 06:24:42 UTC,1545,23.80000,16.10000,23.00000,44.10000,9.50000,10.90000,12.10000,400.01895
2019-10-08 06:25:42 UTC,1546,23.80000,16.10000,23.00000,44.20000,9.50000,10.90000,12.00000,400.01895
2019-10-08 06:26:42 UTC,1547,23.80000,16.10000,23.00000,44.10000,9.50000,10.90000,12.10000,400.01895
2019-10-08 06:27:42 UTC,1548,23.80000,16.10000,23.00000,44.10000,9.50000,10.90000,12.10000,400.01895
2019-10-08 06:28:43 UTC,1549,23.80000,16.10000,23.00000,44.50000,9.60000,11.00000,12.00000,400.01895
2019-10-08 06:30:47 UTC,1550,23.90000,16.20000,23.00000,44.30000,9.60000,11.00000,12.10000,400.01895
2019-10-08 06:31:46 UTC,1551,23.80000,16.10000,23.10000,44.10000,9.50000,10.90000,12.10000,400.01895
2019-10-08 06:32:46 UTC,1552,23.80000,16.10000,23.00000,43.90000,9.50000,10.80000,12.10000,400.01895
2019-10-08 06:33:49 UTC,1553,23.80000,16.10000,23.10000,43.90000,9.50000,10.80000,12.10000,400.01895
2019-10-08 06:34:48 UTC,1554,23.90000,16.10000,23.10000,43.70000,9.50000,10.80000,12.20000,400.01895
2019-10-08 06:35:48 UTC,1555,24.00000,16.20000,23.10000,43.70000,9.50000,10.90000,12.30000,400.01895
2019-10-08 06:36:48 UTC,1556,24.00000,16.30000,23.20000,43.90000,9.60000,11.00000,12.30000,400.01895
2019-10-08 06:37:48 UTC,1557,24.20000,16.30000,23.20000,43.70000,9.60000,11.10000,12.40000,400.01895
2019-10-08 06:38:51 UTC,1558,24.10000,16.40000,23.30000,44.20000,9.70000,11.20000,12.30000,400.01895
2019-10-08 06:39:50 UTC,1559,24.30000,16.50000,23.30000,43.80000,9.70000,11.20000,12.50000,400.01895
2019-10-08 06:40:50 UTC,1560,24.30000,16.50000,23.30000,44.30000,9.80000,11.30000,12.30000,400.01895
2019-10-08 06:41:50 UTC,1561,24.20000,16.50000,23.30000,44.40000,9.80000,11.30000,12.30000,400.01895
2019-10-08 06:42:50 UTC,1562,24.20000,16.50000,23.30000,44.30000,9.80000,11.30000,12.30000,400.01895
2019-10-08 06:43:50 UTC,1563,24.30000,16.50000,23.30000,44.10000,9.80000,11.30000,12.40000,400.01895
2019-10-08 06:44:50 UTC,1564,24.40000,16.60000,23.30000,44.00000,9.80000,11.40000,12.50000,400.01895
2019-10-08 06:45:50 UTC,1565,24.40000,16.60000,23.30000,44.00000,9.80000,11.40000,12.50000,400.01895
2019-10-08 06:46:50 UTC,1566,24.40000,16.50000,23.30000,43.90000,9.80000,11.30000,12.50000,400.01895
2019-10-08 06:47:50 UTC,1567,24.40000,16.60000,23.40000,44.00000,9.80000,11.40000,12.50000,400.01895
2019-10-08 06:48:50 UTC,1568,24.60000,16.70000,23.40000,43.80000,9.90000,11.40000,12.70000,400.01895
2019-10-08 06:49:50 UTC,1569,24.60000,16.60000,23.40000,43.60000,9.80000,11.40000,12.70000,400.01895
2019-10-08 06:50:50 UTC,1570,24.50000,16.60000,23.40000,43.20000,9.70000,11.20000,12.80000,400.01895
2019-10-08 06:51:50 UTC,1571,24.60000,16.60000,23.40000,43.50000,9.80000,11.40000,12.70000,400.01895
2019-10-08 06:52:50 UTC,1572,24.60000,16.70000,23.40000,43.50000,9.80000,11.40000,12.80000,400.01895
2019-10-08 06:53:50 UTC,1573,24.60000,16.60000,23.40000,43.10000,9.80000,11.30000,12.90000,400.01895
2019-10-08 06:54:50 UTC,1574,24.70000,16.70000,23.40000,43.10000,9.80000,11.30000,12.90000,400.01895
2019-10-08 06:55:50 UTC,1575,24.70000,16.70000,23.40000,43.10000,9.80000,11.40000,12.90000,400.01895
2019-10-08 06:56:50 UTC,1576,24.70000,16.60000,23.50000,42.90000,9.70000,11.20000,13.00000,400.01895
2019-10-08 06:57:50 UTC,1577,24.60000,16.60000,23.50000,43.00000,9.70000,11.20000,12.90000,400.01895
2019-10-08 06:58:51 UTC,1578,24.60000,16.60000,23.50000,43.20000,9.80000,11.30000,12.90000,400.01895
2019-10-08 06:59:50 UTC,1579,24.70000,16.70000,23.50000,42.90000,9.80000,11.30000,13.00000,400.01895
2019-10-08 07:00:51 UTC,1580,24.80000,16.70000,23.50000,43.00000,9.80000,11.40000,13.00000,400.01895
2019-10-08 07:01:50 UTC,1581,24.70000,16.70000,23.50000,43.10000,9.80000,11.40000,13.00000,400.01895
2019-10-08 07:02:51 UTC,1582,24.80000,16.80000,23.50000,43.30000,9.90000,11.50000,12.90000,400.01895
2019-10-08 07:03:51 UTC,1583,24.80000,16.80000,23.50000,43.30000,9.90000,11.50000,12.90000,400.01895
2019-10-08 07:04:51 UTC,1584,24.80000,16.80000,23.50000,43.30000,9.90000,11.50000,13.00000,400.01895
2019-10-08 07:05:50 UTC,1585,24.80000,16.90000,23.50000,43.70000,10.00000,11.70000,12.90000,400.01895
2019-10-08 07:06:50 UTC,1586,24.60000,16.80000,23.50000,43.90000,9.90000,11.50000,12.70000,400.01895
2019-10-08 07:07:51 UTC,1587,24.60000,16.80000,23.50000,44.00000,10.00000,11.60000,12.70000,400.01895
2019-10-08 07:08:51 UTC,1588,24.70000,16.80000,23.50000,44.00000,10.00000,11.60000,12.70000,400.01895
2019-10-08 07:09:52 UTC,1589,24.80000,16.90000,23.50000,44.20000,10.10000,11.80000,12.70000,400.01895
2019-10-08 07:10:51 UTC,1590,24.80000,16.80000,23.50000,43.80000,10.00000,11.60000,12.80000,400.01895
2019-10-08 07:11:51 UTC,1591,24.80000,16.80000,23.50000,43.40000,9.90000,11.50000,12.90000,400.01895
2019-10-08 07:12:51 UTC,1592,24.70000,16.80000,23.50000,43.50000,9.90000,11.50000,12.90000,400.01895
2019-10-08 07:13:51 UTC,1593,24.80000,16.80000,23.50000,43.30000,9.90000,11.50000,12.90000,400.01895
2019-10-08 07:14:51 UTC,1594,24.70000,16.50000,23.50000,42.00000,9.50000,10.90000,13.20000,400.01895
2019-10-08 07:15:51 UTC,1595,24.80000,16.50000,23.50000,41.70000,9.50000,10.90000,13.30000,400.01895
2019-10-08 07:16:51 UTC,1596,24.70000,16.40000,23.50000,41.30000,9.40000,10.70000,13.40000,400.01895
2019-10-08 07:17:51 UTC,1597,24.70000,16.30000,23.50000,40.90000,9.30000,10.60000,13.40000,400.01895
2019-10-08 07:18:51 UTC,1598,24.70000,16.20000,23.50000,40.40000,9.20000,10.30000,13.50000,400.01895
2019-10-08 07:19:51 UTC,1599,24.80000,16.30000,23.60000,40.60000,9.20000,10.50000,13.50000,400.01895
2019-10-08 07:20:51 UTC,1600,24.70000,16.10000,23.60000,39.90000,9.10000,10.20000,13.60000,400.01895
2019-10-08 07:21:52 UTC,1601,24.70000,16.10000,23.50000,39.40000,8.90000,10.00000,13.80000,400.01895
2019-10-08 07:22:52 UTC,1602,24.70000,16.00000,23.50000,39.30000,8.90000,9.90000,13.80000,400.01895
2019-10-08 07:23:52 UTC,1603,24.70000,16.10000,23.50000,39.30000,8.90000,10.00000,13.80000,400.01895
2019-10-08 07:24:52 UTC,1604,24.70000,16.00000,23.50000,38.90000,8.80000,9.80000,13.90000,400.01895
2019-10-08 07:25:52 UTC,1605,24.60000,16.00000,23.50000,39.50000,8.90000,10.00000,13.70000,400.01895
2019-10-08 07:26:52 UTC,1606,24.70000,16.00000,23.50000,39.40000,8.90000,9.90000,13.70000,400.01895
2019-10-08 07:27:52 UTC,1607,24.60000,16.10000,23.50000,40.10000,9.10000,10.20000,13.60000,400.01895
2019-10-08 07:28:52 UTC,1608,24.50000,15.90000,23.50000,39.60000,8.90000,9.80000,13.50000,400.01895
2019-10-08 07:29:52 UTC,1609,24.60000,15.90000,23.50000,39.40000,8.90000,9.90000,13.70000,400.01895
2019-10-08 07:30:52 UTC,1610,24.50000,15.90000,23.50000,39.50000,8.90000,9.80000,13.60000,400.01895
2019-10-08 07:31:52 UTC,1611,24.50000,15.90000,23.50000,39.50000,8.90000,9.90000,13.60000,400.01895
2019-10-08 07:32:52 UTC,1612,24.60000,16.00000,23.50000,39.80000,9.00000,10.00000,13.60000,400.01895
2019-10-08 07:33:52 UTC,1613,24.60000,16.10000,23.50000,40.10000,9.10000,10.20000,13.60000,400.01895
2019-10-08 07:34:52 UTC,1614,24.70000,16.20000,23.50000,40.40000,9.20000,10.30000,13.50000,400.01895
2019-10-08 07:35:52 UTC,1615,24.70000,16.20000,23.50000,40.50000,9.20000,10.40000,13.50000,400.01895
2019-10-08 07:36:52 UTC,1616,24.70000,16.20000,23.50000,40.40000,9.20000,10.40000,13.50000,400.01895
2019-10-08 07:37:52 UTC,1617,24.70000,16.30000,23.40000,40.90000,9.30000,10.60000,13.50000,400.01895
2019-10-08 07:38:52 UTC,1618,24.80000,16.40000,23.40000,41.10000,9.40000,10.70000,13.50000,400.01895
2019-10-08 07:39:52 UTC,1619,24.80000,16.40000,23.40000,41.20000,9.40000,10.80000,13.50000,400.01895
2019-10-08 07:40:52 UTC,1620,24.90000,16.50000,23.40000,41.30000,9.50000,10.80000,13.50000,400.01895
2019-10-08 07:41:52 UTC,1621,24.90000,16.50000,23.40000,41.30000,9.50000,10.90000,13.50000,400.01895
2019-10-08 07:42:52 UTC,1622,24.90000,16.60000,23.40000,41.60000,9.50000,11.00000,13.40000,400.01895
2019-10-08 07:43:52 UTC,1623,24.90000,16.60000,23.40000,42.00000,9.60000,11.10000,13.30000,400.02356
2019-10-08 07:44:52 UTC,1624,25.00000,16.60000,23.40000,41.80000,9.60000,11.10000,13.40000,400.04309
2019-10-08 07:45:52 UTC,1625,24.90000,16.70000,23.40000,42.10000,9.70000,11.20000,13.30000,400.07819
2019-10-08 07:46:52 UTC,1626,24.90000,16.70000,23.40000,42.50000,9.80000,11.30000,13.20000,400.13882
2019-10-08 07:47:52 UTC,1627,25.00000,16.80000,23.30000,42.50000,9.80000,11.40000,13.30000,400.25574
2019-10-08 07:48:52 UTC,1628,25.00000,16.80000,23.30000,42.70000,9.80000,11.40000,13.20000,400.44092
2019-10-08 07:50:52 UTC,1629,25.00000,16.90000,23.30000,43.10000,9.90000,11.60000,13.20000,401.02957
2019-10-08 07:51:52 UTC,1630,25.00000,16.90000,23.20000,43.30000,10.00000,11.70000,13.10000,401.64627
2019-10-08 07:52:52 UTC,1631,24.90000,17.00000,23.30000,44.00000,10.10000,11.80000,12.80000,402.63617
2019-10-08 07:53:52 UTC,1632,25.00000,17.00000,23.30000,44.10000,10.20000,11.90000,12.90000,404.10867
2019-10-08 07:54:52 UTC,1633,25.00000,17.10000,23.30000,44.10000,10.20000,12.00000,12.90000,405.90668
2019-10-08 07:55:52 UTC,1634,25.00000,17.20000,23.30000,44.70000,10.30000,12.20000,12.80000,407.48935
2019-10-08 07:56:52 UTC,1635,25.00000,17.20000,23.40000,44.70000,10.30000,12.10000,12.80000,408.56757
2019-10-08 07:57:52 UTC,1636,25.00000,17.20000,23.40000,45.00000,10.40000,12.20000,12.70000,409.34882
2019-10-08 07:58:52 UTC,1637,25.00000,17.20000,23.40000,44.80000,10.40000,12.20000,12.80000,409.92609
2019-10-08 07:59:52 UTC,1638,25.10000,17.30000,23.40000,44.90000,10.40000,12.30000,12.80000,410.08115
2019-10-08 08:00:52 UTC,1639,25.10000,17.30000,23.40000,44.80000,10.40000,12.30000,12.80000,409.90201
2019-10-08 08:01:52 UTC,1640,25.00000,17.30000,23.40000,45.10000,10.40000,12.30000,12.70000,409.47617
2019-10-08 08:02:52 UTC,1641,25.10000,17.30000,23.40000,45.10000,10.50000,12.30000,12.70000,408.74619
2019-10-08 08:03:52 UTC,1642,25.10000,17.30000,23.30000,45.30000,10.50000,12.40000,12.70000,407.80359
2019-10-08 08:04:52 UTC,1643,25.10000,17.30000,23.30000,45.20000,10.50000,12.40000,12.70000,406.76294
2019-10-08 08:05:52 UTC,1644,25.10000,17.30000,23.30000,45.10000,10.50000,12.40000,12.80000,405.77023
2019-10-08 08:06:52 UTC,1645,25.10000,17.30000,23.30000,45.20000,10.50000,12.40000,12.70000,404.98700
2019-10-08 08:07:52 UTC,1646,25.10000,17.30000,23.30000,45.20000,10.50000,12.40000,12.70000,404.52209
2019-10-08 08:08:52 UTC,1647,25.10000,17.40000,23.30000,45.20000,10.50000,12.50000,12.80000,404.51913
2019-10-08 08:09:52 UTC,1648,25.20000,17.40000,23.30000,45.30000,10.60000,12.50000,12.80000,404.80304
2019-10-08 08:10:52 UTC,1649,25.20000,17.40000,23.30000,45.40000,10.60000,12.50000,12.70000,405.23657
2019-10-08 08:11:52 UTC,1650,25.20000,17.40000,23.30000,45.40000,10.60000,12.60000,12.80000,405.83075
2019-10-08 08:12:52 UTC,1651,25.30000,17.40000,23.30000,45.20000,10.60000,12.50000,12.90000,406.55026
2019-10-08 08:13:52 UTC,1652,25.30000,17.50000,23.30000,45.20000,10.60000,12.60000,12.80000,407.29999
2019-10-08 08:14:52 UTC,1653,25.20000,17.50000,23.30000,45.20000,10.60000,12.60000,12.80000,407.76553
2019-10-08 08:15:52 UTC,1654,25.20000,17.40000,23.20000,45.40000,10.60000,12.60000,12.80000,408.16293
2019-10-08 08:17:52 UTC,1655,25.20000,17.40000,23.20000,45.10000,10.50000,12.50000,12.80000,410.90024
2019-10-08 08:20:15 UTC,1656,25.20000,17.40000,23.20000,45.20000,10.60000,12.50000,12.80000,458.95062
2019-10-08 08:21:16 UTC,1657,25.20000,17.40000,23.20000,45.20000,10.60000,12.50000,12.80000,461.44843
2019-10-08 08:22:16 UTC,1658,25.20000,17.40000,23.20000,45.20000,10.50000,12.50000,12.80000,462.40472
2019-10-08 08:23:15 UTC,1659,25.10000,17.40000,23.20000,45.20000,10.50000,12.50000,12.80000,462.64401
2019-10-08 08:24:16 UTC,1660,25.20000,17.40000,23.20000,45.10000,10.50000,12.40000,12.80000,462.57260
2019-10-08 08:25:16 UTC,1661,25.20000,17.40000,23.20000,45.00000,10.50000,12.40000,12.90000,462.38269
2019-10-08 08:26:15 UTC,1662,25.30000,17.40000,23.30000,44.90000,10.50000,12.50000,12.90000,462.75073
2019-10-08 08:27:15 UTC,1663,25.20000,17.40000,23.20000,45.00000,10.50000,12.50000,12.90000,463.17792
2019-10-08 08:28:16 UTC,1664,25.20000,17.40000,23.20000,45.20000,10.60000,12.50000,12.80000,463.49213
2019-10-08 08:29:16 UTC,1665,25.20000,17.40000,23.20000,45.30000,10.50000,12.50000,12.80000,463.72852
2019-10-08 08:30:17 UTC,1666,25.20000,17.30000,23.20000,45.00000,10.50000,12.40000,12.80000,464.07587
2019-10-08 08:31:16 UTC,1667,25.20000,17.30000,23.20000,44.80000,10.50000,12.40000,12.90000,464.41605
2019-10-08 08:32:16 UTC,1668,25.20000,17.40000,23.20000,45.10000,10.50000,12.40000,12.80000,464.75095
2019-10-08 08:33:16 UTC,1669,25.20000,17.30000,23.20000,44.80000,10.50000,12.40000,12.90000,464.92880
2019-10-08 08:34:16 UTC,1670,25.20000,17.30000,23.20000,44.70000,10.50000,12.40000,12.90000,464.79156
2019-10-08 08:35:16 UTC,1671,25.20000,17.30000,23.20000,44.70000,10.40000,12.30000,12.90000,464.55591
2019-10-08 08:36:16 UTC,1672,25.20000,17.20000,23.10000,44.50000,10.40000,12.20000,12.90000,464.10669
2019-10-08 08:37:16 UTC,1673,25.20000,17.30000,23.10000,44.40000,10.40000,12.20000,13.00000,463.68002
2019-10-08 08:38:16 UTC,1674,25.20000,17.30000,23.10000,44.40000,10.40000,12.20000,13.00000,463.41583
2019-10-08 08:39:16 UTC,1675,25.20000,17.30000,23.10000,44.70000,10.40000,12.30000,12.90000,463.02267
2019-10-08 08:40:17 UTC,1676,25.20000,17.30000,23.10000,44.40000,10.40000,12.20000,13.00000,462.54321
2019-10-08 08:41:16 UTC,1677,25.20000,17.20000,23.10000,44.20000,10.30000,12.20000,13.00000,461.61523
2019-10-08 08:42:16 UTC,1678,25.20000,17.30000,23.10000,44.20000,10.30000,12.20000,13.10000,460.72342
2019-10-08 08:43:17 UTC,1679,25.20000,17.30000,23.10000,44.10000,10.30000,12.20000,13.10000,460.15146
2019-10-08 08:44:16 UTC,1680,25.20000,17.30000,23.10000,44.20000,10.30000,12.20000,13.10000,459.82956
2019-10-08 08:45:16 UTC,1681,25.30000,17.30000,23.10000,44.00000,10.30000,12.20000,13.10000,459.60855
2019-10-08 08:46:16 UTC,1682,25.20000,17.20000,23.10000,43.90000,10.30000,12.10000,13.10000,459.36188
2019-10-08 08:47:16 UTC,1683,25.20000,17.20000,23.10000,43.80000,10.20000,12.00000,13.10000,459.04276
2019-10-08 08:48:16 UTC,1684,25.20000,17.20000,23.10000,43.80000,10.20000,12.00000,13.10000,458.89233
2019-10-08 08:49:16 UTC,1685,25.20000,17.20000,23.10000,43.90000,10.30000,12.10000,13.10000,458.96844
2019-10-08 08:50:16 UTC,1686,25.10000,17.10000,23.10000,43.90000,10.20000,12.00000,13.00000,459.20984
2019-10-08 08:51:16 UTC,1687,25.10000,17.10000,23.10000,43.90000,10.20000,11.90000,13.00000,459.54391
2019-10-08 08:52:16 UTC,1688,25.10000,17.10000,23.10000,43.60000,10.10000,11.90000,13.10000,459.85379
2019-10-08 08:53:16 UTC,1689,25.20000,17.10000,23.10000,43.60000,10.20000,11.90000,13.10000,460.08417
2019-10-08 08:54:16 UTC,1690,25.10000,17.00000,23.20000,43.40000,10.10000,11.80000,13.10000,460.18060
2019-10-08 08:55:16 UTC,1691,25.10000,17.10000,23.30000,43.40000,10.10000,11.80000,13.20000,460.06018
2019-10-08 08:56:16 UTC,1692,25.20000,17.10000,23.40000,43.10000,10.10000,11.80000,13.30000,459.80173
2019-10-08 08:57:16 UTC,1693,25.30000,17.10000,23.50000,43.30000,10.10000,11.90000,13.30000,459.56821
2019-10-08 08:58:17 UTC,1694,25.30000,17.20000,23.60000,43.30000,10.20000,11.90000,13.30000,459.50818
2019-10-08 08:59:17 UTC,1695,25.30000,17.20000,23.60000,43.20000,10.20000,11.90000,13.40000,459.62436
2019-10-08 09:00:17 UTC,1696,25.40000,17.30000,23.70000,43.30000,10.20000,12.00000,13.40000,459.95142
2019-10-08 09:01:16 UTC,1697,25.40000,17.30000,23.70000,43.30000,10.20000,12.00000,13.40000,460.71585
2019-10-08 09:02:17 UTC,1698,25.40000,17.30000,23.70000,43.30000,10.30000,12.10000,13.40000,462.15863
2019-10-08 09:03:17 UTC,1699,25.50000,17.30000,23.80000,43.40000,10.30000,12.10000,13.40000,465.06247
2019-10-08 09:04:17 UTC,1700,25.50000,17.30000,23.80000,43.30000,10.30000,12.10000,13.50000,470.42407
2019-10-08 09:05:17 UTC,1701,25.50000,17.40000,23.90000,43.50000,10.30000,12.20000,13.40000,477.86670
2019-10-08 09:06:17 UTC,1702,25.50000,17.40000,23.90000,43.50000,10.40000,12.20000,13.50000,485.17307
2019-10-08 09:07:16 UTC,1703,25.60000,17.40000,23.90000,43.50000,10.40000,12.30000,13.50000,491.48761
2019-10-08 09:08:17 UTC,1704,25.60000,17.50000,23.90000,43.60000,10.40000,12.30000,13.50000,496.91156
2019-10-08 09:09:17 UTC,1705,25.60000,17.50000,23.90000,43.50000,10.40000,12.30000,13.50000,501.89883
2019-10-08 09:10:17 UTC,1706,25.60000,17.50000,24.00000,43.80000,10.50000,12.40000,13.40000,506.98083
2019-10-08 09:11:17 UTC,1707,25.60000,17.50000,24.00000,44.00000,10.50000,12.40000,13.40000,512.12994
2019-10-08 09:12:17 UTC,1708,25.60000,17.60000,24.00000,44.20000,10.60000,12.50000,13.40000,518.37219
2019-10-08 09:13:17 UTC,1709,25.60000,17.60000,24.00000,44.20000,10.60000,12.60000,13.40000,526.20514
2019-10-08 09:14:17 UTC,1710,25.60000,17.60000,24.00000,44.40000,10.60000,12.60000,13.30000,534.08148
2019-10-08 09:15:17 UTC,1711,25.60000,17.60000,24.00000,44.30000,10.60000,12.60000,13.30000,540.32745
2019-10-08 09:16:17 UTC,1712,25.50000,17.60000,24.00000,44.70000,10.60000,12.60000,13.20000,545.69745
2019-10-08 09:17:17 UTC,1713,25.50000,17.60000,24.00000,44.60000,10.60000,12.60000,13.20000,550.01825
2019-10-08 09:18:17 UTC,1714,25.60000,17.60000,24.00000,44.50000,10.60000,12.60000,13.30000,552.64301
2019-10-08 09:19:17 UTC,1715,25.60000,17.60000,24.00000,44.60000,10.70000,12.70000,13.20000,555.26733
2019-10-08 09:20:17 UTC,1716,25.60000,17.60000,24.00000,44.60000,10.70000,12.70000,13.30000,558.12213
2019-10-08 09:21:17 UTC,1717,25.60000,17.70000,24.10000,44.70000,10.70000,12.70000,13.30000,561.11047
2019-10-08 09:22:17 UTC,1718,25.60000,17.70000,24.10000,44.70000,10.70000,12.70000,13.30000,563.72491
2019-10-08 09:23:17 UTC,1719,25.70000,17.70000,24.10000,44.70000,10.70000,12.80000,13.30000,565.71637
2019-10-08 09:24:17 UTC,1720,25.60000,17.70000,24.10000,44.90000,10.80000,12.80000,13.20000,567.71826
2019-10-08 09:25:17 UTC,1721,25.60000,17.70000,24.10000,44.70000,10.70000,12.70000,13.20000,569.66565
2019-10-08 09:26:17 UTC,1722,25.60000,17.70000,24.10000,44.80000,10.70000,12.80000,13.20000,571.96844
2019-10-08 09:27:17 UTC,1723,25.70000,17.70000,24.10000,44.70000,10.70000,12.80000,13.30000,574.94092
2019-10-08 09:28:17 UTC,1724,25.70000,17.70000,24.10000,44.70000,10.70000,12.80000,13.30000,578.19818
2019-10-08 09:29:17 UTC,1725,25.70000,17.70000,24.10000,44.60000,10.70000,12.80000,13.40000,580.98297
2019-10-08 09:30:17 UTC,1726,25.70000,17.80000,24.10000,44.80000,10.80000,12.90000,13.30000,582.99225
2019-10-08 09:31:17 UTC,1727,25.80000,17.80000,24.10000,44.70000,10.80000,12.80000,13.30000,585.35522
2019-10-08 09:32:17 UTC,1728,25.70000,17.80000,24.10000,44.90000,10.80000,12.90000,13.30000,588.62463
2019-10-08 09:33:17 UTC,1729,25.80000,17.80000,24.10000,44.90000,10.80000,12.90000,13.30000,592.84753
2019-10-08 09:34:17 UTC,1730,25.80000,17.90000,24.10000,45.10000,10.90000,13.00000,13.30000,598.73688
2019-10-08 09:35:17 UTC,1731,25.80000,17.80000,24.10000,45.00000,10.90000,13.00000,13.30000,606.26813
2019-10-08 09:36:17 UTC,1732,25.80000,17.80000,24.10000,44.90000,10.90000,12.90000,13.30000,613.02917
2019-10-08 09:37:17 UTC,1733,25.80000,17.90000,24.10000,45.00000,10.90000,13.00000,13.30000,618.72369
2019-10-08 09:38:17 UTC,1734,25.80000,17.80000,24.10000,44.90000,10.90000,13.00000,13.30000,623.30450
2019-10-08 09:39:17 UTC,1735,25.80000,17.80000,24.20000,44.90000,10.90000,12.90000,13.30000,626.77844
2019-10-08 09:40:21 UTC,1736,25.80000,17.90000,24.20000,45.10000,10.90000,13.00000,13.30000,629.25867
2019-10-08 09:41:17 UTC,1737,25.90000,17.90000,24.20000,45.10000,10.90000,13.10000,13.30000,631.08246
2019-10-08 09:42:17 UTC,1738,25.90000,18.00000,24.20000,45.20000,11.00000,13.10000,13.30000,633.01685
2019-10-08 09:43:17 UTC,1739,25.90000,18.00000,24.20000,45.20000,11.00000,13.10000,13.30000,635.15045
2019-10-08 09:44:17 UTC,1740,25.90000,18.00000,24.20000,45.20000,11.00000,13.10000,13.30000,637.97937
2019-10-08 09:45:17 UTC,1741,25.90000,18.00000,24.20000,45.30000,11.00000,13.20000,13.30000,641.21295
2019-10-08 09:46:17 UTC,1742,26.00000,18.00000,24.20000,45.10000,11.00000,13.20000,13.40000,643.55054
2019-10-08 09:47:17 UTC,1743,26.00000,18.00000,24.20000,45.20000,11.00000,13.20000,13.40000,645.67499
2019-10-08 09:48:17 UTC,1744,26.00000,18.00000,24.20000,45.20000,11.00000,13.20000,13.40000,648.22229
2019-10-08 09:49:17 UTC,1745,26.00000,18.00000,24.20000,45.00000,11.00000,13.20000,13.40000,651.17261
2019-10-08 09:50:17 UTC,1746,26.00000,18.00000,24.20000,45.10000,11.00000,13.20000,13.40000,653.89117
2019-10-08 09:51:17 UTC,1747,26.00000,18.10000,24.30000,45.20000,11.10000,13.20000,13.40000,656.33160
2019-10-08 09:52:17 UTC,1748,26.00000,18.00000,24.30000,45.20000,11.10000,13.20000,13.40000,658.77838
2019-10-08 09:53:17 UTC,1749,26.00000,18.10000,24.30000,45.40000,11.10000,13.30000,13.30000,661.57001
2019-10-08 09:54:17 UTC,1750,26.00000,18.10000,24.30000,45.30000,11.10000,13.30000,13.40000,665.48651
2019-10-08 09:55:17 UTC,1751,26.00000,18.10000,24.30000,45.30000,11.10000,13.30000,13.40000,670.65259
2019-10-08 09:56:17 UTC,1752,26.00000,18.10000,24.30000,45.40000,11.10000,13.30000,13.40000,676.16772
2019-10-08 09:57:17 UTC,1753,26.00000,18.10000,24.30000,45.60000,11.10000,13.30000,13.30000,681.06683
2019-10-08 09:58:17 UTC,1754,26.00000,18.10000,24.30000,45.30000,11.10000,13.30000,13.40000,686.07892
2019-10-08 09:59:17 UTC,1755,26.00000,18.10000,24.30000,45.30000,11.10000,13.30000,13.40000,690.09595
2019-10-08 10:00:18 UTC,1756,26.00000,18.10000,24.30000,45.20000,11.10000,13.30000,13.40000,693.04425
2019-10-08 10:01:17 UTC,1757,26.00000,18.10000,24.30000,45.40000,11.10000,13.30000,13.30000,695.28149
2019-10-08 10:02:17 UTC,1758,26.00000,18.10000,24.30000,45.30000,11.10000,13.30000,13.40000,696.37708
2019-10-08 10:03:17 UTC,1759,26.00000,18.10000,24.30000,45.20000,11.10000,13.20000,13.40000,696.57843
2019-10-08 10:04:17 UTC,1760,26.00000,18.10000,24.30000,45.30000,11.10000,13.30000,13.40000,696.56146
2019-10-08 10:05:17 UTC,1761,26.00000,18.10000,24.30000,45.40000,11.10000,13.30000,13.40000,696.38629
2019-10-08 10:06:17 UTC,1762,26.00000,18.10000,24.30000,45.40000,11.10000,13.30000,13.40000,695.80145
2019-10-08 10:07:17 UTC,1763,26.00000,18.10000,24.30000,45.40000,11.10000,13.30000,13.40000,695.28943
2019-10-08 10:08:17 UTC,1764,26.10000,18.10000,24.30000,45.40000,11.10000,13.40000,13.40000,695.17908
2019-10-08 10:09:17 UTC,1765,26.00000,18.10000,24.30000,45.60000,11.20000,13.40000,13.30000,695.41882
2019-10-08 10:10:17 UTC,1766,26.00000,18.10000,24.30000,45.50000,11.20000,13.40000,13.30000,695.78113
2019-10-08 10:11:17 UTC,1767,26.10000,18.10000,24.30000,45.20000,11.10000,13.30000,13.50000,696.55774
2019-10-08 10:12:17 UTC,1768,26.10000,18.10000,24.30000,45.30000,11.10000,13.30000,13.40000,697.46460
2019-10-08 10:13:17 UTC,1769,26.10000,18.10000,24.30000,45.20000,11.10000,13.30000,13.50000,698.29492
2019-10-08 10:14:17 UTC,1770,26.10000,18.10000,24.30000,45.20000,11.10000,13.30000,13.50000,699.12872
2019-10-08 10:15:17 UTC,1771,26.10000,18.10000,24.30000,45.30000,11.10000,13.40000,13.40000,699.84595
2019-10-08 10:16:17 UTC,1772,26.10000,18.10000,24.30000,45.40000,11.20000,13.40000,13.40000,699.96082
2019-10-08 10:17:17 UTC,1773,26.10000,18.20000,24.30000,45.40000,11.20000,13.40000,13.40000,699.55115
2019-10-08 10:18:17 UTC,1774,26.10000,18.20000,24.30000,45.40000,11.20000,13.40000,13.40000,698.84863
2019-10-08 10:19:17 UTC,1775,26.10000,18.20000,24.30000,45.30000,11.10000,13.40000,13.40000,698.06995
2019-10-08 10:20:17 UTC,1776,26.10000,18.10000,24.20000,45.30000,11.10000,13.30000,13.40000,697.19147
2019-10-08 10:21:17 UTC,1777,26.10000,18.10000,24.30000,45.40000,11.20000,13.40000,13.40000,696.56921
2019-10-08 10:22:17 UTC,1778,26.10000,18.10000,24.20000,45.30000,11.10000,13.40000,13.40000,696.39929
2019-10-08 10:23:17 UTC,1779,26.10000,18.20000,24.20000,45.40000,11.20000,13.40000,13.40000,696.45294
2019-10-08 10:24:17 UTC,1780,26.10000,18.20000,24.20000,45.30000,11.10000,13.40000,13.40000,696.72894
2019-10-08 10:25:17 UTC,1781,26.10000,18.20000,24.20000,45.30000,11.20000,13.40000,13.40000,697.01581
2019-10-08 10:26:17 UTC,1782,26.10000,18.10000,24.20000,45.40000,11.10000,13.40000,13.40000,697.57025
2019-10-08 10:27:17 UTC,1783,26.00000,18.10000,24.20000,45.50000,11.20000,13.40000,13.40000,698.11108
2019-10-08 10:28:17 UTC,1784,26.00000,18.10000,24.00000,45.60000,11.10000,13.30000,13.30000,698.99780
2019-10-08 10:29:17 UTC,1785,25.80000,18.00000,24.00000,45.80000,11.10000,13.30000,13.10000,699.73236
2019-10-08 10:30:18 UTC,1786,25.90000,18.10000,23.90000,45.80000,11.10000,13.30000,13.20000,700.16516
2019-10-08 10:31:17 UTC,1787,25.80000,18.00000,24.00000,45.50000,11.00000,13.20000,13.20000,700.54840
2019-10-08 10:32:17 UTC,1788,25.90000,18.00000,24.00000,45.20000,11.00000,13.10000,13.30000,700.83899
2019-10-08 10:33:17 UTC,1789,26.00000,17.90000,24.00000,44.40000,10.80000,12.90000,13.60000,700.54272
2019-10-08 10:34:17 UTC,1790,26.00000,17.90000,24.00000,44.50000,10.80000,12.90000,13.60000,699.35077
2019-10-08 10:35:17 UTC,1791,26.00000,17.90000,24.00000,44.50000,10.90000,13.00000,13.50000,696.01880
2019-10-08 10:36:17 UTC,1792,26.00000,17.90000,24.00000,44.50000,10.90000,13.00000,13.50000,688.97339
2019-10-08 10:37:17 UTC,1793,26.00000,17.90000,24.10000,44.50000,10.90000,13.00000,13.50000,680.10699
2019-10-08 10:38:17 UTC,1794,26.00000,17.90000,24.10000,44.60000,10.90000,13.00000,13.50000,671.87262
2019-10-08 10:39:17 UTC,1795,26.00000,17.90000,24.10000,44.40000,10.90000,13.00000,13.60000,664.27704
2019-10-08 10:40:17 UTC,1796,26.00000,17.90000,24.10000,44.40000,10.80000,12.90000,13.60000,658.22589
2019-10-08 10:41:17 UTC,1797,25.90000,17.90000,24.10000,44.60000,10.90000,13.00000,13.50000,653.67719
2019-10-08 10:42:17 UTC,1798,26.00000,17.90000,24.10000,44.70000,10.90000,13.00000,13.50000,650.07050
2019-10-08 10:43:17 UTC,1799,25.90000,17.90000,24.10000,44.80000,10.90000,13.00000,13.50000,647.20123
2019-10-08 10:44:18 UTC,1800,25.90000,17.90000,24.10000,45.00000,10.90000,13.10000,13.40000,645.14410
2019-10-08 10:45:17 UTC,1801,25.90000,17.90000,24.10000,45.00000,10.90000,13.10000,13.40000,643.18567
2019-10-08 10:46:17 UTC,1802,25.90000,17.90000,24.10000,44.90000,10.90000,13.00000,13.40000,641.88293
2019-10-08 10:47:17 UTC,1803,25.90000,17.90000,24.10000,44.90000,10.90000,13.00000,13.40000,640.84686
2019-10-08 10:48:18 UTC,1804,25.90000,17.90000,24.10000,44.90000,10.90000,13.00000,13.40000,640.09564
2019-10-08 10:49:18 UTC,1805,25.90000,17.90000,24.10000,45.00000,10.90000,13.10000,13.40000,639.26648
2019-10-08 10:50:18 UTC,1806,25.90000,17.90000,24.10000,45.00000,10.90000,13.00000,13.30000,638.68201
2019-10-08 10:51:17 UTC,1807,25.80000,17.90000,24.10000,45.10000,10.90000,13.00000,13.30000,638.22430
2019-10-08 10:52:17 UTC,1808,25.80000,17.90000,24.10000,45.10000,10.90000,13.00000,13.30000,637.72607
2019-10-08 10:53:17 UTC,1809,25.80000,17.90000,24.10000,45.20000,10.90000,13.10000,13.30000,637.23260
2019-10-08 10:54:18 UTC,1810,25.80000,17.90000,24.10000,45.10000,10.90000,13.10000,13.30000,636.60016
2019-10-08 10:55:18 UTC,1811,25.80000,17.90000,24.10000,45.10000,10.90000,13.00000,13.30000,635.92389
2019-10-08 10:56:18 UTC,1812,25.80000,17.90000,24.10000,45.20000,11.00000,13.10000,13.30000,634.95575
2019-10-08 10:57:17 UTC,1813,25.80000,17.90000,24.10000,45.20000,10.90000,13.10000,13.20000,633.98602
2019-10-08 10:58:18 UTC,1814,25.80000,17.90000,24.10000,45.40000,11.00000,13.10000,13.20000,633.02484
2019-10-08 10:59:18 UTC,1815,25.80000,17.90000,24.00000,45.30000,10.90000,13.10000,13.20000,631.97400
2019-10-08 11:00:18 UTC,1816,25.80000,17.90000,24.00000,45.20000,10.90000,13.10000,13.20000,631.06165
2019-10-08 11:01:18 UTC,1817,25.80000,17.90000,24.00000,45.10000,10.90000,13.00000,13.30000,630.24774
2019-10-08 11:02:18 UTC,1818,25.80000,17.90000,24.00000,45.30000,10.90000,13.10000,13.20000,629.59155
2019-10-08 11:03:18 UTC,1819,25.80000,17.90000,24.00000,45.20000,10.90000,13.00000,13.20000,629.09570
2019-10-08 11:04:18 UTC,1820,25.70000,17.90000,24.00000,45.40000,10.90000,13.00000,13.20000,628.56287
2019-10-08 11:05:18 UTC,1821,25.70000,17.90000,24.00000,45.40000,10.90000,13.10000,13.20000,628.11554
2019-10-08 11:06:18 UTC,1822,25.80000,17.90000,24.00000,45.30000,10.90000,13.10000,13.20000,627.64746
2019-10-08 11:07:18 UTC,1823,25.70000,17.90000,24.00000,45.50000,11.00000,13.10000,13.10000,627.27191
2019-10-08 11:08:18 UTC,1824,25.80000,17.90000,24.00000,45.10000,10.90000,13.00000,13.20000,626.66425
2019-10-08 11:09:18 UTC,1825,25.70000,17.90000,24.00000,45.40000,10.90000,13.00000,13.20000,625.84430
2019-10-08 11:10:18 UTC,1826,25.70000,17.90000,24.00000,45.50000,10.90000,13.10000,13.10000,624.68945
2019-10-08 11:11:18 UTC,1827,25.70000,17.90000,24.00000,45.50000,11.00000,13.10000,13.10000,623.24738
2019-10-08 11:12:18 UTC,1828,25.70000,17.90000,24.00000,45.50000,10.90000,13.10000,13.10000,621.76807
2019-10-08 11:13:18 UTC,1829,25.70000,17.80000,24.00000,45.50000,10.90000,13.00000,13.10000,620.21490
2019-10-08 11:14:18 UTC,1830,25.70000,17.80000,24.00000,45.40000,10.90000,13.00000,13.10000,618.70673
2019-10-08 11:15:18 UTC,1831,25.60000,17.80000,24.00000,45.60000,10.90000,13.00000,13.00000,617.24835
2019-10-08 11:16:18 UTC,1832,25.60000,17.80000,24.00000,45.60000,10.90000,13.00000,13.00000,615.98846
2019-10-08 11:17:18 UTC,1833,25.60000,17.80000,24.00000,45.60000,10.90000,13.00000,13.00000,615.19727
2019-10-08 11:18:18 UTC,1834,25.60000,17.80000,24.00000,45.70000,10.90000,13.10000,13.00000,614.49261
2019-10-08 11:19:18 UTC,1835,25.60000,17.80000,24.00000,45.90000,11.00000,13.10000,12.90000,613.94751
2019-10-08 11:20:18 UTC,1836,25.60000,17.80000,24.00000,45.90000,11.00000,13.10000,12.90000,613.37964
2019-10-08 11:21:18 UTC,1837,25.60000,17.80000,24.00000,45.90000,11.00000,13.10000,12.90000,612.94629
2019-10-08 11:22:18 UTC,1838,25.60000,17.80000,24.00000,45.90000,11.00000,13.10000,12.90000,612.58545
2019-10-08 11:23:18 UTC,1839,25.60000,17.80000,24.00000,45.90000,11.00000,13.10000,12.90000,612.24957
2019-10-08 11:24:18 UTC,1840,25.60000,17.80000,24.00000,45.90000,11.00000,13.10000,12.90000,611.84998
2019-10-08 11:25:18 UTC,1841,25.60000,17.80000,24.00000,46.00000,11.00000,13.10000,12.90000,611.34729
2019-10-08 11:26:18 UTC,1842,25.60000,17.80000,24.00000,46.00000,11.00000,13.10000,12.90000,610.72491
2019-10-08 11:27:18 UTC,1843,25.50000,17.80000,24.00000,46.10000,11.00000,13.10000,12.90000,609.96490
2019-10-08 11:28:18 UTC,1844,25.50000,17.80000,24.00000,46.00000,11.00000,13.10000,12.90000,609.17889
2019-10-08 11:29:18 UTC,1845,25.60000,17.80000,24.00000,45.90000,11.00000,13.10000,12.90000,608.36615
2019-10-08 11:30:18 UTC,1846,25.50000,17.90000,24.00000,46.20000,11.00000,13.20000,12.80000,607.32703
2019-10-08 11:31:18 UTC,1847,25.50000,17.90000,24.00000,46.20000,11.00000,13.20000,12.80000,606.23163
2019-10-08 11:32:18 UTC,1848,25.50000,17.90000,24.00000,46.30000,11.00000,13.20000,12.80000,605.20697
2019-10-08 11:33:18 UTC,1849,25.50000,17.80000,24.00000,46.20000,11.00000,13.10000,12.80000,603.99219
2019-10-08 11:34:18 UTC,1850,25.50000,17.90000,24.00000,46.30000,11.00000,13.20000,12.80000,602.97418
2019-10-08 11:35:18 UTC,1851,25.50000,17.80000,24.00000,46.20000,11.00000,13.20000,12.80000,602.00739
2019-10-08 11:36:18 UTC,1852,25.50000,17.80000,24.00000,46.40000,11.00000,13.20000,12.70000,600.88000
2019-10-08 11:37:18 UTC,1853,25.50000,17.80000,23.90000,46.30000,11.00000,13.10000,12.80000,599.76471
2019-10-08 11:38:18 UTC,1854,25.50000,17.80000,23.90000,46.20000,11.00000,13.10000,12.80000,598.60742
2019-10-08 11:39:18 UTC,1855,25.50000,17.80000,23.90000,46.30000,11.00000,13.10000,12.80000,597.74402
2019-10-08 11:40:18 UTC,1856,25.50000,17.80000,23.90000,46.30000,11.00000,13.10000,12.80000,596.53558
2019-10-08 11:41:18 UTC,1857,25.50000,17.80000,23.90000,46.20000,11.00000,13.10000,12.80000,595.65607
2019-10-08 11:42:18 UTC,1858,25.50000,17.80000,23.90000,46.40000,11.00000,13.10000,12.70000,594.87360
2019-10-08 11:43:18 UTC,1859,25.50000,17.80000,23.90000,46.20000,11.00000,13.10000,12.80000,594.12610
2019-10-08 11:44:18 UTC,1860,25.50000,17.80000,23.90000,46.30000,11.00000,13.10000,12.70000,593.64508
2019-10-08 11:45:18 UTC,1861,25.40000,17.80000,23.90000,46.50000,11.00000,13.20000,12.70000,593.07721
2019-10-08 11:46:18 UTC,1862,25.40000,17.80000,23.90000,46.60000,11.00000,13.20000,12.60000,592.49091
2019-10-08 11:47:18 UTC,1863,25.40000,17.80000,23.90000,46.40000,11.00000,13.10000,12.70000,591.49933
2019-10-08 11:48:18 UTC,1864,25.40000,17.80000,23.90000,46.60000,11.00000,13.20000,12.60000,590.39880
2019-10-08 11:49:18 UTC,1865,25.40000,17.80000,23.90000,46.50000,11.00000,13.10000,12.60000,589.43079
2019-10-08 11:50:18 UTC,1866,25.40000,17.80000,23.90000,46.60000,11.00000,13.10000,12.60000,588.46130
2019-10-08 11:51:18 UTC,1867,25.40000,17.80000,23.90000,46.60000,11.00000,13.10000,12.60000,587.39740
2019-10-08 11:52:18 UTC,1868,25.40000,17.80000,23.90000,46.50000,11.00000,13.10000,12.60000,586.14258
2019-10-08 11:53:18 UTC,1869,25.40000,17.80000,23.90000,46.60000,11.00000,13.10000,12.60000,584.90216
2019-10-08 11:54:18 UTC,1870,25.40000,17.80000,23.80000,46.50000,11.00000,13.10000,12.60000,583.76422
2019-10-08 11:55:18 UTC,1871,25.30000,17.80000,23.80000,46.60000,11.00000,13.10000,12.60000,582.91388
2019-10-08 11:56:18 UTC,1872,25.40000,17.80000,23.80000,46.70000,11.00000,13.10000,12.60000,582.12244
2019-10-08 11:57:18 UTC,1873,25.30000,17.80000,23.80000,46.60000,11.00000,13.10000,12.60000,581.17755
2019-10-08 11:58:18 UTC,1874,25.30000,17.80000,23.80000,46.70000,11.00000,13.10000,12.50000,580.19794
2019-10-08 11:59:18 UTC,1875,25.30000,17.80000,23.80000,46.70000,11.00000,13.10000,12.50000,579.40051
2019-10-08 12:00:18 UTC,1876,25.30000,17.70000,23.80000,46.70000,11.00000,13.10000,12.50000,578.65210
2019-10-08 12:01:18 UTC,1877,25.30000,17.80000,23.80000,46.90000,11.00000,13.10000,12.50000,578.08191
2019-10-08 12:02:18 UTC,1878,25.30000,17.80000,23.80000,46.80000,11.00000,13.10000,12.50000,577.69989
2019-10-08 12:03:19 UTC,1879,25.30000,17.80000,23.80000,46.80000,11.00000,13.10000,12.50000,577.26312
2019-10-08 12:04:18 UTC,1880,25.30000,17.80000,23.80000,46.80000,11.00000,13.10000,12.50000,576.86218
2019-10-08 12:05:18 UTC,1881,25.30000,17.70000,23.80000,46.70000,11.00000,13.10000,12.50000,576.48779
2019-10-08 12:06:18 UTC,1882,25.30000,17.70000,23.80000,46.70000,11.00000,13.10000,12.50000,576.03723
2019-10-08 12:07:21 UTC,1883,25.30000,17.80000,23.80000,46.90000,11.00000,13.10000,12.50000,575.39838
2019-10-08 12:08:20 UTC,1884,25.30000,17.80000,23.80000,47.00000,11.00000,13.20000,12.40000,574.66687
2019-10-08 12:09:20 UTC,1885,25.30000,17.70000,23.80000,46.90000,11.00000,13.10000,12.40000,573.97394
2019-10-08 12:10:20 UTC,1886,25.30000,17.70000,23.80000,46.90000,11.00000,13.10000,12.50000,573.08807
2019-10-08 12:11:20 UTC,1887,25.30000,17.80000,23.70000,47.00000,11.00000,13.20000,12.40000,572.03900
2019-10-08 12:12:20 UTC,1888,25.20000,17.70000,23.80000,47.00000,11.00000,13.10000,12.40000,570.89471
2019-10-08 12:13:20 UTC,1889,25.30000,17.80000,23.80000,47.00000,11.00000,13.20000,12.40000,569.76306
2019-10-08 12:14:20 UTC,1890,25.30000,17.70000,23.70000,46.90000,11.00000,13.10000,12.50000,568.77271
2019-10-08 12:15:20 UTC,1891,25.20000,17.70000,23.70000,47.10000,11.00000,13.20000,12.40000,567.86316
2019-10-08 12:16:20 UTC,1892,25.20000,17.70000,23.70000,47.10000,11.00000,13.20000,12.40000,567.02356
2019-10-08 12:17:20 UTC,1893,25.20000,17.70000,23.70000,47.00000,11.00000,13.10000,12.40000,566.42603
2019-10-08 12:18:20 UTC,1894,25.20000,17.70000,23.80000,47.00000,11.00000,13.10000,12.40000,566.25604
2019-10-08 12:19:21 UTC,1895,25.20000,17.70000,23.70000,47.00000,11.00000,13.10000,12.40000,566.26868
2019-10-08 12:20:20 UTC,1896,25.20000,17.70000,23.70000,47.00000,11.00000,13.10000,12.40000,566.23102
2019-10-08 12:21:20 UTC,1897,25.20000,17.70000,23.70000,47.10000,11.00000,13.10000,12.40000,566.02979
2019-10-08 12:22:21 UTC,1898,25.30000,17.70000,23.70000,46.80000,11.00000,13.10000,12.50000,565.83057
2019-10-08 12:23:21 UTC,1899,25.20000,17.70000,23.80000,47.00000,11.00000,13.10000,12.40000,565.69330
2019-10-08 12:24:21 UTC,1900,25.20000,17.70000,23.70000,46.90000,11.00000,13.10000,12.40000,565.45148
2019-10-08 12:25:20 UTC,1901,25.20000,17.70000,23.70000,47.00000,11.00000,13.10000,12.40000,565.24872
2019-10-08 12:26:21 UTC,1902,25.20000,17.70000,23.70000,47.00000,11.00000,13.10000,12.40000,564.87268
2019-10-08 12:27:21 UTC,1903,25.20000,17.70000,23.70000,46.70000,11.00000,13.10000,12.50000,564.14520
2019-10-08 12:28:21 UTC,1904,25.20000,17.70000,23.70000,46.90000,11.00000,13.10000,12.40000,563.10620
2019-10-08 12:29:21 UTC,1905,25.20000,17.80000,23.70000,47.10000,11.00000,13.20000,12.40000,561.77936
2019-10-08 12:30:22 UTC,1906,25.20000,17.70000,23.70000,46.70000,11.00000,13.10000,12.50000,560.52069
2019-10-08 12:31:21 UTC,1907,25.20000,17.70000,23.70000,46.80000,11.00000,13.10000,12.50000,559.31921
2019-10-08 12:32:21 UTC,1908,25.20000,17.70000,23.70000,47.00000,11.00000,13.10000,12.40000,558.27606
2019-10-08 12:33:21 UTC,1909,25.20000,17.70000,23.70000,47.10000,11.00000,13.10000,12.30000,557.10083
2019-10-08 12:34:21 UTC,1910,25.20000,17.70000,23.70000,47.00000,11.00000,13.10000,12.40000,555.71344
2019-10-08 12:35:21 UTC,1911,25.20000,17.70000,23.70000,46.90000,11.00000,13.10000,12.40000,554.35724
2019-10-08 12:36:21 UTC,1912,25.20000,17.70000,23.70000,47.00000,11.00000,13.10000,12.40000,553.55206
2019-10-08 12:37:21 UTC,1913,25.20000,17.70000,23.70000,47.10000,11.00000,13.10000,12.30000,553.05859
2019-10-08 12:38:21 UTC,1914,25.20000,17.70000,23.70000,47.20000,11.00000,13.10000,12.30000,552.58997
2019-10-08 12:39:21 UTC,1915,25.20000,17.70000,23.70000,47.20000,11.00000,13.10000,12.30000,552.01660
2019-10-08 12:40:22 UTC,1916,25.20000,17.70000,23.70000,47.20000,11.00000,13.10000,12.30000,551.31067
2019-10-08 12:41:21 UTC,1917,25.20000,17.70000,23.70000,47.30000,11.00000,13.20000,12.30000,550.64246
2019-10-08 12:42:21 UTC,1918,25.10000,17.70000,23.70000,47.20000,11.00000,13.10000,12.30000,550.21771
2019-10-08 12:43:21 UTC,1919,25.20000,17.70000,23.70000,47.20000,11.00000,13.10000,12.30000,549.84595
2019-10-08 12:44:21 UTC,1920,25.10000,17.70000,23.70000,47.30000,11.00000,13.10000,12.30000,549.39996
2019-10-08 12:45:21 UTC,1921,25.10000,17.70000,23.70000,47.30000,11.00000,13.10000,12.30000,548.64465
2019-10-08 12:46:21 UTC,1922,25.10000,17.70000,23.70000,47.20000,11.00000,13.10000,12.30000,547.82819
2019-10-08 12:47:21 UTC,1923,25.10000,17.70000,23.70000,47.30000,11.00000,13.10000,12.30000,547.34277
2019-10-08 12:48:21 UTC,1924,25.10000,17.70000,23.60000,47.40000,11.00000,13.20000,12.20000,547.12103
2019-10-08 12:49:21 UTC,1925,25.10000,17.70000,23.60000,47.30000,11.00000,13.10000,12.30000,547.06635
2019-10-08 12:50:21 UTC,1926,25.10000,17.70000,23.60000,47.40000,11.00000,13.20000,12.30000,546.84351
2019-10-08 12:51:21 UTC,1927,25.10000,17.70000,23.60000,47.60000,11.00000,13.20000,12.20000,546.45428
2019-10-08 12:52:21 UTC,1928,25.10000,17.70000,23.60000,47.50000,11.00000,13.20000,12.20000,546.20740
2019-10-08 12:53:21 UTC,1929,25.10000,17.70000,23.60000,47.40000,11.00000,13.10000,12.20000,546.05554
2019-10-08 12:54:21 UTC,1930,25.10000,17.70000,23.60000,47.40000,11.00000,13.10000,12.20000,545.78528
2019-10-08 12:55:22 UTC,1931,25.10000,17.70000,23.60000,47.40000,11.00000,13.10000,12.20000,545.20325
2019-10-08 12:56:22 UTC,1932,25.10000,17.70000,23.60000,47.20000,11.00000,13.10000,12.30000,544.45264
2019-10-08 12:57:21 UTC,1933,25.10000,17.70000,23.60000,47.30000,11.00000,13.10000,12.20000,543.74658
2019-10-08 12:58:21 UTC,1934,25.10000,17.70000,23.60000,47.20000,11.00000,13.10000,12.20000,543.04944
2019-10-08 12:59:21 UTC,1935,25.10000,17.60000,23.60000,47.20000,11.00000,13.10000,12.20000,542.39435
2019-10-08 13:00:22 UTC,1936,25.10000,17.70000,23.60000,47.30000,11.00000,13.10000,12.20000,541.80585
2019-10-08 13:01:22 UTC,1937,25.10000,17.70000,23.60000,47.40000,11.00000,13.10000,12.20000,541.17346
2019-10-08 13:02:21 UTC,1938,25.10000,17.60000,23.60000,47.20000,11.00000,13.10000,12.20000,540.60822
2019-10-08 13:03:22 UTC,1939,25.10000,17.70000,23.60000,47.40000,11.00000,13.10000,12.20000,540.34204
2019-10-08 13:04:22 UTC,1940,25.10000,17.70000,23.60000,47.30000,11.00000,13.10000,12.20000,539.97729
2019-10-08 13:05:22 UTC,1941,25.10000,17.60000,23.60000,47.30000,11.00000,13.10000,12.20000,539.36957
2019-10-08 13:06:21 UTC,1942,25.10000,17.60000,23.60000,47.30000,11.00000,13.10000,12.20000,538.60815
2019-10-08 13:07:22 UTC,1943,25.10000,17.60000,23.60000,47.20000,11.00000,13.10000,12.20000,537.78497
2019-10-08 13:08:22 UTC,1944,25.10000,17.60000,23.60000,47.30000,11.00000,13.10000,12.20000,536.89911
2019-10-08 13:09:22 UTC,1945,25.00000,17.60000,23.60000,47.40000,11.00000,13.10000,12.20000,535.76440
2019-10-08 13:10:21 UTC,1946,25.10000,17.60000,23.60000,47.30000,11.00000,13.10000,12.20000,534.49548
2019-10-08 13:11:22 UTC,1947,25.10000,17.60000,23.60000,47.10000,10.90000,13.00000,12.30000,533.21545
2019-10-08 13:12:21 UTC,1948,25.10000,17.60000,23.50000,47.20000,10.90000,13.00000,12.20000,531.94269
2019-10-08 13:13:22 UTC,1949,25.10000,17.60000,23.50000,47.00000,10.90000,13.00000,12.30000,530.89191
2019-10-08 13:14:22 UTC,1950,25.10000,17.60000,23.50000,47.20000,10.90000,13.00000,12.20000,530.03766
2019-10-08 13:15:22 UTC,1951,25.00000,17.60000,23.50000,47.20000,10.90000,13.00000,12.20000,529.33765
2019-10-08 13:16:22 UTC,1952,25.00000,17.60000,23.50000,47.10000,10.90000,13.00000,12.20000,528.82166
2019-10-08 13:17:22 UTC,1953,25.00000,17.60000,23.50000,47.30000,10.90000,13.00000,12.20000,528.17468
2019-10-08 13:18:22 UTC,1954,25.00000,17.60000,23.50000,47.20000,10.90000,13.00000,12.20000,527.82800
2019-10-08 13:19:22 UTC,1955,25.00000,17.60000,23.50000,47.10000,10.90000,13.00000,12.20000,527.60962
2019-10-08 13:20:22 UTC,1956,25.00000,17.60000,23.50000,47.00000,10.90000,13.00000,12.30000,527.48193
2019-10-08 13:21:23 UTC,1957,25.00000,17.60000,23.50000,47.10000,10.90000,13.00000,12.20000,527.15881
2019-10-08 13:22:23 UTC,1958,25.00000,17.60000,23.50000,47.10000,10.90000,13.00000,12.20000,526.70416
2019-10-08 13:23:23 UTC,1959,25.00000,17.60000,23.50000,47.10000,10.90000,13.00000,12.20000,526.08466
2019-10-08 13:24:23 UTC,1960,25.00000,17.60000,23.50000,47.20000,10.90000,13.00000,12.20000,525.27075
2019-10-08 13:25:24 UTC,1961,25.00000,17.60000,23.50000,47.30000,10.90000,13.00000,12.20000,524.50775
2019-10-08 13:26:24 UTC,1962,25.00000,17.60000,23.50000,47.10000,10.90000,13.00000,12.30000,523.76154
2019-10-08 13:27:24 UTC,1963,25.00000,17.60000,23.50000,47.30000,10.90000,13.00000,12.20000,522.96045
2019-10-08 13:28:24 UTC,1964,25.00000,17.60000,23.50000,47.20000,10.90000,13.00000,12.20000,522.00867
2019-10-08 13:29:24 UTC,1965,25.00000,17.60000,23.50000,47.20000,10.90000,13.00000,12.20000,521.29266
2019-10-08 13:30:24 UTC,1966,25.00000,17.60000,23.50000,47.30000,10.90000,13.00000,12.20000,520.61426
2019-10-08 13:31:24 UTC,1967,25.00000,17.60000,23.50000,47.30000,10.90000,13.00000,12.20000,520.06622
2019-10-08 13:32:24 UTC,1968,25.00000,17.60000,23.50000,47.30000,10.90000,13.00000,12.20000,519.54767
2019-10-08 13:33:24 UTC,1969,25.00000,17.60000,23.50000,47.30000,10.90000,13.00000,12.20000,519.15460
2019-10-08 13:34:24 UTC,1970,25.00000,17.60000,23.50000,47.40000,11.00000,13.00000,12.10000,518.87549
2019-10-08 13:35:24 UTC,1971,25.00000,17.60000,23.50000,47.40000,10.90000,13.00000,12.20000,518.64447
2019-10-08 13:36:24 UTC,1972,25.00000,17.60000,23.50000,47.40000,10.90000,13.00000,12.10000,518.41302
2019-10-08 13:37:24 UTC,1973,25.00000,17.60000,23.50000,47.40000,10.90000,13.00000,12.10000,518.19080
2019-10-08 13:38:24 UTC,1974,25.00000,17.60000,23.50000,47.40000,10.90000,13.00000,12.10000,518.12567
2019-10-08 13:39:24 UTC,1975,25.00000,17.60000,23.50000,47.50000,11.00000,13.10000,12.10000,518.20642
2019-10-08 13:40:24 UTC,1976,25.00000,17.60000,23.50000,47.50000,11.00000,13.10000,12.10000,518.19354
2019-10-08 13:41:24 UTC,1977,25.00000,17.60000,23.50000,47.30000,10.90000,13.00000,12.20000,518.11761
2019-10-08 13:42:24 UTC,1978,25.00000,17.60000,23.50000,47.50000,10.90000,13.00000,12.10000,517.87183
2019-10-08 13:43:24 UTC,1979,25.00000,17.60000,23.50000,47.40000,10.90000,13.00000,12.10000,517.50562
2019-10-08 13:44:24 UTC,1980,25.00000,17.60000,23.50000,47.30000,10.90000,13.00000,12.10000,517.19208
2019-10-08 13:45:24 UTC,1981,25.00000,17.60000,23.50000,47.30000,10.90000,13.00000,12.20000,516.80157
2019-10-08 13:46:24 UTC,1982,25.00000,17.60000,23.50000,47.30000,10.90000,13.00000,12.20000,516.37335
2019-10-08 13:47:24 UTC,1983,25.00000,17.50000,23.50000,47.20000,10.90000,13.00000,12.20000,515.87506
2019-10-08 13:48:24 UTC,1984,25.00000,17.60000,23.50000,47.30000,10.90000,13.00000,12.10000,515.34491
2019-10-08 13:49:24 UTC,1985,24.90000,17.60000,23.50000,47.50000,10.90000,13.00000,12.10000,514.87091
2019-10-08 13:50:24 UTC,1986,24.90000,17.60000,23.50000,47.50000,10.90000,13.00000,12.10000,514.55182
2019-10-08 13:51:24 UTC,1987,24.90000,17.60000,23.50000,47.40000,10.90000,13.00000,12.10000,514.31244
2019-10-08 13:52:24 UTC,1988,25.00000,17.60000,23.40000,47.50000,10.90000,13.00000,12.10000,514.00067
2019-10-08 13:53:24 UTC,1989,24.90000,17.60000,23.40000,47.60000,10.90000,13.00000,12.00000,513.73645
2019-10-08 13:54:24 UTC,1990,24.90000,17.60000,23.40000,47.50000,10.90000,13.00000,12.10000,513.61243
2019-10-08 13:55:24 UTC,1991,24.90000,17.50000,23.50000,47.40000,10.90000,13.00000,12.10000,513.32581
2019-10-08 13:56:24 UTC,1992,24.90000,17.60000,23.40000,47.60000,10.90000,13.00000,12.00000,513.04272
2019-10-08 13:57:24 UTC,1993,24.90000,17.60000,23.40000,47.50000,10.90000,13.00000,12.10000,512.68756
2019-10-08 13:58:24 UTC,1994,24.90000,17.60000,23.40000,47.50000,10.90000,13.00000,12.10000,512.12732
2019-10-08 13:59:24 UTC,1995,24.90000,17.60000,23.40000,47.60000,10.90000,13.00000,12.00000,511.51373
2019-10-08 14:00:24 UTC,1996,24.90000,17.50000,23.40000,47.40000,10.90000,13.00000,12.10000,510.92886
2019-10-08 14:01:24 UTC,1997,24.90000,17.50000,23.40000,47.30000,10.90000,12.90000,12.10000,510.06720
2019-10-08 14:02:24 UTC,1998,24.90000,17.50000,23.40000,47.40000,10.90000,13.00000,12.10000,508.88696
2019-10-08 14:03:24 UTC,1999,24.90000,17.50000,23.40000,47.40000,10.90000,13.00000,12.10000,507.38586
2019-10-08 14:04:24 UTC,2000,24.90000,17.50000,23.40000,47.40000,10.90000,12.90000,12.10000,506.16458
2019-10-08 14:05:24 UTC,2001,24.90000,17.50000,23.40000,47.40000,10.90000,12.90000,12.10000,505.09830
2019-10-08 14:06:24 UTC,2002,24.90000,17.50000,23.40000,47.60000,10.90000,13.00000,12.00000,503.95132
2019-10-08 14:07:24 UTC,2003,24.90000,17.50000,23.40000,47.40000,10.90000,12.90000,12.10000,502.72739
2019-10-08 14:08:24 UTC,2004,24.90000,17.50000,23.40000,47.60000,10.90000,13.00000,12.00000,501.69431
2019-10-08 14:09:24 UTC,2005,24.90000,17.50000,23.40000,47.40000,10.90000,13.00000,12.10000,501.08759
2019-10-08 14:10:24 UTC,2006,24.90000,17.50000,23.40000,47.40000,10.90000,12.90000,12.10000,500.92520
2019-10-08 14:11:24 UTC,2007,24.90000,17.50000,23.40000,47.40000,10.90000,12.90000,12.10000,500.82544
2019-10-08 14:12:24 UTC,2008,24.90000,17.50000,23.40000,47.70000,10.90000,13.00000,12.00000,500.65079
2019-10-08 14:13:24 UTC,2009,24.90000,17.50000,23.40000,47.60000,10.90000,13.00000,12.00000,500.40698
2019-10-08 14:14:24 UTC,2010,24.90000,17.60000,23.40000,47.70000,10.90000,13.00000,12.00000,500.11496
2019-10-08 14:15:24 UTC,2011,24.90000,17.50000,23.40000,47.60000,10.90000,13.00000,12.00000,499.97083
2019-10-08 14:16:24 UTC,2012,24.90000,17.50000,23.40000,47.40000,10.90000,13.00000,12.10000,499.85379
2019-10-08 14:17:24 UTC,2013,24.90000,17.50000,23.40000,47.50000,10.90000,13.00000,12.10000,499.75763
2019-10-08 14:18:24 UTC,2014,24.90000,17.50000,23.40000,47.60000,10.90000,13.00000,12.00000,499.60489
2019-10-08 14:19:24 UTC,2015,24.90000,17.50000,23.40000,47.60000,10.90000,13.00000,12.00000,499.43689
2019-10-08 14:20:24 UTC,2016,24.90000,17.50000,23.40000,47.70000,10.90000,13.00000,12.00000,499.28961
2019-10-08 14:21:24 UTC,2017,24.90000,17.50000,23.40000,47.70000,10.90000,13.00000,12.00000,499.15244
2019-10-08 14:22:24 UTC,2018,24.90000,17.50000,23.40000,47.50000,10.90000,13.00000,12.00000,498.94717
2019-10-08 14:23:24 UTC,2019,24.90000,17.50000,23.40000,47.60000,10.90000,13.00000,12.00000,498.77826
2019-10-08 14:24:27 UTC,2020,24.90000,17.50000,23.40000,47.70000,10.90000,13.00000,12.00000,498.60208
2019-10-08 14:25:29 UTC,2021,24.90000,17.60000,23.30000,47.80000,11.00000,13.00000,12.00000,498.27618
2019-10-08 14:26:27 UTC,2022,24.80000,17.50000,23.30000,47.80000,10.90000,13.00000,12.00000,497.60306
2019-10-08 14:27:28 UTC,2023,24.80000,17.60000,23.30000,48.00000,11.00000,13.10000,11.90000,496.70914
2019-10-08 14:28:28 UTC,2024,24.80000,17.60000,23.30000,47.90000,11.00000,13.10000,11.90000,495.78629
2019-10-08 14:29:28 UTC,2025,24.90000,17.60000,23.30000,47.80000,11.00000,13.00000,12.00000,494.63837
2019-10-08 14:30:27 UTC,2026,24.90000,17.50000,23.30000,47.60000,10.90000,13.00000,12.00000,493.60681
2019-10-08 14:31:27 UTC,2027,24.90000,17.50000,23.30000,47.60000,10.90000,13.00000,12.00000,492.78574
2019-10-08 14:32:28 UTC,2028,24.80000,17.50000,23.30000,47.70000,10.90000,13.00000,12.00000,492.00595
2019-10-08 14:33:28 UTC,2029,24.80000,17.50000,23.30000,47.80000,10.90000,13.00000,12.00000,491.09595
2019-10-08 14:34:28 UTC,2030,24.80000,17.50000,23.30000,47.70000,10.90000,13.00000,12.00000,490.53372
2019-10-08 14:35:30 UTC,2031,24.80000,17.50000,23.30000,47.70000,10.90000,13.00000,12.00000,490.36316
2019-10-08 14:36:30 UTC,2032,24.80000,17.50000,23.30000,47.70000,10.90000,13.00000,12.00000,490.34573
2019-10-08 14:37:30 UTC,2033,24.80000,17.50000,23.30000,47.70000,10.90000,13.00000,12.00000,490.43707
2019-10-08 14:38:30 UTC,2034,24.80000,17.50000,23.30000,47.70000,10.90000,13.00000,12.00000,490.45490
2019-10-08 14:39:30 UTC,2035,24.80000,17.50000,23.30000,47.70000,10.90000,13.00000,12.00000,490.24176
2019-10-08 14:40:30 UTC,2036,24.80000,17.50000,23.30000,47.80000,10.90000,13.00000,11.90000,489.85062
2019-10-08 14:41:30 UTC,2037,24.80000,17.50000,23.30000,47.80000,10.90000,13.00000,11.90000,489.35666
2019-10-08 14:42:30 UTC,2038,24.80000,17.50000,23.30000,47.60000,10.90000,13.00000,12.00000,488.90128
2019-10-08 14:43:30 UTC,2039,24.80000,17.50000,23.30000,47.80000,10.90000,13.00000,11.90000,488.14551
2019-10-08 14:44:30 UTC,2040,24.80000,17.50000,23.30000,47.80000,10.90000,13.00000,11.90000,487.28967
2019-10-08 14:45:30 UTC,2041,24.80000,17.50000,23.30000,47.80000,10.90000,13.00000,11.90000,486.17154
2019-10-08 14:46:30 UTC,2042,24.80000,17.50000,23.30000,47.90000,10.90000,13.00000,11.90000,485.01236
2019-10-08 14:47:30 UTC,2043,24.80000,17.50000,23.30000,47.90000,10.90000,13.00000,11.90000,483.98837
2019-10-08 14:48:30 UTC,2044,24.80000,17.50000,23.30000,48.00000,10.90000,13.00000,11.90000,482.97098
2019-10-08 14:49:30 UTC,2045,24.80000,17.50000,23.30000,47.90000,10.90000,13.00000,11.90000,482.25854
2019-10-08 14:50:30 UTC,2046,24.80000,17.50000,23.30000,47.90000,10.90000,13.00000,11.90000,482.01672
2019-10-08 14:51:30 UTC,2047,24.80000,17.50000,23.30000,47.80000,10.90000,13.00000,11.90000,481.84409
2019-10-08 14:52:30 UTC,2048,24.80000,17.50000,23.30000,47.90000,10.90000,13.00000,11.90000,481.71609
2019-10-08 14:53:30 UTC,2049,24.80000,17.50000,23.30000,48.00000,10.90000,13.00000,11.90000,481.61816
2019-10-08 14:54:30 UTC,2050,24.80000,17.50000,23.30000,48.00000,10.90000,13.00000,11.90000,481.63419
2019-10-08 14:55:30 UTC,2051,24.80000,17.50000,23.30000,48.00000,10.90000,13.00000,11.90000,481.59021
2019-10-08 14:56:30 UTC,2052,24.80000,17.50000,23.20000,47.90000,10.90000,13.00000,11.90000,481.55478
2019-10-08 14:57:30 UTC,2053,24.80000,17.50000,23.20000,47.90000,10.90000,13.00000,11.90000,481.50006
2019-10-08 14:58:30 UTC,2054,24.80000,17.50000,23.30000,48.00000,10.90000,13.00000,11.90000,481.42261
2019-10-08 14:59:30 UTC,2055,24.80000,17.50000,23.30000,48.00000,10.90000,13.00000,11.80000,481.32520
2019-10-08 15:00:30 UTC,2056,24.80000,17.50000,23.20000,47.90000,10.90000,13.00000,11.90000,481.20923
2019-10-08 15:01:30 UTC,2057,24.70000,17.50000,23.20000,47.90000,10.90000,13.00000,11.90000,481.05270
2019-10-08 15:02:30 UTC,2058,24.70000,17.50000,23.20000,48.00000,10.90000,13.00000,11.80000,480.77463
2019-10-08 15:03:30 UTC,2059,24.80000,17.50000,23.20000,47.70000,10.90000,12.90000,11.90000,480.60638
2019-10-08 15:04:30 UTC,2060,24.80000,17.50000,23.30000,47.70000,10.90000,12.90000,11.90000,480.52701
2019-10-08 15:05:30 UTC,2061,24.70000,17.50000,23.30000,47.80000,10.90000,13.00000,11.90000,480.48059
2019-10-08 15:06:30 UTC,2062,24.70000,17.50000,23.30000,47.80000,10.90000,12.90000,11.90000,480.38367
2019-10-08 15:07:30 UTC,2063,24.80000,17.50000,23.30000,47.80000,10.90000,13.00000,11.90000,480.14163
2019-10-08 15:08:31 UTC,2064,24.80000,17.50000,23.20000,47.80000,10.90000,12.90000,11.90000,479.79022
2019-10-08 15:09:30 UTC,2065,24.70000,17.50000,23.20000,47.90000,10.90000,13.00000,11.90000,479.47800
2019-10-08 15:10:30 UTC,2066,24.70000,17.50000,23.20000,48.00000,10.90000,13.00000,11.80000,479.15454
2019-10-08 15:11:30 UTC,2067,24.70000,17.50000,23.20000,47.90000,10.90000,13.00000,11.90000,478.63461
2019-10-08 15:12:30 UTC,2068,24.80000,17.50000,23.20000,47.80000,10.90000,13.00000,11.90000,477.92230
2019-10-08 15:13:30 UTC,2069,24.70000,17.50000,23.20000,47.90000,10.90000,13.00000,11.80000,477.01776
2019-10-08 15:14:30 UTC,2070,24.70000,17.50000,23.20000,47.80000,10.90000,12.90000,11.90000,476.15128
2019-10-08 15:15:30 UTC,2071,24.70000,17.50000,23.20000,47.80000,10.90000,12.90000,11.90000,475.51212
2019-10-08 15:16:30 UTC,2072,24.80000,17.50000,23.20000,47.60000,10.90000,12.90000,11.90000,475.22449
2019-10-08 15:17:30 UTC,2073,24.80000,17.50000,23.20000,47.90000,10.90000,13.00000,11.90000,474.92377
2019-10-08 15:18:30 UTC,2074,24.80000,17.50000,23.20000,47.90000,10.90000,13.00000,11.90000,474.50128
2019-10-08 15:19:30 UTC,2075,24.80000,17.50000,23.20000,47.90000,10.90000,13.00000,11.90000,474.29306
2019-10-08 15:20:30 UTC,2076,24.80000,17.50000,23.20000,47.90000,10.90000,13.00000,11.90000,474.17435
2019-10-08 15:21:30 UTC,2077,24.80000,17.50000,23.20000,47.90000,10.90000,13.00000,11.90000,474.08023
2019-10-08 15:22:30 UTC,2078,24.80000,17.50000,23.20000,47.70000,10.90000,12.90000,11.90000,473.89496
2019-10-08 15:23:30 UTC,2079,24.80000,17.50000,23.20000,47.70000,10.90000,12.90000,11.90000,473.63748
2019-10-08 15:24:30 UTC,2080,24.80000,17.50000,23.20000,47.80000,10.90000,13.00000,11.90000,473.32864
2019-10-08 15:25:30 UTC,2081,24.70000,17.50000,23.20000,48.00000,10.90000,13.00000,11.80000,473.05212
2019-10-08 15:26:30 UTC,2082,24.70000,17.50000,23.20000,47.80000,10.90000,13.00000,11.90000,472.80902
2019-10-08 15:27:30 UTC,2083,24.70000,17.50000,23.20000,47.80000,10.90000,12.90000,11.90000,472.55682
2019-10-08 15:28:31 UTC,2084,24.70000,17.50000,23.20000,47.80000,10.90000,12.90000,11.90000,472.34641
2019-10-08 15:29:30 UTC,2085,24.70000,17.50000,23.20000,47.90000,10.90000,12.90000,11.80000,472.07462
2019-10-08 15:30:30 UTC,2086,24.70000,17.40000,23.20000,47.70000,10.90000,12.90000,11.90000,471.88431
2019-10-08 15:31:30 UTC,2087,24.70000,17.50000,23.20000,47.80000,10.90000,12.90000,11.90000,471.87881
2019-10-08 15:32:30 UTC,2088,24.70000,17.40000,23.20000,47.80000,10.90000,12.90000,11.90000,471.84967
2019-10-08 15:33:30 UTC,2089,24.70000,17.50000,23.20000,47.90000,10.90000,12.90000,11.80000,471.76190
2019-10-08 15:34:30 UTC,2090,24.70000,17.40000,23.20000,47.90000,10.90000,12.90000,11.80000,471.58310
2019-10-08 15:35:30 UTC,2091,24.70000,17.40000,23.20000,47.90000,10.90000,12.90000,11.80000,471.42773
2019-10-08 15:36:30 UTC,2092,24.70000,17.50000,23.20000,48.00000,10.90000,13.00000,11.80000,471.25540
2019-10-08 15:37:30 UTC,2093,24.70000,17.40000,23.20000,48.00000,10.90000,12.90000,11.80000,471.10678
2019-10-08 15:38:30 UTC,2094,24.70000,17.50000,23.20000,48.00000,10.90000,13.00000,11.80000,470.73636
2019-10-08 15:39:30 UTC,2095,24.70000,17.50000,23.20000,48.20000,10.90000,13.00000,11.70000,470.23080
2019-10-08 15:40:31 UTC,2096,24.70000,17.40000,23.10000,48.00000,10.90000,12.90000,11.80000,469.70538
2019-10-08 15:41:30 UTC,2097,24.60000,17.40000,23.10000,48.10000,10.90000,13.00000,11.70000,469.32739
2019-10-08 15:42:30 UTC,2098,24.60000,17.40000,23.10000,48.30000,10.90000,13.00000,11.70000,469.04318
2019-10-08 15:43:31 UTC,2099,24.60000,17.40000,23.10000,48.20000,10.90000,13.00000,11.70000,468.71133
2019-10-08 15:44:30 UTC,2100,24.60000,17.50000,23.10000,48.20000,10.90000,13.00000,11.70000,468.19943
2019-10-08 15:45:30 UTC,2101,24.60000,17.40000,23.10000,48.10000,10.90000,12.90000,11.80000,467.38934
2019-10-08 15:46:31 UTC,2102,24.60000,17.40000,23.10000,48.20000,10.90000,13.00000,11.70000,466.74756
2019-10-08 15:47:30 UTC,2103,24.60000,17.40000,23.10000,48.40000,10.90000,13.00000,11.70000,466.27216
2019-10-08 15:48:31 UTC,2104,24.60000,17.40000,23.10000,48.20000,10.90000,12.90000,11.70000,465.60919
2019-10-08 15:49:30 UTC,2105,24.60000,17.50000,23.10000,48.50000,10.90000,13.00000,11.60000,464.90610
2019-10-08 15:50:31 UTC,2106,24.60000,17.40000,23.10000,48.40000,10.90000,13.00000,11.60000,464.21945
2019-10-08 15:51:31 UTC,2107,24.60000,17.40000,23.10000,48.30000,10.90000,13.00000,11.70000,463.65283
2019-10-08 15:52:31 UTC,2108,24.60000,17.40000,23.10000,48.10000,10.90000,12.90000,11.70000,463.22879
2019-10-08 15:53:31 UTC,2109,24.60000,17.40000,23.10000,48.10000,10.90000,12.90000,11.70000,463.10104
2019-10-08 15:54:31 UTC,2110,24.60000,17.40000,23.10000,48.10000,10.90000,12.90000,11.70000,463.02844
2019-10-08 15:55:31 UTC,2111,24.60000,17.40000,23.10000,48.10000,10.90000,12.90000,11.70000,462.79691
2019-10-08 15:56:31 UTC,2112,24.60000,17.40000,23.10000,48.20000,10.90000,12.90000,11.70000,462.43610
2019-10-08 15:57:31 UTC,2113,24.60000,17.40000,23.10000,48.10000,10.90000,12.90000,11.70000,462.07309
2019-10-08 15:58:31 UTC,2114,24.60000,17.40000,23.10000,48.10000,10.90000,12.90000,11.70000,461.80203
2019-10-08 15:59:31 UTC,2115,24.60000,17.40000,23.10000,48.10000,10.90000,12.90000,11.70000,461.57272
2019-10-08 16:00:31 UTC,2116,24.60000,17.40000,23.10000,48.00000,10.80000,12.80000,11.70000,461.37967
2019-10-08 16:01:31 UTC,2117,24.60000,17.40000,23.10000,48.20000,10.90000,12.90000,11.70000,461.02811
2019-10-08 16:02:31 UTC,2118,24.60000,17.40000,23.10000,48.10000,10.80000,12.90000,11.70000,460.73480
2019-10-08 16:03:31 UTC,2119,24.60000,17.40000,23.10000,47.90000,10.80000,12.80000,11.80000,460.45804
2019-10-08 16:04:31 UTC,2120,24.60000,17.30000,23.10000,47.80000,10.80000,12.80000,11.80000,460.40399
2019-10-08 16:05:31 UTC,2121,24.60000,17.30000,23.10000,47.80000,10.80000,12.80000,11.80000,460.42313
2019-10-08 16:06:31 UTC,2122,24.60000,17.30000,23.00000,47.80000,10.80000,12.80000,11.80000,460.38077
2019-10-08 16:07:31 UTC,2123,24.60000,17.30000,23.10000,47.80000,10.80000,12.80000,11.80000,460.34534
2019-10-08 16:08:31 UTC,2124,24.60000,17.30000,23.10000,47.90000,10.80000,12.80000,11.70000,460.24857
2019-10-08 16:09:31 UTC,2125,24.60000,17.30000,23.10000,47.90000,10.80000,12.80000,11.80000,460.08817
2019-10-08 16:10:31 UTC,2126,24.60000,17.40000,23.10000,48.10000,10.80000,12.90000,11.70000,460.00092
2019-10-08 16:11:31 UTC,2127,24.60000,17.40000,23.10000,48.10000,10.90000,12.90000,11.70000,459.90945
2019-10-08 16:12:31 UTC,2128,24.60000,17.40000,23.00000,48.10000,10.80000,12.90000,11.70000,459.71164
2019-10-08 16:13:31 UTC,2129,24.60000,17.40000,23.10000,47.90000,10.80000,12.80000,11.80000,459.40402
2019-10-08 16:14:31 UTC,2130,24.60000,17.40000,23.10000,47.90000,10.80000,12.90000,11.80000,459.15347
2019-10-08 16:15:31 UTC,2131,24.60000,17.40000,23.10000,48.00000,10.80000,12.90000,11.70000,458.83829
2019-10-08 16:16:31 UTC,2132,24.60000,17.40000,23.10000,48.10000,10.90000,12.90000,11.70000,458.44223
2019-10-08 16:17:31 UTC,2133,24.60000,17.40000,23.00000,48.10000,10.90000,12.90000,11.70000,458.12857
2019-10-08 16:18:31 UTC,2134,24.60000,17.40000,23.00000,48.00000,10.80000,12.90000,11.70000,457.83621
2019-10-08 16:19:31 UTC,2135,24.60000,17.40000,23.00000,48.00000,10.80000,12.90000,11.70000,457.47131
2019-10-08 16:20:31 UTC,2136,24.60000,17.40000,23.00000,47.90000,10.80000,12.80000,11.80000,457.28278
2019-10-08 16:21:31 UTC,2137,24.60000,17.40000,23.00000,47.90000,10.80000,12.80000,11.80000,457.33658
2019-10-08 16:22:31 UTC,2138,24.60000,17.40000,23.00000,47.80000,10.80000,12.80000,11.80000,457.46158
2019-10-08 16:23:31 UTC,2139,24.60000,17.40000,23.00000,48.10000,10.80000,12.90000,11.70000,457.41467
2019-10-08 16:24:31 UTC,2140,24.60000,17.40000,23.00000,48.00000,10.80000,12.90000,11.70000,457.27786
2019-10-08 16:25:31 UTC,2141,24.60000,17.40000,23.00000,48.00000,10.80000,12.80000,11.70000,457.15698
2019-10-08 16:26:31 UTC,2142,24.60000,17.40000,23.00000,48.00000,10.80000,12.90000,11.70000,457.03464
2019-10-08 16:27:31 UTC,2143,24.60000,17.40000,23.00000,48.10000,10.80000,12.90000,11.70000,456.92593
2019-10-08 16:28:31 UTC,2144,24.60000,17.40000,23.00000,48.10000,10.80000,12.90000,11.70000,456.72086
2019-10-08 16:29:31 UTC,2145,24.60000,17.40000,23.00000,48.00000,10.80000,12.90000,11.70000,456.46304
2019-10-08 16:30:31 UTC,2146,24.60000,17.30000,23.00000,47.90000,10.80000,12.80000,11.70000,456.07449
2019-10-08 16:31:31 UTC,2147,24.60000,17.40000,23.00000,47.90000,10.80000,12.80000,11.70000,455.64294
2019-10-08 16:32:31 UTC,2148,24.60000,17.40000,23.00000,48.00000,10.80000,12.80000,11.70000,455.28467
2019-10-08 16:33:31 UTC,2149,24.60000,17.30000,23.00000,47.90000,10.80000,12.80000,11.70000,455.00467
2019-10-08 16:34:31 UTC,2150,24.60000,17.40000,23.00000,48.00000,10.80000,12.80000,11.70000,454.57440
2019-10-08 16:35:31 UTC,2151,24.60000,17.40000,23.00000,48.20000,10.80000,12.90000,11.70000,454.09970
2019-10-08 16:36:31 UTC,2152,24.60000,17.40000,23.00000,48.10000,10.80000,12.90000,11.70000,453.60947
2019-10-08 16:37:31 UTC,2153,24.50000,17.30000,23.00000,48.00000,10.80000,12.80000,11.70000,453.08469
2019-10-08 16:38:31 UTC,2154,24.50000,17.30000,23.00000,48.10000,10.80000,12.90000,11.70000,452.70386
2019-10-08 16:39:31 UTC,2155,24.50000,17.30000,23.00000,48.00000,10.80000,12.80000,11.70000,452.27072
2019-10-08 16:40:31 UTC,2156,24.50000,17.30000,23.00000,48.10000,10.80000,12.90000,11.70000,451.99203
2019-10-08 16:41:31 UTC,2157,24.50000,17.30000,23.00000,48.20000,10.80000,12.90000,11.70000,451.85809
2019-10-08 16:42:31 UTC,2158,24.50000,17.30000,23.00000,48.10000,10.80000,12.80000,11.70000,451.75125
2019-10-08 16:43:31 UTC,2159,24.50000,17.30000,23.00000,48.10000,10.80000,12.80000,11.70000,451.59518
2019-10-08 16:44:31 UTC,2160,24.50000,17.30000,23.00000,48.10000,10.80000,12.80000,11.70000,451.45413
2019-10-08 16:45:31 UTC,2161,24.50000,17.30000,23.00000,48.10000,10.80000,12.80000,11.70000,451.36166
2019-10-08 16:46:31 UTC,2162,24.50000,17.40000,23.00000,48.20000,10.80000,12.90000,11.60000,451.13382
2019-10-08 16:47:31 UTC,2163,24.50000,17.30000,23.00000,48.20000,10.80000,12.90000,11.60000,450.98230
2019-10-08 16:48:31 UTC,2164,24.50000,17.40000,23.00000,48.30000,10.90000,12.90000,11.60000,450.79736
2019-10-08 16:49:31 UTC,2165,24.50000,17.30000,23.00000,48.10000,10.80000,12.80000,11.70000,450.44968
2019-10-08 16:50:31 UTC,2166,24.50000,17.30000,23.00000,48.00000,10.80000,12.80000,11.70000,449.98648
2019-10-08 16:51:32 UTC,2167,24.50000,17.30000,23.00000,48.00000,10.80000,12.80000,11.70000,449.60858
2019-10-08 16:52:31 UTC,2168,24.50000,17.30000,23.00000,48.10000,10.80000,12.80000,11.70000,449.30145
2019-10-08 16:53:31 UTC,2169,24.50000,17.30000,23.00000,48.20000,10.80000,12.80000,11.60000,448.75848
2019-10-08 16:54:31 UTC,2170,24.50000,17.30000,23.00000,48.30000,10.80000,12.80000,11.60000,448.36771
2019-10-08 16:55:31 UTC,2171,24.50000,17.30000,23.00000,48.10000,10.80000,12.80000,11.60000,448.03076
2019-10-08 16:56:31 UTC,2172,24.50000,17.30000,23.00000,48.00000,10.80000,12.80000,11.70000,447.52441
2019-10-08 16:57:31 UTC,2173,24.50000,17.30000,23.00000,48.00000,10.80000,12.80000,11.70000,447.21448
2019-10-08 16:58:31 UTC,2174,24.50000,17.30000,23.00000,48.00000,10.80000,12.80000,11.70000,446.90894
2019-10-08 16:59:31 UTC,2175,24.50000,17.30000,23.00000,47.90000,10.70000,12.70000,11.70000,446.59384
2019-10-08 17:00:31 UTC,2176,24.50000,17.30000,23.00000,48.00000,10.80000,12.80000,11.60000,446.26849
2019-10-08 17:01:31 UTC,2177,24.50000,17.30000,23.00000,48.00000,10.80000,12.80000,11.60000,446.15942
2019-10-08 17:02:31 UTC,2178,24.50000,17.30000,23.00000,48.00000,10.80000,12.80000,11.60000,446.15039
2019-10-08 17:03:31 UTC,2179,24.50000,17.30000,23.00000,47.90000,10.80000,12.70000,11.70000,445.95081
2019-10-08 17:04:32 UTC,2180,24.50000,17.30000,23.00000,47.80000,10.70000,12.70000,11.70000,445.68079
2019-10-08 17:05:32 UTC,2181,24.50000,17.30000,23.00000,48.00000,10.80000,12.80000,11.70000,445.45694
2019-10-08 17:06:32 UTC,2182,24.50000,17.30000,23.00000,48.00000,10.80000,12.80000,11.70000,445.18167
2019-10-08 17:07:32 UTC,2183,24.50000,17.30000,22.90000,47.90000,10.80000,12.70000,11.70000,444.98386
2019-10-08 17:08:31 UTC,2184,24.50000,17.30000,22.90000,48.00000,10.80000,12.80000,11.70000,444.81204
2019-10-08 17:09:31 UTC,2185,24.50000,17.30000,22.90000,48.00000,10.80000,12.80000,11.70000,444.55988
2019-10-08 17:10:32 UTC,2186,24.50000,17.30000,22.90000,47.90000,10.80000,12.70000,11.70000,444.22491
2019-10-08 17:11:32 UTC,2187,24.50000,17.30000,23.00000,47.90000,10.70000,12.70000,11.70000,443.74646
2019-10-08 17:12:32 UTC,2188,24.50000,17.30000,23.00000,47.90000,10.70000,12.70000,11.70000,443.47577
2019-10-08 17:13:32 UTC,2189,24.50000,17.30000,22.90000,47.90000,10.70000,12.70000,11.70000,443.31711
2019-10-08 17:14:32 UTC,2190,24.50000,17.30000,22.90000,48.00000,10.70000,12.70000,11.70000,443.24329
2019-10-08 17:15:32 UTC,2191,24.50000,17.30000,22.90000,48.00000,10.80000,12.80000,11.60000,443.08267
2019-10-08 17:16:32 UTC,2192,24.50000,17.30000,22.90000,47.90000,10.70000,12.70000,11.70000,442.81424
2019-10-08 17:17:32 UTC,2193,24.50000,17.30000,22.90000,48.00000,10.70000,12.70000,11.70000,442.55081
2019-10-08 17:18:32 UTC,2194,24.50000,17.30000,22.90000,47.90000,10.70000,12.70000,11.70000,442.31375
2019-10-08 17:19:32 UTC,2195,24.50000,17.30000,22.90000,47.90000,10.70000,12.70000,11.70000,442.17032
2019-10-08 17:20:32 UTC,2196,24.50000,17.20000,22.90000,47.80000,10.70000,12.70000,11.70000,441.98376
2019-10-08 17:21:32 UTC,2197,24.50000,17.30000,22.90000,47.90000,10.70000,12.70000,11.70000,441.63065
2019-10-08 17:22:32 UTC,2198,24.50000,17.30000,22.90000,47.90000,10.70000,12.70000,11.70000,441.17303
2019-10-08 17:23:32 UTC,2199,24.50000,17.30000,22.90000,47.90000,10.70000,12.70000,11.70000,440.71725
2019-10-08 17:24:32 UTC,2200,24.50000,17.30000,22.90000,47.90000,10.70000,12.70000,11.70000,440.44067
2019-10-08 17:25:32 UTC,2201,24.50000,17.30000,22.90000,48.00000,10.80000,12.70000,11.60000,440.27094
2019-10-08 17:26:32 UTC,2202,24.50000,17.30000,22.90000,48.00000,10.80000,12.70000,11.60000,440.20035
2019-10-08 17:27:32 UTC,2203,24.50000,17.30000,22.90000,47.90000,10.70000,12.70000,11.70000,440.06888
2019-10-08 17:28:32 UTC,2204,24.50000,17.30000,22.90000,47.90000,10.70000,12.70000,11.70000,440.01886
2019-10-08 17:29:32 UTC,2205,24.50000,17.20000,22.90000,47.70000,10.70000,12.60000,11.70000,440.12231
2019-10-08 17:30:32 UTC,2206,24.40000,17.20000,22.90000,48.00000,10.70000,12.70000,11.60000,440.26047
2019-10-08 17:31:32 UTC,2207,24.40000,17.30000,22.90000,48.10000,10.80000,12.80000,11.60000,440.42380
2019-10-08 17:32:32 UTC,2208,24.40000,17.30000,22.90000,48.20000,10.80000,12.80000,11.60000,440.67084
2019-10-08 17:33:32 UTC,2209,24.40000,17.30000,22.90000,48.20000,10.80000,12.80000,11.60000,440.76651
2019-10-08 17:34:32 UTC,2210,24.50000,17.30000,22.90000,48.10000,10.80000,12.80000,11.60000,440.78769
2019-10-08 17:35:32 UTC,2211,24.50000,17.30000,22.90000,48.00000,10.80000,12.80000,11.60000,440.86279
2019-10-08 17:36:34 UTC,2212,24.40000,17.30000,22.90000,48.20000,10.80000,12.80000,11.60000,440.88724
2019-10-08 17:37:33 UTC,2213,24.40000,17.30000,22.90000,48.40000,10.80000,12.80000,11.50000,440.76184
2019-10-08 17:38:33 UTC,2214,24.40000,17.30000,22.90000,48.30000,10.80000,12.80000,11.50000,440.53076
2019-10-08 17:39:33 UTC,2215,24.40000,17.30000,22.90000,48.10000,10.80000,12.80000,11.60000,440.36041
2019-10-08 17:40:33 UTC,2216,24.40000,17.30000,22.90000,48.00000,10.70000,12.70000,11.60000,440.17148
2019-10-08 17:41:33 UTC,2217,24.40000,17.20000,22.90000,48.10000,10.70000,12.70000,11.60000,440.04315
2019-10-08 17:42:33 UTC,2218,24.40000,17.20000,22.90000,48.10000,10.70000,12.70000,11.60000,439.80154
2019-10-08 17:43:33 UTC,2219,24.40000,17.30000,22.90000,48.20000,10.80000,12.80000,11.60000,439.53830
2019-10-08 17:44:33 UTC,2220,24.40000,17.30000,22.90000,48.20000,10.80000,12.80000,11.60000,439.29953
2019-10-08 17:45:33 UTC,2221,24.40000,17.20000,22.90000,48.20000,10.70000,12.70000,11.60000,439.26184
2019-10-08 17:46:34 UTC,2222,24.40000,17.20000,22.90000,48.20000,10.70000,12.70000,11.60000,439.14401
2019-10-08 17:47:34 UTC,2223,24.40000,17.20000,22.90000,48.10000,10.70000,12.70000,11.60000,438.99261
2019-10-08 17:48:34 UTC,2224,24.40000,17.20000,22.90000,48.10000,10.70000,12.70000,11.60000,438.80801
2019-10-08 17:49:33 UTC,2225,24.40000,17.20000,22.90000,48.10000,10.70000,12.70000,11.60000,438.63870
2019-10-08 17:50:34 UTC,2226,24.40000,17.20000,22.90000,47.80000,10.70000,12.60000,11.60000,438.38535
2019-10-08 17:51:33 UTC,2227,24.40000,17.20000,22.90000,48.00000,10.70000,12.70000,11.60000,438.05750
2019-10-08 17:52:33 UTC,2228,24.40000,17.20000,22.90000,48.10000,10.70000,12.70000,11.60000,437.64630
2019-10-08 17:53:34 UTC,2229,24.40000,17.20000,22.90000,48.00000,10.70000,12.70000,11.60000,437.20969
2019-10-08 17:54:34 UTC,2230,24.40000,17.20000,22.90000,48.00000,10.70000,12.70000,11.60000,436.97964
2019-10-08 17:55:36 UTC,2231,24.40000,17.20000,22.90000,48.20000,10.70000,12.70000,11.60000,436.92407
2019-10-08 17:56:35 UTC,2232,24.40000,17.20000,22.80000,48.10000,10.70000,12.70000,11.60000,436.82437
2019-10-08 17:57:35 UTC,2233,24.40000,17.20000,22.80000,48.00000,10.70000,12.70000,11.60000,436.60651
2019-10-08 17:58:35 UTC,2234,24.40000,17.20000,22.80000,48.00000,10.70000,12.70000,11.60000,436.40219
2019-10-08 17:59:35 UTC,2235,24.40000,17.20000,22.80000,48.00000,10.70000,12.70000,11.60000,436.49774
2019-10-08 18:00:35 UTC,2236,24.40000,17.20000,22.80000,48.00000,10.70000,12.70000,11.60000,436.65524
2019-10-08 18:01:35 UTC,2237,24.40000,17.20000,22.80000,48.00000,10.70000,12.70000,11.60000,436.66345
2019-10-08 18:02:35 UTC,2238,24.40000,17.20000,22.80000,48.00000,10.70000,12.70000,11.60000,436.55621
2019-10-08 18:03:35 UTC,2239,24.40000,17.20000,22.80000,48.00000,10.70000,12.70000,11.60000,436.31879
2019-10-08 18:04:35 UTC,2240,24.40000,17.20000,22.80000,48.00000,10.70000,12.70000,11.60000,435.99026
2019-10-08 18:05:35 UTC,2241,24.40000,17.20000,22.80000,48.00000,10.70000,12.70000,11.60000,435.67361
2019-10-08 18:06:35 UTC,2242,24.40000,17.20000,22.80000,48.10000,10.70000,12.70000,11.60000,435.31827
2019-10-08 18:07:35 UTC,2243,24.40000,17.20000,22.80000,48.10000,10.70000,12.70000,11.60000,434.96722
2019-10-08 18:08:35 UTC,2244,24.40000,17.20000,22.80000,47.90000,10.70000,12.70000,11.60000,434.64795
2019-10-08 18:09:35 UTC,2245,24.40000,17.20000,22.90000,48.00000,10.70000,12.70000,11.60000,434.23254
2019-10-08 18:10:35 UTC,2246,24.40000,17.20000,22.80000,48.00000,10.70000,12.70000,11.60000,433.94733
2019-10-08 18:11:35 UTC,2247,24.40000,17.20000,22.80000,47.90000,10.70000,12.60000,11.60000,433.68094
2019-10-08 18:12:35 UTC,2248,24.40000,17.20000,22.80000,48.00000,10.70000,12.70000,11.60000,433.65903
2019-10-08 18:13:36 UTC,2249,24.40000,17.20000,22.80000,48.00000,10.70000,12.70000,11.60000,433.53931
2019-10-08 18:14:36 UTC,2250,24.40000,17.20000,22.80000,48.00000,10.70000,12.70000,11.60000,433.50961
2019-10-08 18:15:35 UTC,2251,24.40000,17.20000,22.80000,48.00000,10.70000,12.70000,11.60000,433.50012
2019-10-08 18:16:35 UTC,2252,24.30000,17.20000,22.80000,48.10000,10.70000,12.70000,11.50000,433.35095
2019-10-08 18:17:35 UTC,2253,24.40000,17.20000,22.80000,47.90000,10.70000,12.60000,11.60000,433.36505
2019-10-08 18:18:35 UTC,2254,24.30000,17.20000,22.80000,48.00000,10.70000,12.60000,11.60000,433.36908
2019-10-08 18:19:35 UTC,2255,24.30000,17.20000,22.80000,47.90000,10.70000,12.60000,11.60000,433.26147
2019-10-08 18:20:35 UTC,2256,24.30000,17.20000,22.80000,48.20000,10.70000,12.70000,11.50000,433.05475
2019-10-08 18:21:36 UTC,2257,24.30000,17.20000,22.90000,48.00000,10.70000,12.60000,11.60000,432.90405
2019-10-08 18:22:35 UTC,2258,24.30000,17.20000,22.80000,48.20000,10.70000,12.70000,11.50000,432.81863
2019-10-08 18:23:36 UTC,2259,24.30000,17.20000,22.80000,48.00000,10.70000,12.60000,11.60000,432.69250
2019-10-08 18:24:36 UTC,2260,24.30000,17.20000,22.80000,48.10000,10.70000,12.70000,11.60000,432.56323
2019-10-08 18:25:37 UTC,2261,24.30000,17.20000,22.80000,48.10000,10.70000,12.70000,11.50000,432.37854
2019-10-08 18:26:37 UTC,2262,24.30000,17.20000,22.80000,48.00000,10.70000,12.60000,11.60000,432.05261
2019-10-08 18:27:37 UTC,2263,24.30000,17.20000,22.80000,48.00000,10.70000,12.60000,11.60000,431.76538
2019-10-08 18:28:37 UTC,2264,24.30000,17.20000,22.80000,48.10000,10.70000,12.60000,11.50000,431.54929
2019-10-08 18:29:37 UTC,2265,24.30000,17.10000,22.80000,48.00000,10.70000,12.60000,11.50000,431.23422
2019-10-08 18:30:37 UTC,2266,24.30000,17.20000,22.80000,48.10000,10.70000,12.70000,11.50000,430.96964
2019-10-08 18:31:37 UTC,2267,24.30000,17.20000,22.80000,48.20000,10.70000,12.70000,11.50000,430.63214
2019-10-08 18:32:37 UTC,2268,24.30000,17.10000,22.80000,48.00000,10.70000,12.60000,11.60000,430.20593
2019-10-08 18:33:37 UTC,2269,24.30000,17.10000,22.80000,48.00000,10.70000,12.60000,11.50000,429.92181
2019-10-08 18:34:37 UTC,2270,24.30000,17.10000,22.80000,48.00000,10.70000,12.60000,11.60000,429.70755
2019-10-08 18:35:37 UTC,2271,24.30000,17.10000,22.80000,48.00000,10.70000,12.60000,11.50000,429.77051
2019-10-08 18:36:37 UTC,2272,24.30000,17.10000,22.80000,47.90000,10.60000,12.60000,11.60000,429.90439
2019-10-08 18:37:37 UTC,2273,24.30000,17.10000,22.80000,48.00000,10.70000,12.60000,11.50000,430.05438
2019-10-08 18:38:37 UTC,2274,24.30000,17.10000,22.80000,48.10000,10.70000,12.60000,11.50000,430.19345
2019-10-08 18:39:37 UTC,2275,24.30000,17.20000,22.80000,48.20000,10.70000,12.70000,11.50000,430.36630
2019-10-08 18:40:37 UTC,2276,24.30000,17.20000,22.80000,48.10000,10.70000,12.60000,11.50000,430.63474
2019-10-08 18:41:37 UTC,2277,24.30000,17.20000,22.80000,48.20000,10.70000,12.70000,11.50000,430.73959
2019-10-08 18:42:37 UTC,2278,24.30000,17.10000,22.80000,48.10000,10.70000,12.60000,11.50000,430.76440
2019-10-08 18:43:37 UTC,2279,24.30000,17.10000,22.80000,48.10000,10.70000,12.60000,11.50000,430.75558
2019-10-08 18:44:37 UTC,2280,24.30000,17.10000,22.80000,48.00000,10.70000,12.60000,11.50000,430.64145
2019-10-08 18:45:37 UTC,2281,24.30000,17.20000,22.80000,48.20000,10.70000,12.60000,11.50000,430.40335
2019-10-08 18:46:37 UTC,2282,24.30000,17.10000,22.80000,48.10000,10.70000,12.60000,11.50000,430.08218
2019-10-08 18:47:37 UTC,2283,24.30000,17.10000,22.70000,48.00000,10.60000,12.60000,11.50000,429.63614
2019-10-08 18:48:37 UTC,2284,24.30000,17.10000,22.70000,48.00000,10.60000,12.60000,11.50000,429.18246
2019-10-08 18:49:37 UTC,2285,24.30000,17.10000,22.70000,48.00000,10.60000,12.60000,11.50000,428.78528
2019-10-08 18:50:37 UTC,2286,24.30000,17.10000,22.70000,47.80000,10.60000,12.50000,11.60000,428.49509
2019-10-08 18:51:37 UTC,2287,24.30000,17.10000,22.70000,48.00000,10.60000,12.60000,11.50000,428.25598
2019-10-08 18:52:37 UTC,2288,24.30000,17.10000,22.70000,48.00000,10.70000,12.60000,11.50000,427.97769
2019-10-08 18:53:37 UTC,2289,24.30000,17.10000,22.70000,47.80000,10.60000,12.50000,11.60000,427.61661
2019-10-08 18:54:37 UTC,2290,24.30000,17.10000,22.70000,47.90000,10.60000,12.60000,11.50000,427.36182
2019-10-08 18:55:37 UTC,2291,24.30000,17.10000,22.70000,48.10000,10.70000,12.60000,11.50000,427.18625
2019-10-08 18:56:37 UTC,2292,24.30000,17.10000,22.70000,48.20000,10.70000,12.60000,11.50000,426.85257
2019-10-08 18:57:37 UTC,2293,24.30000,17.10000,22.70000,48.10000,10.70000,12.60000,11.50000,426.55396
2019-10-08 18:58:37 UTC,2294,24.30000,17.10000,22.70000,47.90000,10.60000,12.60000,11.60000,426.29205
2019-10-08 18:59:37 UTC,2295,24.30000,17.10000,22.70000,48.00000,10.70000,12.60000,11.60000,426.08664
2019-10-08 19:00:37 UTC,2296,24.30000,17.10000,22.70000,48.00000,10.70000,12.60000,11.50000,426.06708
2019-10-08 19:01:37 UTC,2297,24.30000,17.10000,22.70000,48.00000,10.60000,12.60000,11.50000,425.85178
2019-10-08 19:02:38 UTC,2298,24.30000,17.10000,22.70000,47.80000,10.60000,12.50000,11.60000,425.72598
2019-10-08 19:03:37 UTC,2299,24.30000,17.10000,22.70000,47.80000,10.60000,12.50000,11.60000,425.51154
2019-10-08 19:04:37 UTC,2300,24.30000,17.10000,22.70000,47.70000,10.60000,12.50000,11.60000,425.45993
2019-10-08 19:05:37 UTC,2301,24.30000,17.10000,22.70000,47.80000,10.60000,12.50000,11.60000,425.40875
2019-10-08 19:06:37 UTC,2302,24.30000,17.10000,22.70000,47.70000,10.60000,12.50000,11.60000,425.27341
2019-10-08 19:07:37 UTC,2303,24.30000,17.10000,22.70000,47.70000,10.60000,12.50000,11.60000,425.12073
2019-10-08 19:08:37 UTC,2304,24.30000,17.10000,22.70000,47.50000,10.60000,12.50000,11.70000,424.90234
2019-10-08 19:09:37 UTC,2305,24.30000,17.10000,22.70000,47.70000,10.60000,12.50000,11.60000,424.77982
2019-10-08 19:10:37 UTC,2306,24.30000,17.10000,22.70000,47.80000,10.60000,12.50000,11.60000,424.77725
2019-10-08 19:11:37 UTC,2307,24.30000,17.10000,22.70000,47.70000,10.60000,12.50000,11.60000,424.71182
2019-10-08 19:12:37 UTC,2308,24.30000,17.10000,22.70000,47.50000,10.60000,12.50000,11.70000,424.59857
2019-10-08 19:13:37 UTC,2309,24.30000,17.10000,22.70000,47.80000,10.60000,12.50000,11.60000,424.42389
2019-10-08 19:14:37 UTC,2310,24.30000,17.10000,22.70000,47.80000,10.60000,12.50000,11.60000,424.23712
2019-10-08 19:15:37 UTC,2311,24.30000,17.10000,22.70000,47.80000,10.60000,12.50000,11.60000,424.18134
2019-10-08 19:16:37 UTC,2312,24.30000,17.10000,22.70000,47.80000,10.60000,12.50000,11.60000,424.23465
2019-10-08 19:17:37 UTC,2313,24.30000,17.10000,22.70000,47.80000,10.60000,12.50000,11.60000,424.26849
2019-10-08 19:18:37 UTC,2314,24.30000,17.10000,22.70000,47.90000,10.60000,12.50000,11.50000,424.32346
2019-10-08 19:19:37 UTC,2315,24.30000,17.10000,22.70000,47.90000,10.60000,12.50000,11.50000,424.41626
2019-10-08 19:20:37 UTC,2316,24.30000,17.10000,22.70000,47.80000,10.60000,12.50000,11.60000,424.53354
2019-10-08 19:21:37 UTC,2317,24.30000,17.10000,22.70000,47.80000,10.60000,12.50000,11.50000,424.60495
2019-10-08 19:22:37 UTC,2318,24.20000,17.10000,22.70000,48.00000,10.60000,12.50000,11.50000,424.69452
2019-10-08 19:23:37 UTC,2319,24.20000,17.10000,22.70000,48.00000,10.60000,12.50000,11.50000,424.65643
2019-10-08 19:24:37 UTC,2320,24.20000,17.10000,22.70000,48.00000,10.60000,12.50000,11.50000,424.49426
2019-10-08 19:25:37 UTC,2321,24.20000,17.10000,22.70000,48.00000,10.60000,12.50000,11.50000,424.28262
2019-10-08 19:26:37 UTC,2322,24.20000,17.10000,22.70000,48.10000,10.60000,12.60000,11.50000,424.07397
2019-10-08 19:27:37 UTC,2323,24.20000,17.10000,22.70000,48.00000,10.60000,12.50000,11.50000,423.80283
2019-10-08 19:28:37 UTC,2324,24.20000,17.10000,22.70000,47.90000,10.60000,12.50000,11.50000,423.45221
2019-10-08 19:29:37 UTC,2325,24.20000,17.10000,22.70000,48.10000,10.60000,12.60000,11.50000,423.16333
2019-10-08 19:30:37 UTC,2326,24.20000,17.10000,22.70000,48.00000,10.60000,12.50000,11.50000,423.01544
2019-10-08 19:31:37 UTC,2327,24.20000,17.10000,22.70000,48.10000,10.60000,12.60000,11.50000,422.91306
2019-10-08 19:32:39 UTC,2328,24.20000,17.10000,22.70000,48.00000,10.60000,12.50000,11.50000,422.87375
2019-10-08 19:33:38 UTC,2329,24.20000,17.10000,22.70000,48.00000,10.60000,12.50000,11.50000,422.86279
2019-10-08 19:34:38 UTC,2330,24.20000,17.10000,22.70000,48.00000,10.60000,12.50000,11.50000,422.79007
2019-10-08 19:35:38 UTC,2331,24.20000,17.10000,22.70000,48.00000,10.60000,12.50000,11.50000,422.77353
2019-10-08 19:36:38 UTC,2332,24.20000,17.10000,22.60000,48.00000,10.60000,12.50000,11.50000,422.71390
2019-10-08 19:37:38 UTC,2333,24.20000,17.10000,22.70000,48.00000,10.60000,12.50000,11.50000,422.58301
2019-10-08 19:38:38 UTC,2334,24.20000,17.10000,22.70000,48.10000,10.60000,12.60000,11.50000,422.53253
2019-10-08 19:39:38 UTC,2335,24.20000,17.10000,22.60000,48.10000,10.60000,12.50000,11.50000,422.55457
2019-10-08 19:40:38 UTC,2336,24.20000,17.10000,22.60000,48.00000,10.60000,12.50000,11.50000,422.59723
2019-10-08 19:41:38 UTC,2337,24.20000,17.10000,22.60000,48.00000,10.60000,12.50000,11.50000,422.67017
2019-10-08 19:42:38 UTC,2338,24.20000,17.00000,22.60000,47.90000,10.60000,12.50000,11.50000,422.70889
2019-10-08 19:43:38 UTC,2339,24.20000,17.10000,22.60000,48.20000,10.60000,12.60000,11.40000,422.73297
2019-10-08 19:44:38 UTC,2340,24.20000,17.10000,22.60000,48.30000,10.60000,12.60000,11.40000,422.72903
2019-10-08 19:45:38 UTC,2341,24.20000,17.10000,22.60000,48.10000,10.60000,12.60000,11.40000,422.72018
2019-10-08 19:46:38 UTC,2342,24.20000,17.10000,22.60000,48.20000,10.60000,12.60000,11.40000,422.67834
2019-10-08 19:47:38 UTC,2343,24.20000,17.10000,22.60000,48.00000,10.60000,12.50000,11.50000,422.56467
2019-10-08 19:48:38 UTC,2344,24.20000,17.00000,22.60000,48.10000,10.60000,12.50000,11.40000,422.46866
2019-10-08 19:49:38 UTC,2345,24.20000,17.00000,22.60000,48.00000,10.60000,12.50000,11.50000,422.30389
2019-10-08 19:50:38 UTC,2346,24.10000,17.00000,22.60000,48.10000,10.60000,12.50000,11.40000,422.13220
2019-10-08 19:51:38 UTC,2347,24.10000,17.10000,22.60000,48.30000,10.60000,12.50000,11.40000,421.97534
2019-10-08 19:52:38 UTC,2348,24.20000,17.00000,22.60000,48.10000,10.60000,12.50000,11.40000,421.81754
2019-10-08 19:53:38 UTC,2349,24.20000,17.00000,22.60000,48.10000,10.60000,12.50000,11.40000,421.66739
2019-10-08 19:54:38 UTC,2350,24.20000,17.00000,22.60000,48.00000,10.60000,12.50000,11.40000,421.73343
2019-10-08 19:55:38 UTC,2351,24.20000,17.00000,22.60000,48.00000,10.60000,12.50000,11.50000,421.83194
2019-10-08 19:56:38 UTC,2352,24.20000,17.00000,22.60000,48.20000,10.60000,12.50000,11.40000,421.90213
2019-10-08 19:57:38 UTC,2353,24.20000,17.00000,22.60000,48.10000,10.60000,12.50000,11.40000,421.92154
2019-10-08 19:58:38 UTC,2354,24.20000,17.00000,22.60000,47.90000,10.60000,12.50000,11.50000,421.99792
2019-10-08 19:59:38 UTC,2355,24.20000,17.10000,22.60000,47.90000,10.60000,12.50000,11.50000,422.08606
2019-10-08 20:00:38 UTC,2356,24.20000,17.00000,22.60000,47.80000,10.60000,12.40000,11.50000,422.12610
2019-10-08 20:01:38 UTC,2357,24.20000,17.00000,22.60000,47.70000,10.50000,12.40000,11.50000,422.11774
2019-10-08 20:02:38 UTC,2358,24.20000,17.00000,22.60000,47.70000,10.50000,12.40000,11.50000,422.04587
2019-10-08 20:03:38 UTC,2359,24.20000,17.00000,22.60000,47.80000,10.50000,12.40000,11.50000,421.97882
2019-10-08 20:04:38 UTC,2360,24.20000,17.00000,22.60000,47.70000,10.50000,12.40000,11.50000,421.93277
2019-10-08 20:05:38 UTC,2361,24.20000,17.00000,22.60000,47.80000,10.50000,12.40000,11.50000,421.85864
2019-10-08 20:06:38 UTC,2362,24.20000,17.00000,22.60000,47.70000,10.50000,12.40000,11.50000,421.72836
2019-10-08 20:07:38 UTC,2363,24.20000,17.00000,22.60000,47.80000,10.50000,12.40000,11.50000,421.54089
2019-10-08 20:08:38 UTC,2364,24.20000,17.00000,22.60000,47.90000,10.60000,12.50000,11.50000,421.37885
2019-10-08 20:09:38 UTC,2365,24.20000,17.00000,22.60000,48.00000,10.60000,12.50000,11.50000,421.38187
2019-10-08 20:10:38 UTC,2366,24.20000,17.00000,22.60000,47.90000,10.60000,12.50000,11.50000,421.44974
2019-10-08 20:11:38 UTC,2367,24.20000,17.00000,22.60000,48.10000,10.60000,12.50000,11.40000,421.48801
2019-10-08 20:12:38 UTC,2368,24.10000,17.00000,22.60000,48.10000,10.60000,12.50000,11.40000,421.46640
2019-10-08 20:13:38 UTC,2369,24.20000,17.00000,22.60000,48.00000,10.60000,12.50000,11.40000,421.47949
2019-10-08 20:14:38 UTC,2370,24.10000,17.00000,22.60000,48.10000,10.60000,12.50000,11.40000,421.51193
2019-10-08 20:15:38 UTC,2371,24.20000,17.00000,22.60000,48.00000,10.60000,12.50000,11.40000,421.57224
2019-10-08 20:16:38 UTC,2372,24.20000,17.00000,22.60000,47.90000,10.50000,12.40000,11.50000,421.65997
2019-10-08 20:17:38 UTC,2373,24.20000,17.00000,22.60000,48.00000,10.60000,12.50000,11.50000,421.67554
2019-10-08 20:18:38 UTC,2374,24.10000,17.00000,22.60000,48.00000,10.60000,12.50000,11.40000,421.63562
2019-10-08 20:19:38 UTC,2375,24.10000,17.00000,22.60000,48.00000,10.60000,12.40000,11.50000,421.59888
2019-10-08 20:20:38 UTC,2376,24.10000,17.00000,22.60000,47.90000,10.50000,12.40000,11.50000,421.56500
2019-10-08 20:21:38 UTC,2377,24.10000,17.00000,22.60000,48.00000,10.60000,12.40000,11.40000,421.56128
2019-10-08 20:22:38 UTC,2378,24.10000,17.00000,22.60000,48.00000,10.60000,12.50000,11.40000,421.47974
2019-10-08 20:23:38 UTC,2379,24.10000,17.00000,22.60000,48.00000,10.60000,12.40000,11.40000,421.42490
2019-10-08 20:24:38 UTC,2380,24.10000,17.00000,22.60000,48.00000,10.50000,12.40000,11.40000,421.32950
2019-10-08 20:25:38 UTC,2381,24.10000,17.00000,22.60000,48.00000,10.60000,12.40000,11.40000,421.15729
2019-10-08 20:26:38 UTC,2382,24.10000,17.00000,22.50000,48.10000,10.60000,12.50000,11.40000,420.95627
2019-10-08 20:27:38 UTC,2383,24.10000,17.00000,22.60000,48.00000,10.60000,12.50000,11.40000,420.73773
2019-10-08 20:28:38 UTC,2384,24.10000,17.00000,22.50000,48.10000,10.60000,12.50000,11.40000,420.48956
2019-10-08 20:29:38 UTC,2385,24.10000,17.00000,22.50000,47.80000,10.50000,12.40000,11.50000,420.21921
2019-10-08 20:30:38 UTC,2386,24.10000,17.00000,22.50000,47.90000,10.50000,12.40000,11.50000,419.98010
2019-10-08 20:31:38 UTC,2387,24.10000,17.00000,22.50000,48.10000,10.60000,12.40000,11.40000,419.83926
2019-10-08 20:32:38 UTC,2388,24.10000,17.00000,22.50000,47.90000,10.50000,12.40000,11.50000,419.72220
2019-10-08 20:33:38 UTC,2389,24.10000,17.00000,22.50000,47.80000,10.50000,12.40000,11.50000,419.65729
2019-10-08 20:34:38 UTC,2390,24.10000,17.00000,22.50000,47.90000,10.50000,12.40000,11.40000,419.68640
2019-10-08 20:35:38 UTC,2391,24.10000,17.00000,22.50000,47.80000,10.50000,12.40000,11.50000,419.72473
2019-10-08 20:36:38 UTC,2392,24.10000,17.00000,22.50000,47.80000,10.50000,12.40000,11.50000,419.82343
2019-10-08 20:37:38 UTC,2393,24.10000,17.00000,22.50000,48.00000,10.50000,12.40000,11.40000,419.95370
2019-10-08 20:38:39 UTC,2394,24.10000,17.00000,22.50000,48.00000,10.60000,12.40000,11.40000,420.15884
2019-10-08 20:39:38 UTC,2395,24.10000,17.00000,22.50000,48.00000,10.50000,12.40000,11.40000,420.33517
2019-10-08 20:40:39 UTC,2396,24.10000,17.00000,22.50000,48.00000,10.50000,12.40000,11.40000,420.55444
2019-10-08 20:41:39 UTC,2397,24.10000,17.00000,22.50000,47.80000,10.50000,12.40000,11.50000,420.83655
2019-10-08 20:42:39 UTC,2398,24.10000,16.90000,22.40000,48.00000,10.50000,12.40000,11.40000,421.02191
2019-10-08 20:43:38 UTC,2399,24.10000,17.00000,22.50000,48.00000,10.50000,12.40000,11.40000,421.18097
2019-10-08 20:44:39 UTC,2400,24.10000,16.90000,22.40000,47.80000,10.50000,12.40000,11.40000,421.39032
2019-10-08 20:45:39 UTC,2401,24.10000,17.00000,22.50000,47.90000,10.50000,12.40000,11.40000,421.57336
2019-10-08 20:46:39 UTC,2402,24.10000,17.00000,22.50000,48.00000,10.50000,12.40000,11.40000,421.91562
2019-10-08 20:47:38 UTC,2403,24.10000,17.00000,22.50000,48.00000,10.60000,12.50000,11.40000,422.67850
2019-10-08 20:48:39 UTC,2404,24.10000,17.00000,22.50000,48.00000,10.60000,12.50000,11.40000,424.03952
2019-10-08 20:49:39 UTC,2405,24.10000,17.00000,22.50000,48.20000,10.60000,12.50000,11.40000,426.16632
2019-10-08 20:50:39 UTC,2406,24.10000,17.00000,22.50000,48.10000,10.60000,12.50000,11.40000,429.20923
2019-10-08 20:51:39 UTC,2407,24.20000,17.00000,22.60000,47.90000,10.50000,12.40000,11.50000,432.36014
2019-10-08 20:52:39 UTC,2408,24.20000,17.00000,22.60000,48.00000,10.60000,12.50000,11.50000,435.22101
2019-10-08 20:53:39 UTC,2409,24.20000,17.00000,22.60000,47.80000,10.60000,12.40000,11.50000,437.86133
2019-10-08 20:54:39 UTC,2410,24.20000,17.10000,22.60000,48.00000,10.60000,12.50000,11.50000,440.85190
2019-10-08 20:55:39 UTC,2411,24.20000,17.10000,22.60000,47.90000,10.60000,12.50000,11.50000,443.63803
2019-10-08 20:56:39 UTC,2412,24.30000,17.10000,22.60000,47.80000,10.60000,12.50000,11.60000,446.06824
2019-10-08 20:57:39 UTC,2413,24.30000,17.10000,22.60000,47.80000,10.60000,12.50000,11.60000,447.92072
2019-10-08 20:58:39 UTC,2414,24.30000,17.10000,22.60000,47.70000,10.60000,12.50000,11.60000,449.41785
2019-10-08 20:59:39 UTC,2415,24.30000,17.10000,22.60000,47.90000,10.60000,12.60000,11.60000,450.87509
2019-10-08 21:00:39 UTC,2416,24.30000,17.10000,22.70000,47.70000,10.60000,12.50000,11.60000,452.12216
2019-10-08 21:01:39 UTC,2417,24.40000,17.10000,22.70000,47.60000,10.60000,12.60000,11.70000,453.74658
2019-10-08 21:02:39 UTC,2418,24.40000,17.10000,22.60000,47.50000,10.60000,12.50000,11.70000,455.38614
2019-10-08 21:03:39 UTC,2419,24.40000,17.10000,22.70000,47.30000,10.60000,12.50000,11.80000,456.56219
2019-10-08 21:04:39 UTC,2420,24.50000,17.20000,22.70000,47.40000,10.60000,12.50000,11.80000,457.84189
2019-10-08 21:05:39 UTC,2421,24.50000,17.20000,22.70000,47.10000,10.60000,12.50000,11.90000,459.07343
2019-10-08 21:06:39 UTC,2422,24.50000,17.20000,22.70000,47.30000,10.60000,12.60000,11.90000,460.82812
2019-10-08 21:07:39 UTC,2423,24.50000,17.20000,22.70000,47.40000,10.60000,12.60000,11.80000,462.65408
2019-10-08 21:08:39 UTC,2424,24.50000,17.20000,22.70000,47.40000,10.70000,12.60000,11.80000,464.21274
2019-10-08 21:09:39 UTC,2425,24.60000,17.20000,22.70000,47.30000,10.70000,12.60000,11.90000,465.56323
2019-10-08 21:10:39 UTC,2426,24.60000,17.20000,22.80000,47.20000,10.60000,12.60000,11.90000,466.61557
2019-10-08 21:11:39 UTC,2427,24.60000,17.30000,22.80000,47.20000,10.70000,12.60000,11.90000,467.64532
2019-10-08 21:12:39 UTC,2428,24.70000,17.30000,22.80000,47.00000,10.60000,12.60000,12.00000,468.73895
2019-10-08 21:13:39 UTC,2429,24.60000,17.30000,22.80000,47.10000,10.70000,12.60000,12.00000,469.94629
2019-10-08 21:14:39 UTC,2430,24.70000,17.30000,22.80000,47.20000,10.70000,12.60000,12.00000,471.55804
2019-10-08 21:15:39 UTC,2431,24.70000,17.30000,22.80000,47.00000,10.70000,12.60000,12.00000,473.60278
2019-10-08 21:16:39 UTC,2432,24.70000,17.30000,22.80000,47.10000,10.70000,12.70000,12.00000,475.36365
2019-10-08 21:17:39 UTC,2433,24.70000,17.30000,22.80000,47.00000,10.70000,12.70000,12.00000,476.80261
2019-10-08 21:18:39 UTC,2434,24.70000,17.30000,22.80000,47.10000,10.70000,12.70000,12.00000,478.12329
2019-10-08 21:19:39 UTC,2435,24.70000,17.30000,22.80000,46.90000,10.70000,12.70000,12.10000,479.62424
2019-10-08 21:20:39 UTC,2436,24.80000,17.30000,22.80000,46.90000,10.70000,12.70000,12.10000,481.27658
2019-10-08 21:21:39 UTC,2437,24.80000,17.30000,22.80000,46.90000,10.70000,12.70000,12.10000,483.11731
2019-10-08 21:22:39 UTC,2438,24.80000,17.30000,22.80000,46.90000,10.70000,12.70000,12.10000,484.85471
2019-10-08 21:23:39 UTC,2439,24.70000,17.30000,22.80000,47.00000,10.70000,12.70000,12.10000,485.78784
2019-10-08 21:24:39 UTC,2440,24.80000,17.40000,22.80000,47.00000,10.70000,12.70000,12.10000,486.55402
2019-10-08 21:25:39 UTC,2441,24.80000,17.30000,22.80000,46.80000,10.70000,12.70000,12.10000,487.83792
2019-10-08 21:26:39 UTC,2442,24.80000,17.30000,22.80000,46.90000,10.70000,12.70000,12.10000,489.50928
2019-10-08 21:27:39 UTC,2443,24.80000,17.40000,22.80000,47.00000,10.70000,12.70000,12.10000,491.38315
2019-10-08 21:28:39 UTC,2444,24.80000,17.40000,22.90000,46.90000,10.70000,12.70000,12.10000,493.45126
2019-10-08 21:29:39 UTC,2445,24.80000,17.40000,22.90000,46.90000,10.70000,12.70000,12.10000,495.61417
2019-10-08 21:30:42 UTC,2446,24.80000,17.40000,22.90000,46.80000,10.70000,12.70000,12.20000,497.18500
2019-10-08 21:31:41 UTC,2447,24.80000,17.40000,22.90000,46.90000,10.70000,12.70000,12.10000,498.80502
2019-10-08 21:32:44 UTC,2448,24.80000,17.40000,22.90000,46.70000,10.70000,12.70000,12.20000,500.80566
2019-10-08 21:33:42 UTC,2449,24.80000,17.40000,22.90000,46.70000,10.70000,12.70000,12.20000,502.66769
2019-10-08 21:34:42 UTC,2450,24.90000,17.40000,22.90000,46.70000,10.70000,12.70000,12.20000,504.07669
2019-10-08 21:35:42 UTC,2451,24.80000,17.40000,22.90000,46.80000,10.70000,12.70000,12.20000,504.95715
2019-10-08 21:36:43 UTC,2452,24.90000,17.40000,22.90000,46.70000,10.70000,12.70000,12.20000,505.81638
2019-10-08 21:37:43 UTC,2453,24.80000,17.40000,22.90000,46.80000,10.70000,12.70000,12.20000,506.63934
2019-10-08 21:38:43 UTC,2454,24.90000,17.40000,22.90000,46.70000,10.70000,12.70000,12.20000,507.56519
2019-10-08 21:39:43 UTC,2455,24.90000,17.40000,22.90000,46.80000,10.70000,12.70000,12.20000,508.75854
2019-10-08 21:40:45 UTC,2456,24.90000,17.40000,22.90000,46.70000,10.70000,12.70000,12.20000,510.37753
2019-10-08 21:41:44 UTC,2457,24.90000,17.40000,22.90000,47.00000,10.80000,12.80000,12.20000,511.78311
2019-10-08 21:42:44 UTC,2458,24.90000,17.40000,22.90000,46.80000,10.70000,12.70000,12.20000,513.28314
2019-10-08 21:43:44 UTC,2459,24.90000,17.40000,22.90000,46.80000,10.80000,12.80000,12.20000,514.90906
2019-10-08 21:44:44 UTC,2460,24.90000,17.40000,22.90000,46.70000,10.70000,12.70000,12.20000,516.31818
2019-10-08 21:45:44 UTC,2461,24.90000,17.40000,22.90000,46.80000,10.70000,12.70000,12.20000,517.50177
2019-10-08 21:46:44 UTC,2462,24.90000,17.40000,22.90000,46.80000,10.70000,12.70000,12.20000,518.40063
2019-10-08 21:47:44 UTC,2463,24.90000,17.40000,22.90000,46.50000,10.70000,12.70000,12.30000,519.63165
2019-10-08 21:48:44 UTC,2464,24.90000,17.40000,22.90000,46.70000,10.70000,12.70000,12.30000,520.47711
2019-10-08 21:49:44 UTC,2465,24.80000,17.40000,22.90000,47.00000,10.70000,12.70000,12.10000,521.29932
2019-10-08 21:50:44 UTC,2466,24.80000,17.40000,22.90000,46.90000,10.70000,12.70000,12.20000,522.41040
2019-10-08 21:51:44 UTC,2467,24.90000,17.40000,22.90000,46.80000,10.70000,12.70000,12.20000,523.50012
2019-10-08 21:52:44 UTC,2468,24.90000,17.40000,22.90000,46.60000,10.70000,12.70000,12.20000,524.55859
2019-10-08 21:53:44 UTC,2469,24.90000,17.40000,22.90000,46.80000,10.70000,12.70000,12.20000,525.50323
2019-10-08 21:54:44 UTC,2470,24.90000,17.40000,22.90000,46.80000,10.80000,12.80000,12.20000,526.36707
2019-10-08 21:55:44 UTC,2471,24.90000,17.40000,23.00000,46.80000,10.70000,12.80000,12.20000,527.24335
2019-10-08 21:56:44 UTC,2472,24.90000,17.50000,22.90000,46.80000,10.80000,12.80000,12.30000,528.51367
2019-10-08 21:57:44 UTC,2473,24.90000,17.50000,23.00000,46.70000,10.80000,12.80000,12.30000,530.00098
2019-10-08 21:58:44 UTC,2474,25.00000,17.50000,23.00000,46.70000,10.80000,12.80000,12.30000,531.46344
2019-10-08 21:59:44 UTC,2475,24.90000,17.50000,23.00000,46.80000,10.80000,12.80000,12.30000,532.95447
2019-10-08 22:00:44 UTC,2476,24.90000,17.50000,23.00000,46.80000,10.80000,12.80000,12.20000,534.38348
2019-10-08 22:01:44 UTC,2477,25.00000,17.50000,23.00000,46.50000,10.70000,12.70000,12.30000,535.93146
2019-10-08 22:02:45 UTC,2478,25.00000,17.50000,23.00000,46.50000,10.70000,12.70000,12.40000,537.66217
2019-10-08 22:03:44 UTC,2479,25.00000,17.50000,23.00000,46.50000,10.70000,12.70000,12.30000,539.04773
2019-10-08 22:04:45 UTC,2480,25.00000,17.50000,23.00000,46.60000,10.80000,12.80000,12.30000,539.77344
2019-10-08 22:05:44 UTC,2481,25.00000,17.50000,23.00000,46.60000,10.80000,12.80000,12.30000,540.20612
2019-10-08 22:06:44 UTC,2482,25.00000,17.50000,23.00000,46.50000,10.70000,12.80000,12.40000,540.72821
2019-10-08 22:07:44 UTC,2483,25.00000,17.50000,23.00000,46.60000,10.80000,12.80000,12.30000,540.97382
2019-10-08 22:08:45 UTC,2484,24.90000,17.40000,22.70000,46.80000,10.80000,12.80000,12.20000,541.26685
2019-10-08 22:09:44 UTC,2485,24.80000,17.40000,22.20000,47.10000,10.80000,12.80000,12.10000,541.92920
2019-10-08 22:10:45 UTC,2486,24.70000,17.30000,21.80000,47.30000,10.70000,12.70000,11.90000,542.55737
2019-10-08 22:11:44 UTC,2487,24.40000,17.10000,21.50000,47.20000,10.50000,12.40000,11.80000,542.79138
2019-10-08 22:12:44 UTC,2488,24.40000,16.90000,21.50000,46.20000,10.30000,12.10000,12.00000,542.72363
2019-10-08 22:13:45 UTC,2489,24.40000,16.90000,21.60000,46.30000,10.30000,12.10000,12.00000,542.11371
2019-10-08 22:14:45 UTC,2490,24.40000,17.00000,21.70000,46.10000,10.30000,12.10000,12.10000,540.44299
2019-10-08 22:15:45 UTC,2491,24.50000,16.90000,21.80000,45.40000,10.20000,12.00000,12.30000,536.75922
2019-10-08 22:16:45 UTC,2492,24.60000,16.90000,21.90000,45.00000,10.10000,11.90000,12.40000,529.16290
2019-10-08 22:17:45 UTC,2493,24.60000,16.90000,22.00000,44.90000,10.10000,11.90000,12.50000,518.92792
2019-10-08 22:18:45 UTC,2494,24.60000,16.90000,22.10000,44.90000,10.20000,11.90000,12.50000,511.42651
2019-10-08 22:19:45 UTC,2495,24.70000,17.00000,22.20000,44.90000,10.20000,11.90000,12.50000,506.29910
2019-10-08 22:20:45 UTC,2496,24.70000,17.00000,22.30000,45.10000,10.20000,12.00000,12.50000,503.24927
2019-10-08 22:21:45 UTC,2497,24.80000,17.00000,22.40000,45.10000,10.30000,12.10000,12.50000,502.11996
2019-10-08 22:22:45 UTC,2498,24.80000,17.00000,22.40000,45.10000,10.30000,12.10000,12.50000,501.51773
2019-10-08 22:23:45 UTC,2499,24.80000,17.00000,22.50000,45.00000,10.30000,12.10000,12.50000,501.41779
2019-10-08 22:24:45 UTC,2500,24.80000,17.10000,22.50000,45.10000,10.30000,12.10000,12.50000,501.75333
2019-10-08 22:25:45 UTC,2501,24.80000,17.10000,22.60000,45.20000,10.30000,12.10000,12.50000,502.42902
2019-10-08 22:26:45 UTC,2502,24.80000,17.10000,22.60000,45.20000,10.30000,12.10000,12.50000,503.16217
2019-10-08 22:27:45 UTC,2503,24.80000,17.10000,22.70000,45.20000,10.30000,12.10000,12.50000,503.91763
2019-10-08 22:28:45 UTC,2504,24.80000,17.10000,22.70000,45.30000,10.30000,12.20000,12.50000,504.98019
2019-10-08 22:29:45 UTC,2505,24.80000,17.10000,22.70000,45.10000,10.30000,12.10000,12.60000,506.19302
2019-10-08 22:30:45 UTC,2506,24.80000,17.10000,22.70000,45.20000,10.30000,12.20000,12.50000,507.74219
2019-10-08 22:31:45 UTC,2507,24.90000,17.10000,22.70000,45.30000,10.40000,12.20000,12.50000,509.19724
2019-10-08 22:32:45 UTC,2508,24.90000,17.20000,22.80000,45.30000,10.40000,12.20000,12.50000,511.04633
2019-10-08 22:33:45 UTC,2509,24.90000,17.10000,22.80000,45.20000,10.40000,12.20000,12.60000,512.77820
2019-10-08 22:34:45 UTC,2510,24.90000,17.20000,22.80000,45.30000,10.40000,12.20000,12.50000,514.57361
2019-10-08 22:35:45 UTC,2511,24.90000,17.20000,22.80000,45.20000,10.40000,12.20000,12.60000,516.35303
2019-10-08 22:36:45 UTC,2512,24.90000,17.20000,22.80000,45.40000,10.40000,12.30000,12.50000,517.82666
2019-10-08 22:37:45 UTC,2513,24.90000,17.20000,22.80000,45.40000,10.40000,12.30000,12.50000,519.00055
2019-10-08 22:38:45 UTC,2514,24.90000,17.20000,22.80000,45.40000,10.40000,12.30000,12.50000,519.76428
2019-10-08 22:39:45 UTC,2515,24.90000,17.20000,22.80000,45.40000,10.40000,12.30000,12.60000,520.48389
2019-10-08 22:40:45 UTC,2516,24.90000,17.20000,22.80000,45.40000,10.40000,12.30000,12.50000,520.78967
2019-10-08 22:41:45 UTC,2517,24.90000,17.20000,22.80000,45.40000,10.40000,12.30000,12.60000,521.05170
2019-10-08 22:42:45 UTC,2518,24.90000,17.20000,22.80000,45.40000,10.40000,12.30000,12.60000,521.34448
2019-10-08 22:43:45 UTC,2519,24.90000,17.20000,22.90000,45.40000,10.40000,12.30000,12.50000,521.65125
2019-10-08 22:44:45 UTC,2520,24.80000,17.20000,22.90000,45.70000,10.50000,12.30000,12.40000,521.94714
2019-10-08 22:45:45 UTC,2521,24.80000,17.20000,22.90000,45.70000,10.50000,12.30000,12.40000,522.20026
2019-10-08 22:46:45 UTC,2522,24.80000,17.20000,22.90000,45.70000,10.50000,12.30000,12.40000,522.72321
2019-10-08 22:47:45 UTC,2523,24.80000,17.20000,22.90000,45.90000,10.50000,12.40000,12.40000,523.44666
2019-10-08 22:48:45 UTC,2524,24.80000,17.20000,22.90000,45.70000,10.50000,12.30000,12.40000,524.52454
2019-10-08 22:49:45 UTC,2525,24.90000,17.20000,22.90000,45.50000,10.40000,12.30000,12.50000,525.97748
2019-10-08 22:50:45 UTC,2526,24.80000,17.20000,22.90000,45.60000,10.40000,12.30000,12.40000,527.26703
2019-10-08 22:51:45 UTC,2527,24.80000,17.20000,22.90000,45.70000,10.40000,12.30000,12.40000,528.37756
2019-10-08 22:52:45 UTC,2528,24.80000,17.20000,22.90000,45.70000,10.40000,12.30000,12.40000,529.42273
2019-10-08 22:53:45 UTC,2529,24.80000,17.20000,22.90000,45.90000,10.50000,12.40000,12.30000,530.32660
2019-10-08 22:54:45 UTC,2530,24.80000,17.20000,23.00000,45.80000,10.50000,12.30000,12.40000,530.68787
2019-10-08 22:55:45 UTC,2531,24.80000,17.20000,23.00000,45.80000,10.40000,12.30000,12.40000,530.86517
2019-10-08 22:56:45 UTC,2532,24.80000,17.20000,23.00000,45.90000,10.50000,12.40000,12.30000,530.99316
2019-10-08 22:57:46 UTC,2533,24.80000,17.20000,23.00000,45.90000,10.50000,12.40000,12.40000,531.07733
2019-10-08 22:58:45 UTC,2534,24.80000,17.20000,23.00000,46.00000,10.50000,12.40000,12.40000,531.52350
2019-10-08 22:59:45 UTC,2535,24.80000,17.20000,22.90000,46.00000,10.50000,12.40000,12.40000,532.48303
2019-10-08 23:00:45 UTC,2536,24.80000,17.20000,23.00000,46.10000,10.50000,12.50000,12.30000,533.81866
2019-10-08 23:01:45 UTC,2537,24.80000,17.30000,23.00000,46.10000,10.50000,12.50000,12.30000,535.48828
2019-10-08 23:02:45 UTC,2538,24.80000,17.30000,23.00000,46.10000,10.50000,12.50000,12.30000,537.61078
2019-10-08 23:03:45 UTC,2539,24.80000,17.30000,23.00000,46.20000,10.60000,12.50000,12.30000,539.90210
2019-10-08 23:04:45 UTC,2540,24.80000,17.20000,23.00000,46.20000,10.50000,12.50000,12.30000,541.73096
2019-10-08 23:05:45 UTC,2541,24.80000,17.20000,23.00000,46.00000,10.50000,12.40000,12.40000,543.20386
2019-10-08 23:06:45 UTC,2542,24.80000,17.20000,23.00000,46.10000,10.50000,12.40000,12.30000,544.26349
2019-10-08 23:07:45 UTC,2543,24.80000,17.20000,23.00000,46.10000,10.50000,12.40000,12.30000,544.83087
2019-10-08 23:08:45 UTC,2544,24.80000,17.20000,23.00000,46.10000,10.50000,12.40000,12.30000,544.62537
2019-10-08 23:09:45 UTC,2545,24.80000,17.30000,23.00000,46.10000,10.50000,12.50000,12.30000,544.49939
2019-10-08 23:10:45 UTC,2546,24.80000,17.30000,23.00000,46.20000,10.60000,12.50000,12.30000,544.51276
2019-10-08 23:11:45 UTC,2547,24.80000,17.30000,23.00000,46.10000,10.50000,12.50000,12.30000,544.57990
2019-10-08 23:12:45 UTC,2548,24.80000,17.30000,23.00000,46.10000,10.50000,12.50000,12.30000,544.87170
2019-10-08 23:13:45 UTC,2549,24.80000,17.30000,23.00000,46.30000,10.60000,12.50000,12.30000,545.41315
2019-10-08 23:14:45 UTC,2550,24.80000,17.30000,23.00000,46.10000,10.50000,12.50000,12.30000,546.16162
2019-10-08 23:15:45 UTC,2551,24.80000,17.30000,23.00000,46.10000,10.50000,12.50000,12.30000,546.90210
2019-10-08 23:16:45 UTC,2552,24.80000,17.20000,23.00000,45.90000,10.50000,12.40000,12.40000,547.58405
2019-10-08 23:17:45 UTC,2553,24.90000,17.30000,23.00000,46.00000,10.50000,12.40000,12.40000,548.23486
2019-10-08 23:18:45 UTC,2554,24.80000,17.30000,23.00000,46.10000,10.60000,12.50000,12.30000,548.71033
2019-10-08 23:19:45 UTC,2555,24.80000,17.30000,23.00000,46.10000,10.60000,12.50000,12.30000,549.11731
2019-10-08 23:20:46 UTC,2556,24.80000,17.30000,23.00000,46.10000,10.60000,12.50000,12.30000,549.44110
2019-10-08 23:21:45 UTC,2557,24.80000,17.30000,23.00000,46.10000,10.60000,12.50000,12.30000,549.72455
2019-10-08 23:22:45 UTC,2558,24.90000,17.30000,23.00000,46.10000,10.60000,12.50000,12.30000,550.18097
2019-10-08 23:23:46 UTC,2559,24.90000,17.30000,23.00000,46.10000,10.60000,12.50000,12.40000,550.63678
2019-10-08 23:24:45 UTC,2560,24.90000,17.30000,23.00000,46.20000,10.60000,12.50000,12.30000,551.35474
2019-10-08 23:25:45 UTC,2561,24.90000,17.30000,23.00000,46.20000,10.60000,12.60000,12.30000,552.45471
2019-10-08 23:26:45 UTC,2562,24.90000,17.30000,23.00000,46.20000,10.60000,12.60000,12.30000,554.12506
2019-10-08 23:27:46 UTC,2563,24.90000,17.30000,23.00000,46.20000,10.60000,12.60000,12.40000,555.76013
2019-10-08 23:28:45 UTC,2564,24.90000,17.30000,23.10000,46.10000,10.60000,12.50000,12.40000,557.36279
2019-10-08 23:29:45 UTC,2565,25.00000,17.30000,23.10000,45.80000,10.60000,12.50000,12.50000,558.61456
2019-10-08 23:30:46 UTC,2566,25.00000,17.30000,23.10000,45.70000,10.50000,12.50000,12.50000,559.72760
2019-10-08 23:31:45 UTC,2567,25.00000,17.30000,23.10000,45.90000,10.60000,12.50000,12.50000,560.93152
2019-10-08 23:32:45 UTC,2568,25.00000,17.40000,23.10000,45.80000,10.60000,12.50000,12.50000,562.09747
2019-10-08 23:33:45 UTC,2569,25.00000,17.40000,23.10000,46.00000,10.60000,12.60000,12.50000,563.34143
2019-10-08 23:34:45 UTC,2570,25.00000,17.40000,23.10000,46.10000,10.70000,12.60000,12.50000,564.29004
2019-10-08 23:35:45 UTC,2571,25.00000,17.40000,23.10000,46.20000,10.70000,12.70000,12.50000,564.70941
2019-10-08 23:36:46 UTC,2572,25.10000,17.40000,23.20000,45.70000,10.60000,12.60000,12.60000,564.82581
2019-10-08 23:37:45 UTC,2573,25.10000,17.40000,23.20000,45.40000,10.60000,12.50000,12.70000,565.01813
2019-10-08 23:38:46 UTC,2574,25.00000,17.40000,23.10000,46.00000,10.60000,12.60000,12.50000,565.16357
2019-10-08 23:39:46 UTC,2575,25.10000,17.40000,23.00000,45.90000,10.60000,12.60000,12.60000,565.09711
2019-10-08 23:40:46 UTC,2576,25.00000,17.40000,23.00000,46.00000,10.60000,12.60000,12.50000,565.18707
2019-10-08 23:41:45 UTC,2577,25.00000,17.30000,23.00000,46.00000,10.60000,12.50000,12.50000,565.32782
2019-10-08 23:42:46 UTC,2578,25.00000,17.30000,23.00000,45.70000,10.60000,12.50000,12.50000,565.70190
2019-10-08 23:43:46 UTC,2579,25.00000,17.30000,23.00000,45.60000,10.60000,12.50000,12.60000,566.13568
2019-10-08 23:44:46 UTC,2580,25.10000,17.30000,23.10000,45.40000,10.50000,12.40000,12.70000,566.62964
2019-10-08 23:45:46 UTC,2581,25.10000,17.40000,23.10000,45.40000,10.50000,12.50000,12.70000,567.43323
2019-10-08 23:46:46 UTC,2582,25.10000,17.30000,23.20000,45.10000,10.50000,12.40000,12.80000,568.41284
2019-10-08 23:47:46 UTC,2583,25.10000,17.30000,23.10000,45.00000,10.50000,12.40000,12.80000,569.30896
2019-10-08 23:48:46 UTC,2584,25.20000,17.40000,22.90000,45.10000,10.50000,12.40000,12.80000,569.94672
2019-10-08 23:49:46 UTC,2585,25.10000,17.30000,22.70000,45.10000,10.50000,12.40000,12.80000,569.96985
2019-10-08 23:50:46 UTC,2586,25.00000,17.30000,22.70000,45.20000,10.50000,12.30000,12.70000,569.66998
2019-10-08 23:51:46 UTC,2587,25.00000,17.20000,22.80000,45.10000,10.40000,12.30000,12.70000,568.94537
2019-10-08 23:52:46 UTC,2588,25.00000,17.20000,22.90000,44.70000,10.30000,12.20000,12.80000,568.22015
2019-10-08 23:53:46 UTC,2589,25.10000,17.20000,22.90000,44.20000,10.30000,12.10000,12.90000,567.19006
2019-10-08 23:54:46 UTC,2590,25.10000,17.10000,23.00000,43.90000,10.20000,12.00000,13.10000,565.72186
2019-10-08 23:55:46 UTC,2591,25.20000,17.10000,23.10000,43.60000,10.20000,11.90000,13.20000,563.27258
2019-10-08 23:56:46 UTC,2592,25.20000,17.20000,23.20000,43.80000,10.20000,12.00000,13.10000,559.51117
2019-10-08 23:57:46 UTC,2593,25.30000,17.20000,23.20000,43.60000,10.20000,12.00000,13.30000,554.97998
2019-10-08 23:58:46 UTC,2594,25.30000,17.20000,23.30000,43.40000,10.20000,12.00000,13.30000,550.23157
2019-10-08 23:59:46 UTC,2595,25.40000,17.20000,23.40000,43.20000,10.20000,12.00000,13.40000,545.89661
2019-10-09 00:00:46 UTC,2596,25.40000,17.30000,23.40000,43.30000,10.30000,12.10000,13.40000,542.87640
2019-10-09 00:01:46 UTC,2597,25.50000,17.30000,23.40000,43.40000,10.30000,12.10000,13.40000,540.56146
2019-10-09 00:02:46 UTC,2598,25.50000,17.40000,23.50000,43.50000,10.30000,12.20000,13.40000,539.11401
2019-10-09 00:03:46 UTC,2599,25.50000,17.40000,23.50000,43.40000,10.30000,12.20000,13.50000,538.09882
2019-10-09 00:04:46 UTC,2600,25.60000,17.40000,23.60000,43.30000,10.30000,12.20000,13.50000,537.34509
2019-10-09 00:05:46 UTC,2601,25.60000,17.40000,23.60000,43.20000,10.30000,12.20000,13.60000,537.19904
2019-10-09 00:06:46 UTC,2602,25.60000,17.50000,23.60000,43.40000,10.40000,12.30000,13.60000,537.20856
2019-10-09 00:07:46 UTC,2603,25.70000,17.50000,23.70000,43.30000,10.40000,12.30000,13.60000,537.59686
2019-10-09 00:08:46 UTC,2604,25.70000,17.50000,23.70000,43.20000,10.40000,12.30000,13.70000,538.20386
2019-10-09 00:09:46 UTC,2605,25.80000,17.60000,23.70000,43.40000,10.50000,12.40000,13.70000,539.03772
2019-10-09 00:10:46 UTC,2606,25.80000,17.60000,23.80000,43.20000,10.50000,12.40000,13.80000,539.84473
2019-10-09 00:11:46 UTC,2607,25.90000,17.60000,23.80000,43.20000,10.50000,12.40000,13.80000,540.77429
2019-10-09 00:12:46 UTC,2608,25.90000,17.60000,23.80000,42.90000,10.50000,12.40000,13.90000,542.12439
2019-10-09 00:13:46 UTC,2609,26.00000,17.70000,23.90000,43.00000,10.50000,12.50000,13.90000,543.27155
2019-10-09 00:14:46 UTC,2610,26.00000,17.70000,23.90000,43.00000,10.50000,12.50000,14.00000,544.53625
2019-10-09 00:15:46 UTC,2611,26.10000,17.70000,24.00000,42.90000,10.50000,12.50000,14.00000,546.12433
2019-10-09 00:16:46 UTC,2612,26.10000,17.80000,24.00000,43.10000,10.60000,12.60000,14.00000,548.17676
2019-10-09 00:17:46 UTC,2613,26.20000,17.80000,24.00000,43.10000,10.60000,12.60000,14.00000,551.00458
2019-10-09 00:18:46 UTC,2614,26.20000,17.80000,24.10000,42.90000,10.60000,12.60000,14.10000,554.40625
2019-10-09 00:19:46 UTC,2615,26.20000,17.80000,24.10000,43.00000,10.60000,12.70000,14.10000,557.77679
2019-10-09 00:20:46 UTC,2616,26.30000,17.90000,24.10000,42.90000,10.70000,12.70000,14.20000,560.21350
2019-10-09 00:21:46 UTC,2617,26.30000,17.90000,24.20000,42.70000,10.60000,12.70000,14.30000,562.43982
2019-10-09 00:22:46 UTC,2618,26.40000,17.90000,24.20000,42.70000,10.70000,12.70000,14.30000,564.56665
2019-10-09 00:23:46 UTC,2619,26.40000,17.90000,24.20000,42.60000,10.70000,12.70000,14.40000,566.39941
2019-10-09 00:24:46 UTC,2620,26.50000,18.00000,24.30000,42.40000,10.70000,12.70000,14.50000,568.02832
2019-10-09 00:25:46 UTC,2621,26.60000,18.00000,24.30000,42.50000,10.70000,12.80000,14.50000,569.30261
2019-10-09 00:26:46 UTC,2622,26.60000,18.10000,24.30000,42.40000,10.70000,12.80000,14.60000,570.71582
2019-10-09 00:27:46 UTC,2623,26.70000,18.10000,24.30000,42.30000,10.70000,12.80000,14.70000,571.84662
2019-10-09 00:28:46 UTC,2624,26.70000,18.10000,24.40000,42.10000,10.70000,12.80000,14.70000,572.84985
2019-10-09 00:29:46 UTC,2625,26.80000,18.10000,24.40000,41.80000,10.70000,12.70000,14.90000,573.78973
2019-10-09 00:30:46 UTC,2626,26.80000,18.10000,24.40000,41.80000,10.70000,12.80000,14.90000,574.57031
2019-10-09 00:31:46 UTC,2627,26.80000,18.10000,24.50000,41.70000,10.70000,12.80000,14.90000,574.75464
2019-10-09 00:32:46 UTC,2628,26.90000,18.20000,24.50000,41.80000,10.70000,12.80000,14.90000,574.73962
2019-10-09 00:33:46 UTC,2629,26.90000,18.20000,24.50000,41.80000,10.80000,12.90000,15.00000,574.48627
2019-10-09 00:34:46 UTC,2630,26.90000,18.20000,24.60000,41.90000,10.80000,12.90000,14.90000,574.01678
2019-10-09 00:35:46 UTC,2631,26.90000,18.20000,24.60000,41.90000,10.80000,12.90000,15.00000,573.18140
2019-10-09 00:36:50 UTC,2632,27.00000,18.30000,24.60000,41.90000,10.80000,13.00000,15.00000,572.19519
2019-10-09 00:37:49 UTC,2633,27.00000,18.30000,24.70000,42.10000,10.90000,13.10000,15.00000,571.81885
2019-10-09 00:38:49 UTC,2634,27.10000,18.30000,24.70000,42.00000,10.90000,13.10000,15.10000,571.95959
2019-10-09 00:39:49 UTC,2635,27.10000,18.30000,24.70000,41.90000,10.90000,13.00000,15.10000,573.08423
2019-10-09 00:40:49 UTC,2636,27.10000,18.30000,24.70000,41.90000,10.90000,13.10000,15.10000,576.03247
2019-10-09 00:41:49 UTC,2637,27.10000,18.30000,24.80000,41.70000,10.90000,13.00000,15.20000,582.63745
2019-10-09 00:42:49 UTC,2638,27.20000,18.40000,24.80000,41.70000,10.90000,13.10000,15.30000,593.74146
2019-10-09 00:43:49 UTC,2639,27.30000,18.40000,24.80000,41.70000,10.90000,13.10000,15.30000,603.40692
2019-10-09 00:44:49 UTC,2640,27.30000,18.50000,24.80000,41.50000,10.90000,13.10000,15.40000,610.83002
2019-10-09 00:45:49 UTC,2641,27.20000,18.40000,24.90000,41.90000,11.00000,13.20000,15.20000,617.53229
2019-10-09 00:46:49 UTC,2642,27.30000,18.40000,24.90000,41.50000,10.90000,13.10000,15.40000,621.18793
2019-10-09 00:47:49 UTC,2643,27.40000,18.40000,24.90000,41.10000,10.90000,13.00000,15.60000,622.29999
2019-10-09 00:48:49 UTC,2644,27.40000,18.50000,24.90000,41.10000,10.90000,13.00000,15.60000,621.94543
2019-10-09 00:49:49 UTC,2645,27.40000,18.40000,25.00000,40.90000,10.90000,13.00000,15.70000,620.36224
2019-10-09 00:50:49 UTC,2646,27.50000,18.40000,25.00000,40.80000,10.80000,13.00000,15.70000,617.05457
2019-10-09 00:51:49 UTC,2647,27.50000,18.40000,25.00000,40.60000,10.80000,13.00000,15.80000,611.27216
2019-10-09 00:52:49 UTC,2648,27.60000,18.40000,25.00000,40.40000,10.80000,12.90000,15.90000,604.43439
2019-10-09 00:53:49 UTC,2649,27.60000,18.50000,25.00000,40.60000,10.80000,13.00000,15.90000,597.31555
2019-10-09 00:54:49 UTC,2650,27.60000,18.50000,25.00000,40.40000,10.80000,13.00000,15.90000,590.85022
2019-10-09 00:55:49 UTC,2651,27.70000,18.50000,25.00000,40.30000,10.80000,13.00000,16.00000,585.17529
2019-10-09 00:56:49 UTC,2652,27.70000,18.50000,25.10000,40.30000,10.80000,13.00000,16.10000,580.83337
2019-10-09 00:57:49 UTC,2653,27.70000,18.50000,25.10000,40.30000,10.80000,13.00000,16.10000,578.29523
2019-10-09 00:58:49 UTC,2654,27.70000,18.50000,25.10000,40.30000,10.80000,13.00000,16.00000,576.63617
2019-10-09 00:59:49 UTC,2655,27.70000,18.60000,25.10000,40.40000,10.90000,13.10000,16.00000,575.18127
2019-10-09 01:00:49 UTC,2656,27.70000,18.60000,25.10000,40.50000,10.90000,13.10000,16.00000,574.14862
2019-10-09 01:01:49 UTC,2657,27.70000,18.60000,25.20000,40.50000,10.90000,13.10000,16.00000,573.67059
2019-10-09 01:02:49 UTC,2658,27.80000,18.60000,25.20000,40.60000,10.90000,13.20000,16.10000,573.55139
2019-10-09 01:03:49 UTC,2659,27.80000,18.60000,25.20000,40.60000,11.00000,13.20000,16.00000,573.69086
2019-10-09 01:04:50 UTC,2660,27.80000,18.60000,25.20000,40.30000,10.90000,13.10000,16.20000,573.96802
2019-10-09 01:05:49 UTC,2661,27.80000,18.60000,25.20000,40.40000,10.90000,13.10000,16.10000,574.34235
2019-10-09 01:06:49 UTC,2662,27.80000,18.60000,25.20000,40.40000,10.90000,13.20000,16.20000,574.83514
2019-10-09 01:07:49 UTC,2663,27.80000,18.60000,25.20000,40.40000,10.90000,13.20000,16.20000,575.34955
2019-10-09 01:08:49 UTC,2664,27.90000,18.70000,25.20000,40.50000,11.00000,13.20000,16.10000,575.84052
2019-10-09 01:09:49 UTC,2665,27.90000,18.70000,25.20000,40.50000,11.00000,13.20000,16.20000,576.14355
2019-10-09 01:10:49 UTC,2666,27.90000,18.70000,25.20000,40.40000,11.00000,13.20000,16.20000,576.26465
2019-10-09 01:11:49 UTC,2667,27.90000,18.70000,25.30000,40.50000,11.00000,13.30000,16.20000,576.31635
2019-10-09 01:12:49 UTC,2668,27.90000,18.80000,25.30000,40.70000,11.10000,13.30000,16.10000,576.39661
2019-10-09 01:13:49 UTC,2669,27.90000,18.80000,25.30000,40.60000,11.10000,13.30000,16.20000,576.57495
2019-10-09 01:14:50 UTC,2670,27.90000,18.80000,25.30000,40.60000,11.10000,13.30000,16.20000,576.84387
2019-10-09 01:15:50 UTC,2671,27.80000,18.70000,25.00000,40.80000,11.10000,13.30000,16.00000,577.23816
2019-10-09 01:16:49 UTC,2672,27.60000,18.60000,24.80000,41.10000,11.00000,13.20000,15.80000,577.85590
2019-10-09 01:17:50 UTC,2673,27.60000,18.50000,24.80000,40.80000,10.90000,13.10000,15.80000,578.65204
2019-10-09 01:18:49 UTC,2674,27.60000,18.50000,24.90000,40.20000,10.80000,12.90000,16.00000,579.34894
2019-10-09 01:19:50 UTC,2675,27.70000,18.50000,24.90000,39.80000,10.70000,12.90000,16.20000,579.75092
2019-10-09 01:20:49 UTC,2676,27.80000,18.50000,25.00000,39.40000,10.70000,12.80000,16.40000,579.60980
2019-10-09 01:21:50 UTC,2677,27.90000,18.50000,25.10000,39.20000,10.60000,12.70000,16.50000,578.86456
2019-10-09 01:22:50 UTC,2678,28.00000,18.50000,25.10000,39.00000,10.60000,12.70000,16.60000,577.14392
2019-10-09 01:23:49 UTC,2679,28.00000,18.50000,25.20000,38.90000,10.70000,12.80000,16.70000,574.57867
2019-10-09 01:24:50 UTC,2680,28.10000,18.50000,25.20000,38.80000,10.70000,12.80000,16.80000,570.93396
2019-10-09 01:25:50 UTC,2681,28.20000,18.60000,25.30000,38.60000,10.70000,12.80000,16.90000,566.95282
2019-10-09 01:26:50 UTC,2682,28.20000,18.60000,25.30000,38.60000,10.70000,12.80000,17.00000,563.91199
2019-10-09 01:27:50 UTC,2683,28.30000,18.60000,25.40000,38.60000,10.70000,12.80000,17.10000,562.18726
2019-10-09 01:28:50 UTC,2684,28.30000,18.60000,25.40000,38.40000,10.70000,12.80000,17.20000,561.56409
2019-10-09 01:29:50 UTC,2685,28.40000,18.70000,25.40000,38.40000,10.70000,12.90000,17.20000,561.31281
2019-10-09 01:30:50 UTC,2686,28.40000,18.80000,25.50000,38.50000,10.80000,13.00000,17.20000,561.21808
2019-10-09 01:31:50 UTC,2687,28.50000,18.80000,25.50000,38.30000,10.80000,12.90000,17.30000,561.11072
2019-10-09 01:32:50 UTC,2688,28.50000,18.80000,25.50000,38.30000,10.80000,13.00000,17.40000,560.81238
2019-10-09 01:33:50 UTC,2689,28.50000,18.80000,25.60000,38.30000,10.80000,13.00000,17.40000,560.66046
2019-10-09 01:34:50 UTC,2690,28.60000,18.80000,25.60000,38.30000,10.80000,13.00000,17.40000,560.43829
2019-10-09 01:35:50 UTC,2691,28.60000,18.90000,25.70000,38.20000,10.80000,13.00000,17.50000,560.08508
2019-10-09 01:36:50 UTC,2692,28.70000,18.90000,25.70000,38.20000,10.80000,13.00000,17.60000,559.56268
2019-10-09 01:37:50 UTC,2693,28.70000,18.90000,25.70000,38.30000,10.90000,13.10000,17.50000,559.05145
2019-10-09 01:38:50 UTC,2694,28.70000,18.90000,25.80000,38.30000,10.90000,13.10000,17.50000,558.48212
2019-10-09 01:39:50 UTC,2695,28.70000,18.90000,25.80000,38.30000,10.90000,13.10000,17.50000,557.98395
2019-10-09 01:40:50 UTC,2696,28.70000,18.90000,25.80000,38.30000,10.90000,13.10000,17.60000,557.72369
2019-10-09 01:41:50 UTC,2697,28.80000,19.00000,25.90000,38.20000,10.90000,13.10000,17.70000,557.64691
2019-10-09 01:42:50 UTC,2698,28.80000,19.00000,25.90000,38.00000,10.90000,13.10000,17.80000,557.77594
2019-10-09 01:43:50 UTC,2699,28.90000,19.00000,25.90000,38.10000,10.90000,13.20000,17.80000,557.96259
2019-10-09 01:44:50 UTC,2700,28.90000,19.00000,26.00000,38.10000,11.00000,13.20000,17.80000,558.53918
2019-10-09 01:45:50 UTC,2701,28.90000,19.10000,26.00000,38.10000,11.00000,13.30000,17.90000,559.30151
2019-10-09 01:46:50 UTC,2702,29.00000,19.10000,26.00000,38.10000,11.00000,13.30000,17.90000,559.88611
2019-10-09 01:47:50 UTC,2703,29.00000,19.10000,26.00000,38.20000,11.00000,13.30000,17.90000,560.54938
2019-10-09 01:48:50 UTC,2704,29.10000,19.10000,26.00000,38.00000,11.00000,13.30000,18.00000,561.21167
2019-10-09 01:49:50 UTC,2705,29.10000,19.10000,26.00000,37.90000,11.00000,13.30000,18.00000,561.73962
2019-10-09 01:50:50 UTC,2706,29.10000,19.10000,26.10000,37.90000,11.00000,13.30000,18.00000,562.08154
2019-10-09 01:51:54 UTC,2707,29.10000,19.20000,26.10000,38.20000,11.10000,13.40000,18.00000,562.39111
2019-10-09 01:52:55 UTC,2708,29.00000,19.20000,26.10000,38.20000,11.10000,13.40000,17.90000,562.75458
2019-10-09 01:53:54 UTC,2709,29.00000,19.20000,26.10000,38.30000,11.10000,13.40000,17.80000,563.00507
2019-10-09 01:54:54 UTC,2710,28.90000,19.10000,26.00000,38.50000,11.10000,13.40000,17.70000,563.32770
2019-10-09 01:55:54 UTC,2711,28.70000,18.90000,25.80000,38.50000,10.90000,13.20000,17.50000,563.67096
2019-10-09 01:56:54 UTC,2712,28.40000,18.80000,25.60000,38.90000,10.90000,13.10000,17.10000,563.90417
2019-10-09 01:57:54 UTC,2713,28.20000,18.70000,25.40000,39.00000,10.80000,12.90000,16.80000,563.79028
2019-10-09 01:58:54 UTC,2714,28.00000,18.50000,25.20000,39.00000,10.60000,12.70000,16.70000,563.39355
2019-10-09 01:59:54 UTC,2715,28.00000,18.40000,25.20000,38.40000,10.50000,12.50000,16.90000,562.39203
2019-10-09 02:00:54 UTC,2716,28.00000,18.30000,25.10000,37.90000,10.30000,12.30000,16.90000,560.52155
2019-10-09 02:01:54 UTC,2717,27.70000,18.00000,25.10000,37.50000,10.10000,11.90000,16.90000,556.26184
2019-10-09 02:02:54 UTC,2718,27.70000,17.80000,25.20000,36.60000,9.80000,11.50000,17.00000,547.64221
2019-10-09 02:03:54 UTC,2719,27.70000,17.70000,25.20000,35.90000,9.60000,11.20000,17.20000,535.74524
2019-10-09 02:04:54 UTC,2720,27.70000,17.70000,25.30000,35.60000,9.60000,11.10000,17.30000,523.13910
2019-10-09 02:05:54 UTC,2721,27.70000,17.60000,25.30000,35.20000,9.50000,11.00000,17.40000,510.20605
2019-10-09 02:06:54 UTC,2722,27.70000,17.60000,25.30000,35.40000,9.50000,11.00000,17.40000,498.60083
2019-10-09 02:07:54 UTC,2723,27.70000,17.60000,25.20000,35.60000,9.60000,11.10000,17.30000,488.93027
2019-10-09 02:08:54 UTC,2724,27.70000,17.60000,25.20000,35.30000,9.50000,11.00000,17.40000,481.34998
2019-10-09 02:09:54 UTC,2725,27.50000,17.50000,25.20000,35.40000,9.40000,10.90000,17.20000,474.87363
2019-10-09 02:10:54 UTC,2726,27.40000,17.40000,25.20000,35.20000,9.30000,10.70000,17.20000,469.26123
2019-10-09 02:11:54 UTC,2727,27.50000,17.30000,25.30000,34.80000,9.20000,10.60000,17.30000,464.18274
2019-10-09 02:12:54 UTC,2728,27.50000,17.20000,25.30000,34.10000,9.10000,10.30000,17.50000,459.28503
2019-10-09 02:13:54 UTC,2729,27.70000,17.30000,25.20000,33.90000,9.10000,10.40000,17.70000,454.69846
2019-10-09 02:14:54 UTC,2730,27.70000,17.40000,25.10000,34.00000,9.20000,10.50000,17.80000,449.98718
2019-10-09 02:15:54 UTC,2731,27.60000,17.40000,25.10000,34.80000,9.30000,10.70000,17.50000,445.17865
2019-10-09 02:16:54 UTC,2732,27.50000,17.30000,25.20000,34.80000,9.20000,10.50000,17.30000,440.54932
2019-10-09 02:17:54 UTC,2733,27.40000,17.20000,25.20000,34.30000,9.10000,10.30000,17.40000,435.92960
2019-10-09 02:18:54 UTC,2734,27.40000,17.20000,25.20000,34.20000,9.10000,10.30000,17.50000,431.93713
2019-10-09 02:19:54 UTC,2735,27.30000,17.10000,25.20000,34.20000,9.00000,10.10000,17.30000,428.51123
2019-10-09 02:20:54 UTC,2736,27.30000,17.10000,25.20000,34.20000,9.00000,10.20000,17.30000,424.99527
2019-10-09 02:21:54 UTC,2737,27.40000,17.10000,25.20000,34.20000,9.00000,10.20000,17.40000,421.38177
2019-10-09 02:22:54 UTC,2738,27.50000,17.20000,25.00000,33.90000,9.00000,10.20000,17.60000,419.33215
2019-10-09 02:23:54 UTC,2739,27.60000,17.30000,24.90000,34.10000,9.10000,10.40000,17.60000,417.48721
2019-10-09 02:24:54 UTC,2740,27.50000,17.30000,24.80000,34.40000,9.10000,10.40000,17.50000,415.30338
2019-10-09 02:25:54 UTC,2741,27.50000,17.20000,25.00000,34.10000,9.00000,10.30000,17.50000,412.63141
2019-10-09 02:26:54 UTC,2742,27.30000,17.10000,25.10000,34.00000,9.00000,10.10000,17.40000,410.21057
2019-10-09 02:27:54 UTC,2743,27.40000,17.00000,25.00000,33.60000,8.90000,9.90000,17.50000,408.30063
2019-10-09 02:28:54 UTC,2744,27.50000,17.00000,24.90000,33.30000,8.80000,9.90000,17.70000,406.35541
2019-10-09 02:29:54 UTC,2745,27.50000,17.10000,24.80000,33.60000,8.90000,10.00000,17.60000,404.70145
2019-10-09 02:30:54 UTC,2746,27.30000,17.00000,25.00000,34.00000,8.90000,10.10000,17.40000,403.55579
2019-10-09 02:31:54 UTC,2747,27.30000,17.00000,25.00000,33.80000,8.90000,10.00000,17.40000,402.66559
2019-10-09 02:32:54 UTC,2748,27.30000,17.00000,25.00000,33.70000,8.80000,9.90000,17.40000,402.23706
2019-10-09 02:33:54 UTC,2749,27.20000,16.90000,25.10000,33.60000,8.80000,9.80000,17.40000,402.36926
2019-10-09 02:34:54 UTC,2750,27.20000,16.90000,25.10000,33.40000,8.80000,9.80000,17.50000,402.83163
2019-10-09 02:35:54 UTC,2751,27.30000,16.90000,25.10000,33.20000,8.80000,9.80000,17.60000,403.20880
2019-10-09 02:36:54 UTC,2752,27.20000,16.90000,25.20000,33.60000,8.80000,9.80000,17.40000,403.43671
2019-10-09 02:37:54 UTC,2753,27.20000,16.90000,25.20000,33.40000,8.70000,9.70000,17.40000,403.51663
2019-10-09 02:38:54 UTC,2754,27.20000,16.90000,25.20000,33.40000,8.80000,9.80000,17.50000,403.42825
2019-10-09 02:39:54 UTC,2755,27.30000,16.90000,25.20000,33.30000,8.80000,9.80000,17.50000,403.33783
2019-10-09 02:40:54 UTC,2756,27.40000,17.00000,25.10000,33.30000,8.80000,9.80000,17.60000,402.97705
2019-10-09 02:41:54 UTC,2757,27.20000,16.90000,25.20000,33.60000,8.80000,9.80000,17.40000,402.61444
2019-10-09 02:42:55 UTC,2758,27.20000,16.90000,25.20000,33.50000,8.70000,9.70000,17.40000,402.28818
2019-10-09 02:43:54 UTC,2759,27.10000,16.80000,25.20000,33.40000,8.70000,9.70000,17.40000,402.00153
2019-10-09 02:44:54 UTC,2760,27.10000,16.80000,25.20000,33.30000,8.70000,9.60000,17.40000,401.75354
2019-10-09 02:45:54 UTC,2761,27.00000,16.70000,25.20000,33.20000,8.60000,9.50000,17.30000,401.54129
2019-10-09 02:46:54 UTC,2762,27.00000,16.80000,25.10000,33.40000,8.70000,9.60000,17.30000,401.36053
2019-10-09 02:47:55 UTC,2763,27.00000,16.70000,25.10000,33.40000,8.60000,9.50000,17.20000,401.20682
2019-10-09 02:48:55 UTC,2764,27.20000,16.80000,25.20000,32.90000,8.60000,9.50000,17.60000,401.07605
2019-10-09 02:49:54 UTC,2765,27.40000,16.90000,25.20000,32.60000,8.60000,9.50000,17.80000,400.96454
2019-10-09 02:50:54 UTC,2766,27.50000,17.00000,25.30000,32.80000,8.70000,9.70000,17.90000,400.86911
2019-10-09 02:51:55 UTC,2767,27.60000,17.00000,25.30000,32.70000,8.80000,9.80000,18.00000,400.78702
2019-10-09 02:52:54 UTC,2768,27.70000,17.10000,25.40000,32.90000,8.80000,9.90000,18.10000,400.71609
2019-10-09 02:53:55 UTC,2769,27.80000,17.20000,25.40000,33.00000,8.90000,10.10000,18.10000,400.65451
2019-10-09 02:54:55 UTC,2770,27.80000,17.20000,25.40000,32.90000,8.90000,10.10000,18.20000,400.60074
2019-10-09 02:55:55 UTC,2771,27.90000,17.30000,25.50000,32.90000,8.90000,10.10000,18.20000,400.55356
2019-10-09 02:56:55 UTC,2772,27.90000,17.30000,25.50000,33.10000,9.00000,10.20000,18.20000,400.51202
2019-10-09 02:57:55 UTC,2773,27.90000,17.30000,25.50000,33.20000,9.00000,10.30000,18.20000,400.47522
2019-10-09 02:58:55 UTC,2774,28.00000,17.40000,25.50000,33.20000,9.10000,10.30000,18.20000,400.44250
2019-10-09 02:59:55 UTC,2775,28.00000,17.40000,25.60000,33.20000,9.10000,10.30000,18.20000,400.41327
2019-10-09 03:00:55 UTC,2776,28.00000,17.40000,25.60000,33.30000,9.10000,10.40000,18.20000,400.38708
2019-10-09 03:01:55 UTC,2777,28.00000,17.40000,25.60000,33.50000,9.10000,10.40000,18.20000,400.36349
2019-10-09 03:02:55 UTC,2778,28.00000,17.50000,25.60000,33.50000,9.20000,10.50000,18.20000,400.34219
2019-10-09 03:03:55 UTC,2779,28.00000,17.50000,25.60000,33.70000,9.20000,10.50000,18.10000,400.32288
2019-10-09 03:04:55 UTC,2780,28.00000,17.50000,25.60000,33.80000,9.20000,10.60000,18.10000,400.30530
2019-10-09 03:05:55 UTC,2781,28.00000,17.60000,25.70000,33.90000,9.30000,10.70000,18.10000,400.28925
2019-10-09 03:06:57 UTC,2782,28.00000,17.60000,25.70000,33.90000,9.30000,10.70000,18.10000,400.27454
2019-10-09 03:07:56 UTC,2783,28.00000,17.60000,25.70000,34.00000,9.30000,10.70000,18.10000,400.26108
2019-10-09 03:08:56 UTC,2784,28.00000,17.60000,25.70000,34.00000,9.30000,10.70000,18.10000,400.24866
2019-10-09 03:09:56 UTC,2785,28.00000,17.60000,25.70000,34.20000,9.30000,10.80000,18.00000,400.23721
2019-10-09 03:10:56 UTC,2786,28.00000,17.60000,25.70000,34.20000,9.40000,10.80000,18.00000,400.22662
2019-10-09 03:11:56 UTC,2787,28.00000,17.60000,25.70000,34.40000,9.40000,10.90000,18.00000,400.21683
2019-10-09 03:12:56 UTC,2788,28.00000,17.60000,25.70000,34.40000,9.40000,10.90000,18.00000,400.20773
2019-10-09 03:13:56 UTC,2789,28.00000,17.60000,25.70000,34.30000,9.40000,10.90000,18.00000,400.19925
2019-10-09 03:14:56 UTC,2790,28.00000,17.60000,25.70000,34.40000,9.40000,10.90000,18.00000,400.19138
2019-10-09 03:15:56 UTC,2791,28.00000,17.70000,25.70000,34.60000,9.50000,10.90000,17.90000,400.18396
2019-10-09 03:16:56 UTC,2792,27.90000,17.60000,25.60000,34.80000,9.50000,11.00000,17.70000,400.17709
2019-10-09 03:17:57 UTC,2793,27.70000,17.60000,25.50000,35.10000,9.50000,10.90000,17.50000,400.17062
2019-10-09 03:18:56 UTC,2794,27.50000,17.40000,25.30000,35.20000,9.40000,10.80000,17.20000,400.16455
2019-10-09 03:19:56 UTC,2795,27.60000,17.40000,25.20000,34.80000,9.30000,10.70000,17.40000,400.15884
2019-10-09 03:20:56 UTC,2796,27.50000,17.30000,25.10000,34.60000,9.20000,10.50000,17.40000,400.15347
2019-10-09 03:21:56 UTC,2797,27.40000,17.20000,25.00000,34.50000,9.10000,10.40000,17.30000,400.14838
2019-10-09 03:22:56 UTC,2798,27.40000,17.20000,24.90000,34.20000,9.00000,10.20000,17.40000,400.14362
2019-10-09 03:23:56 UTC,2799,27.30000,17.10000,24.80000,34.10000,9.00000,10.10000,17.40000,400.13913
2019-10-09 03:24:56 UTC,2800,27.30000,17.10000,24.80000,34.10000,9.00000,10.10000,17.40000,400.13480
2019-10-09 03:25:56 UTC,2801,27.30000,17.10000,24.70000,34.00000,9.00000,10.10000,17.40000,400.13077
2019-10-09 03:26:56 UTC,2802,27.30000,17.00000,24.60000,33.90000,8.90000,10.00000,17.40000,400.12692
2019-10-09 03:27:56 UTC,2803,27.20000,17.00000,24.60000,33.90000,8.90000,10.00000,17.30000,400.12326
2019-10-09 03:28:56 UTC,2804,27.20000,16.90000,24.50000,33.60000,8.80000,9.80000,17.40000,400.11978
2019-10-09 03:29:56 UTC,2805,27.20000,16.90000,24.50000,33.40000,8.70000,9.70000,17.40000,400.11649
2019-10-09 03:30:56 UTC,2806,27.10000,16.80000,24.50000,33.30000,8.70000,9.60000,17.40000,400.11328
2019-10-09 03:31:56 UTC,2807,27.10000,16.80000,24.50000,33.20000,8.60000,9.60000,17.40000,400.11035
2019-10-09 03:32:56 UTC,2808,27.10000,16.70000,24.50000,33.10000,8.60000,9.50000,17.40000,400.10742
2019-10-09 03:33:56 UTC,2809,27.10000,16.70000,24.60000,32.90000,8.60000,9.40000,17.50000,400.10471
2019-10-09 03:34:56 UTC,2810,27.10000,16.70000,24.60000,33.00000,8.60000,9.50000,17.50000,400.10214
2019-10-09 03:35:56 UTC,2811,27.10000,16.70000,24.50000,32.80000,8.50000,9.40000,17.50000,400.09958
2019-10-09 03:36:56 UTC,2812,27.10000,16.60000,24.50000,32.70000,8.50000,9.30000,17.50000,400.09714
2019-10-09 03:37:56 UTC,2813,27.10000,16.60000,24.50000,32.60000,8.50000,9.30000,17.50000,400.09494
2019-10-09 03:38:56 UTC,2814,27.10000,16.60000,24.60000,32.50000,8.40000,9.20000,17.50000,400.09274
2019-10-09 03:39:56 UTC,2815,27.00000,16.60000,24.60000,32.60000,8.50000,9.20000,17.50000,400.09055
2019-10-09 03:40:56 UTC,2816,27.00000,16.60000,24.60000,32.80000,8.50000,9.30000,17.40000,400.08844
2019-10-09 03:41:56 UTC,2817,26.80000,16.50000,24.70000,32.80000,8.40000,9.10000,17.20000,400.08661
2019-10-09 03:42:56 UTC,2818,26.80000,16.40000,24.70000,32.60000,8.40000,9.10000,17.30000,400.08478
2019-10-09 03:43:56 UTC,2819,26.90000,16.50000,24.80000,32.50000,8.40000,9.00000,17.30000,400.08295
2019-10-09 03:44:56 UTC,2820,26.90000,16.50000,24.90000,32.20000,8.30000,9.00000,17.50000,400.08112
2019-10-09 03:45:56 UTC,2821,27.00000,16.50000,24.90000,32.30000,8.40000,9.00000,17.50000,400.07932
2019-10-09 03:46:56 UTC,2822,27.00000,16.60000,25.00000,32.50000,8.40000,9.20000,17.50000,400.07785
2019-10-09 03:47:56 UTC,2823,27.00000,16.60000,25.00000,32.70000,8.50000,9.30000,17.40000,400.07639
2019-10-09 03:48:56 UTC,2824,27.10000,16.70000,25.10000,32.90000,8.50000,9.40000,17.40000,400.07492
2019-10-09 03:49:56 UTC,2825,27.10000,16.70000,25.10000,33.00000,8.60000,9.40000,17.40000,400.07346
2019-10-09 03:50:56 UTC,2826,27.10000,16.70000,25.10000,33.10000,8.60000,9.50000,17.40000,400.07199
2019-10-09 03:51:57 UTC,2827,27.10000,16.80000,25.10000,33.20000,8.60000,9.60000,17.40000,400.07053
2019-10-09 03:52:56 UTC,2828,27.10000,16.80000,25.20000,33.40000,8.70000,9.60000,17.30000,400.06906
2019-10-09 03:53:56 UTC,2829,27.20000,16.80000,25.20000,33.30000,8.70000,9.70000,17.40000,400.06790
2019-10-09 03:54:56 UTC,2830,27.20000,16.80000,25.20000,33.40000,8.70000,9.70000,17.40000,400.06680
2019-10-09 03:55:56 UTC,2831,27.20000,16.90000,25.20000,33.60000,8.80000,9.80000,17.30000,400.06570
2019-10-09 03:56:57 UTC,2832,27.20000,16.90000,25.20000,33.60000,8.80000,9.80000,17.40000,400.06461
2019-10-09 03:57:56 UTC,2833,27.20000,16.90000,25.20000,33.70000,8.80000,9.90000,17.30000,400.06351
2019-10-09 03:58:57 UTC,2834,27.20000,16.90000,25.20000,33.90000,8.90000,9.90000,17.30000,400.08292
2019-10-09 03:59:57 UTC,2835,27.20000,16.90000,25.20000,34.00000,8.90000,10.00000,17.20000,400.13260
2019-10-09 04:00:56 UTC,2836,27.20000,17.00000,25.20000,33.90000,8.90000,10.00000,17.30000,400.21005
2019-10-09 04:01:57 UTC,2837,27.20000,17.00000,25.20000,34.20000,8.90000,10.10000,17.20000,400.30261
2019-10-09 04:02:56 UTC,2838,27.20000,17.00000,25.30000,34.30000,9.00000,10.10000,17.20000,400.37006
2019-10-09 04:03:57 UTC,2839,27.20000,17.00000,25.30000,34.30000,9.00000,10.10000,17.20000,400.41849
2019-10-09 04:04:57 UTC,2840,27.20000,17.00000,25.20000,34.20000,9.00000,10.10000,17.20000,400.45868
2019-10-09 04:05:57 UTC,2841,27.20000,17.00000,25.30000,34.20000,9.00000,10.10000,17.30000,400.44550
2019-10-09 04:06:57 UTC,2842,27.20000,17.10000,25.20000,34.50000,9.00000,10.20000,17.20000,400.43002
2019-10-09 04:07:57 UTC,2843,27.20000,17.10000,25.30000,34.60000,9.10000,10.30000,17.10000,400.41522
2019-10-09 04:08:57 UTC,2844,27.30000,17.10000,25.30000,34.50000,9.00000,10.20000,17.20000,400.40109
2019-10-09 04:09:57 UTC,2845,27.30000,17.10000,25.30000,34.50000,9.10000,10.30000,17.20000,400.38757
2019-10-09 04:10:57 UTC,2846,27.30000,17.10000,25.30000,34.60000,9.10000,10.30000,17.20000,400.37460
2019-10-09 04:11:57 UTC,2847,27.30000,17.10000,25.30000,34.60000,9.10000,10.30000,17.20000,400.39005
2019-10-09 04:12:57 UTC,2848,27.30000,17.20000,25.30000,34.80000,9.10000,10.40000,17.10000,400.41327
2019-10-09 04:13:57 UTC,2849,27.30000,17.20000,25.30000,34.70000,9.10000,10.30000,17.20000,400.44449
2019-10-09 04:14:57 UTC,2850,27.30000,17.20000,25.30000,35.00000,9.20000,10.50000,17.10000,400.49924
2019-10-09 04:15:57 UTC,2851,27.20000,17.20000,25.30000,35.00000,9.20000,10.50000,17.10000,400.53580
2019-10-09 04:16:57 UTC,2852,27.30000,17.20000,25.30000,34.90000,9.20000,10.40000,17.10000,400.65601
2019-10-09 04:17:57 UTC,2853,27.20000,17.20000,25.30000,35.10000,9.20000,10.50000,17.00000,400.78741
2019-10-09 04:18:57 UTC,2854,27.20000,17.20000,25.30000,35.10000,9.20000,10.50000,17.00000,400.91928
2019-10-09 04:19:57 UTC,2855,27.20000,17.20000,25.30000,35.10000,9.20000,10.50000,17.00000,401.05182
2019-10-09 04:20:57 UTC,2856,27.20000,17.20000,25.30000,35.20000,9.20000,10.50000,17.00000,401.11096
2019-10-09 04:21:57 UTC,2857,27.20000,17.20000,25.30000,35.30000,9.30000,10.60000,16.90000,401.16177
2019-10-09 04:22:57 UTC,2858,27.20000,17.30000,25.30000,35.50000,9.30000,10.60000,16.90000,401.26373
2019-10-09 04:23:57 UTC,2859,27.20000,17.30000,25.30000,35.50000,9.30000,10.60000,16.90000,401.33234
2019-10-09 04:24:57 UTC,2860,27.20000,17.30000,25.30000,35.50000,9.30000,10.70000,16.90000,401.36179
2019-10-09 04:25:57 UTC,2861,27.20000,17.30000,25.30000,35.60000,9.30000,10.70000,16.90000,401.34106
2019-10-09 04:26:57 UTC,2862,27.20000,17.30000,25.30000,35.60000,9.30000,10.70000,16.90000,401.30823
2019-10-09 04:27:57 UTC,2863,27.20000,17.30000,25.30000,35.80000,9.40000,10.80000,16.80000,401.23563
2019-10-09 04:28:57 UTC,2864,27.20000,17.30000,25.30000,35.50000,9.30000,10.70000,16.90000,401.16595
2019-10-09 04:29:57 UTC,2865,27.20000,17.30000,25.30000,35.70000,9.30000,10.70000,16.80000,401.09949
2019-10-09 04:30:57 UTC,2866,27.20000,17.30000,25.30000,35.80000,9.40000,10.80000,16.80000,401.03635
2019-10-09 04:31:57 UTC,2867,27.20000,17.30000,25.30000,35.60000,9.30000,10.70000,16.90000,400.97665
2019-10-09 04:32:57 UTC,2868,27.20000,17.30000,25.30000,35.80000,9.40000,10.80000,16.80000,400.92044
2019-10-09 04:33:57 UTC,2869,27.20000,17.30000,25.30000,35.70000,9.30000,10.70000,16.80000,400.86765
2019-10-09 04:34:57 UTC,2870,27.20000,17.30000,25.30000,35.80000,9.40000,10.80000,16.80000,400.81821
2019-10-09 04:35:57 UTC,2871,27.20000,17.40000,25.30000,36.00000,9.40000,10.90000,16.80000,400.77200
2019-10-09 04:36:57 UTC,2872,27.20000,17.40000,25.30000,36.00000,9.40000,10.90000,16.80000,400.72888
2019-10-09 04:37:57 UTC,2873,27.20000,17.30000,25.30000,36.00000,9.40000,10.80000,16.80000,400.68872
2019-10-09 04:38:57 UTC,2874,27.20000,17.30000,25.30000,35.90000,9.40000,10.80000,16.80000,400.65128
2019-10-09 04:39:57 UTC,2875,27.20000,17.40000,25.30000,36.00000,9.40000,10.90000,16.70000,400.61642
2019-10-09 04:40:57 UTC,2876,27.20000,17.30000,25.30000,36.00000,9.40000,10.80000,16.80000,400.58401
2019-10-09 04:41:57 UTC,2877,27.20000,17.40000,25.30000,36.20000,9.50000,10.90000,16.70000,400.55380
2019-10-09 04:42:57 UTC,2878,27.20000,17.40000,25.30000,36.10000,9.40000,10.90000,16.70000,400.52573
2019-10-09 04:43:57 UTC,2879,27.20000,17.40000,25.30000,36.20000,9.50000,10.90000,16.70000,400.49957
2019-10-09 04:44:57 UTC,2880,27.10000,17.40000,25.30000,36.30000,9.50000,10.90000,16.60000,400.47931
2019-10-09 04:45:57 UTC,2881,27.20000,17.40000,25.30000,36.20000,9.50000,10.90000,16.70000,400.48447
2019-10-09 04:46:57 UTC,2882,27.20000,17.40000,25.30000,36.40000,9.50000,11.00000,16.60000,400.46170
2019-10-09 04:47:57 UTC,2883,27.20000,17.40000,25.30000,36.30000,9.50000,10.90000,16.60000,400.44040
2019-10-09 04:48:57 UTC,2884,27.20000,17.40000,25.30000,36.30000,9.50000,10.90000,16.60000,400.42050
2019-10-09 04:49:57 UTC,2885,27.20000,17.40000,25.30000,36.20000,9.50000,10.90000,16.70000,400.40189
2019-10-09 04:50:57 UTC,2886,27.20000,17.40000,25.30000,36.20000,9.50000,10.90000,16.70000,400.38446
2019-10-09 04:51:57 UTC,2887,27.20000,17.40000,25.30000,36.40000,9.50000,11.00000,16.60000,400.36813
2019-10-09 04:52:57 UTC,2888,27.20000,17.40000,25.30000,36.40000,9.50000,11.00000,16.60000,400.35278
2019-10-09 04:53:57 UTC,2889,27.20000,17.40000,25.30000,36.40000,9.50000,11.00000,16.60000,400.33841
2019-10-09 04:54:57 UTC,2890,27.20000,17.40000,25.30000,36.30000,9.50000,11.00000,16.60000,400.32489
2019-10-09 04:55:57 UTC,2891,27.20000,17.40000,25.30000,36.40000,9.50000,11.00000,16.60000,400.31216
2019-10-09 04:56:57 UTC,2892,27.20000,17.40000,25.30000,36.40000,9.50000,11.00000,16.60000,400.30020
2019-10-09 04:57:57 UTC,2893,27.20000,17.40000,25.30000,36.40000,9.50000,11.00000,16.60000,400.28891
2019-10-09 04:58:57 UTC,2894,27.20000,17.40000,25.30000,36.40000,9.50000,11.00000,16.60000,400.27826
2019-10-09 04:59:57 UTC,2895,27.10000,17.40000,25.30000,36.70000,9.60000,11.10000,16.50000,400.26819
2019-10-09 05:00:57 UTC,2896,27.10000,17.40000,25.30000,36.50000,9.50000,11.00000,16.50000,400.25870
2019-10-09 05:01:57 UTC,2897,27.10000,17.40000,25.30000,36.50000,9.50000,11.00000,16.50000,400.24973
2019-10-09 05:02:57 UTC,2898,27.10000,17.40000,25.30000,36.60000,9.60000,11.10000,16.50000,400.24121
2019-10-09 05:03:57 UTC,2899,27.10000,17.40000,25.30000,36.70000,9.60000,11.10000,16.50000,400.23315
2019-10-09 05:04:57 UTC,2900,27.10000,17.40000,25.30000,36.70000,9.60000,11.10000,16.50000,400.22552
2019-10-09 05:05:57 UTC,2901,27.10000,17.40000,25.20000,36.60000,9.50000,11.00000,16.50000,400.21829
2019-10-09 05:06:57 UTC,2902,27.10000,17.40000,25.30000,36.60000,9.50000,11.00000,16.50000,400.21140
2019-10-09 05:07:57 UTC,2903,27.10000,17.40000,25.20000,36.60000,9.50000,11.00000,16.50000,400.20483
2019-10-09 05:08:57 UTC,2904,27.10000,17.40000,25.30000,36.70000,9.50000,11.00000,16.50000,400.19861
2019-10-09 05:09:57 UTC,2905,27.10000,17.40000,25.20000,36.70000,9.60000,11.10000,16.50000,400.19272
2019-10-09 05:10:58 UTC,2906,27.10000,17.50000,25.20000,36.90000,9.60000,11.10000,16.50000,400.18707
2019-10-09 05:11:59 UTC,2907,27.10000,17.40000,25.20000,36.80000,9.60000,11.10000,16.50000,400.18167
2019-10-09 05:12:58 UTC,2908,27.10000,17.40000,25.20000,36.80000,9.60000,11.10000,16.50000,400.17654
2019-10-09 05:13:57 UTC,2909,27.10000,17.40000,25.20000,36.70000,9.50000,11.00000,16.50000,400.17166
2019-10-09 05:14:57 UTC,2910,27.10000,17.40000,25.20000,36.70000,9.50000,11.10000,16.40000,400.16690
2019-10-09 05:15:57 UTC,2911,27.10000,17.40000,25.20000,36.70000,9.50000,11.00000,16.50000,400.16251
2019-10-09 05:16:58 UTC,2912,27.10000,17.40000,25.30000,36.80000,9.60000,11.10000,16.40000,400.15814
2019-10-09 05:17:57 UTC,2913,27.10000,17.40000,25.30000,36.90000,9.60000,11.10000,16.40000,400.15411
2019-10-09 05:18:57 UTC,2914,27.10000,17.50000,25.30000,36.80000,9.60000,11.10000,16.50000,400.15009
2019-10-09 05:19:58 UTC,2915,27.10000,17.40000,25.30000,36.80000,9.60000,11.10000,16.40000,400.14642
2019-10-09 05:20:58 UTC,2916,27.10000,17.50000,25.30000,37.00000,9.60000,11.20000,16.40000,400.14276
2019-10-09 05:21:58 UTC,2917,27.10000,17.50000,25.30000,37.00000,9.60000,11.20000,16.40000,400.13931
2019-10-09 05:22:58 UTC,2918,27.10000,17.50000,25.30000,37.10000,9.60000,11.20000,16.40000,400.13602
2019-10-09 05:23:58 UTC,2919,27.10000,17.50000,25.30000,37.00000,9.60000,11.20000,16.40000,400.13272
2019-10-09 05:24:58 UTC,2920,27.10000,17.50000,25.30000,37.30000,9.70000,11.30000,16.30000,400.12973
2019-10-09 05:25:58 UTC,2921,27.10000,17.50000,25.20000,37.10000,9.70000,11.20000,16.40000,400.12680
2019-10-09 05:26:58 UTC,2922,27.10000,17.50000,25.20000,37.10000,9.70000,11.20000,16.40000,400.12387
2019-10-09 05:27:58 UTC,2923,27.10000,17.50000,25.20000,37.20000,9.70000,11.30000,16.30000,400.12112
2019-10-09 05:28:58 UTC,2924,27.10000,17.50000,25.30000,37.10000,9.60000,11.20000,16.40000,400.11856
2019-10-09 05:29:58 UTC,2925,27.10000,17.50000,25.20000,37.00000,9.60000,11.20000,16.40000,400.11600
2019-10-09 05:30:58 UTC,2926,27.10000,17.50000,25.20000,37.10000,9.60000,11.20000,16.40000,400.11343
2019-10-09 05:31:58 UTC,2927,27.10000,17.50000,25.20000,37.00000,9.60000,11.20000,16.40000,400.11108
2019-10-09 05:32:58 UTC,2928,27.10000,17.50000,25.20000,37.10000,9.60000,11.20000,16.40000,400.10889
2019-10-09 05:33:58 UTC,2929,27.10000,17.50000,25.20000,37.10000,9.60000,11.20000,16.30000,400.10669
2019-10-09 05:34:58 UTC,2930,27.10000,17.50000,25.20000,37.20000,9.70000,11.20000,16.30000,400.10449
2019-10-09 05:35:58 UTC,2931,27.10000,17.50000,25.20000,37.20000,9.70000,11.30000,16.30000,400.10229
2019-10-09 05:36:58 UTC,2932,27.10000,17.50000,25.20000,37.20000,9.70000,11.20000,16.30000,400.10037
2019-10-09 05:37:58 UTC,2933,27.10000,17.50000,25.20000,37.20000,9.70000,11.20000,16.30000,400.09854
2019-10-09 05:38:58 UTC,2934,27.10000,17.50000,25.20000,37.20000,9.70000,11.20000,16.30000,400.09671
2019-10-09 05:39:58 UTC,2935,27.10000,17.50000,25.20000,37.30000,9.70000,11.30000,16.30000,400.09488
2019-10-09 05:40:58 UTC,2936,27.10000,17.50000,25.20000,37.30000,9.70000,11.30000,16.30000,400.09305
2019-10-09 05:41:58 UTC,2937,27.10000,17.50000,25.20000,37.30000,9.70000,11.30000,16.30000,400.09122
2019-10-09 05:42:58 UTC,2938,27.10000,17.50000,25.20000,37.30000,9.70000,11.30000,16.30000,400.08960
2019-10-09 05:43:58 UTC,2939,27.10000,17.50000,25.20000,37.30000,9.70000,11.30000,16.30000,400.08813
2019-10-09 05:44:58 UTC,2940,27.00000,17.50000,25.20000,37.50000,9.70000,11.30000,16.20000,400.08667
2019-10-09 05:45:58 UTC,2941,27.00000,17.50000,25.20000,37.30000,9.70000,11.20000,16.30000,400.08521
2019-10-09 05:46:58 UTC,2942,27.00000,17.50000,25.20000,37.30000,9.70000,11.20000,16.20000,400.08374
2019-10-09 05:47:58 UTC,2943,27.00000,17.50000,25.20000,37.30000,9.70000,11.20000,16.20000,400.08228
2019-10-09 05:48:58 UTC,2944,27.00000,17.40000,25.20000,37.40000,9.70000,11.20000,16.20000,400.08081
2019-10-09 05:49:58 UTC,2945,27.00000,17.50000,25.20000,37.50000,9.70000,11.30000,16.10000,400.07935
2019-10-09 05:50:58 UTC,2946,27.00000,17.50000,25.20000,37.60000,9.70000,11.30000,16.10000,400.07791
2019-10-09 05:51:58 UTC,2947,26.90000,17.50000,25.20000,37.60000,9.70000,11.30000,16.10000,400.07681
2019-10-09 05:52:58 UTC,2948,26.90000,17.40000,25.20000,37.60000,9.70000,11.30000,16.10000,400.07571
2019-10-09 05:53:58 UTC,2949,26.90000,17.40000,25.20000,37.50000,9.70000,11.20000,16.10000,400.07462
2019-10-09 05:54:58 UTC,2950,26.90000,17.40000,25.20000,37.60000,9.70000,11.20000,16.10000,400.07352
2019-10-09 05:55:58 UTC,2951,26.90000,17.50000,25.10000,37.90000,9.70000,11.30000,16.00000,400.07242
2019-10-09 05:56:58 UTC,2952,26.90000,17.50000,25.20000,37.90000,9.70000,11.30000,16.00000,400.07132
2019-10-09 05:57:58 UTC,2953,26.90000,17.50000,25.10000,37.90000,9.70000,11.30000,15.90000,400.07022
2019-10-09 05:58:58 UTC,2954,26.80000,17.40000,25.10000,38.00000,9.70000,11.30000,15.90000,400.06912
2019-10-09 05:59:58 UTC,2955,26.80000,17.40000,25.10000,38.00000,9.70000,11.30000,15.90000,400.06802
2019-10-09 06:00:58 UTC,2956,26.80000,17.40000,25.10000,37.90000,9.70000,11.30000,15.90000,400.06693
2019-10-09 06:01:58 UTC,2957,26.80000,17.40000,25.10000,38.00000,9.70000,11.30000,15.90000,400.06583
2019-10-09 06:02:58 UTC,2958,26.80000,17.50000,25.10000,38.00000,9.70000,11.40000,15.90000,400.06473
2019-10-09 06:03:58 UTC,2959,26.80000,17.50000,25.10000,38.10000,9.80000,11.40000,15.90000,400.06375
2019-10-09 06:04:58 UTC,2960,26.80000,17.40000,25.10000,38.00000,9.70000,11.30000,15.90000,400.06302
2019-10-09 06:05:58 UTC,2961,26.80000,17.40000,25.10000,38.00000,9.70000,11.30000,15.80000,400.06229
2019-10-09 06:06:58 UTC,2962,26.80000,17.40000,25.10000,38.00000,9.70000,11.30000,15.80000,400.06155
2019-10-09 06:07:58 UTC,2963,26.80000,17.40000,25.10000,37.90000,9.70000,11.30000,15.90000,400.06082
2019-10-09 06:08:58 UTC,2964,26.80000,17.40000,25.10000,38.10000,9.70000,11.30000,15.80000,400.06009
2019-10-09 06:09:58 UTC,2965,26.80000,17.40000,25.10000,38.00000,9.70000,11.30000,15.80000,400.05936
2019-10-09 06:10:58 UTC,2966,26.80000,17.40000,25.10000,37.90000,9.70000,11.20000,15.90000,400.05862
2019-10-09 06:11:58 UTC,2967,26.80000,17.40000,25.10000,38.00000,9.70000,11.30000,15.80000,400.05789
2019-10-09 06:12:58 UTC,2968,26.70000,17.40000,25.10000,38.00000,9.70000,11.30000,15.80000,400.05716
2019-10-09 06:13:58 UTC,2969,26.80000,17.40000,25.10000,38.00000,9.70000,11.30000,15.80000,400.05643
2019-10-09 06:14:58 UTC,2970,26.70000,17.40000,25.10000,38.20000,9.70000,11.30000,15.70000,400.05569
2019-10-09 06:15:58 UTC,2971,26.70000,17.40000,25.10000,38.30000,9.70000,11.30000,15.70000,400.05496
2019-10-09 06:16:58 UTC,2972,26.70000,17.40000,25.10000,38.20000,9.70000,11.30000,15.70000,400.05423
2019-10-09 06:17:58 UTC,2973,26.70000,17.40000,25.10000,38.20000,9.70000,11.30000,15.70000,400.05350
2019-10-09 06:18:58 UTC,2974,26.70000,17.40000,25.10000,38.10000,9.70000,11.30000,15.80000,400.05276
2019-10-09 06:19:58 UTC,2975,26.70000,17.40000,25.10000,38.20000,9.70000,11.30000,15.70000,400.05203
2019-10-09 06:20:58 UTC,2976,26.70000,17.40000,25.10000,38.40000,9.80000,11.40000,15.70000,400.05130
2019-10-09 06:21:59 UTC,2977,26.70000,17.40000,25.10000,38.40000,9.80000,11.40000,15.70000,400.05057
2019-10-09 06:22:58 UTC,2978,26.70000,17.40000,25.10000,38.30000,9.80000,11.40000,15.70000,400.04984
2019-10-09 06:23:58 UTC,2979,26.70000,17.40000,25.10000,38.30000,9.80000,11.40000,15.70000,400.04910
2019-10-09 06:24:58 UTC,2980,26.70000,17.40000,25.10000,38.30000,9.80000,11.40000,15.70000,400.04837
2019-10-09 06:25:58 UTC,2981,26.70000,17.40000,25.10000,38.30000,9.80000,11.40000,15.70000,400.04764
2019-10-09 06:26:58 UTC,2982,26.70000,17.40000,25.10000,38.20000,9.70000,11.30000,15.80000,400.04718
2019-10-09 06:27:58 UTC,2983,26.70000,17.40000,25.10000,38.10000,9.70000,11.30000,15.80000,400.04681
2019-10-09 06:28:58 UTC,2984,26.70000,17.40000,25.10000,38.10000,9.70000,11.30000,15.80000,400.04645
2019-10-09 06:29:58 UTC,2985,26.70000,17.40000,25.00000,38.30000,9.80000,11.40000,15.70000,400.04608
2019-10-09 06:30:58 UTC,2986,26.70000,17.40000,25.00000,38.20000,9.70000,11.30000,15.70000,400.04572
2019-10-09 06:31:58 UTC,2987,26.80000,17.40000,25.00000,38.20000,9.70000,11.40000,15.80000,400.04535
2019-10-09 06:32:58 UTC,2988,26.70000,17.40000,25.10000,38.10000,9.70000,11.30000,15.80000,400.04498
2019-10-09 06:33:59 UTC,2989,26.70000,17.40000,25.10000,38.20000,9.70000,11.30000,15.70000,400.04462
2019-10-09 06:34:59 UTC,2990,26.70000,17.40000,25.10000,38.20000,9.70000,11.30000,15.80000,400.04425
2019-10-09 06:35:59 UTC,2991,26.70000,17.40000,25.00000,38.30000,9.70000,11.30000,15.70000,400.04388
2019-10-09 06:36:59 UTC,2992,26.70000,17.40000,25.10000,38.20000,9.70000,11.30000,15.80000,400.04352
2019-10-09 06:37:59 UTC,2993,26.70000,17.40000,25.10000,38.30000,9.80000,11.40000,15.70000,400.04315
2019-10-09 06:38:58 UTC,2994,26.70000,17.40000,25.10000,38.40000,9.80000,11.40000,15.70000,400.04279
2019-10-09 06:39:58 UTC,2995,26.70000,17.40000,25.00000,38.50000,9.80000,11.40000,15.60000,400.04242
2019-10-09 06:40:59 UTC,2996,26.70000,17.40000,25.10000,38.50000,9.80000,11.40000,15.60000,400.04205
2019-10-09 06:41:59 UTC,2997,26.70000,17.40000,25.10000,38.60000,9.80000,11.40000,15.60000,400.04169
2019-10-09 06:42:59 UTC,2998,26.70000,17.40000,25.10000,38.60000,9.80000,11.40000,15.60000,400.04132
2019-10-09 06:43:59 UTC,2999,26.70000,17.40000,25.10000,38.70000,9.80000,11.50000,15.60000,400.04095
2019-10-09 06:44:59 UTC,3000,26.70000,17.40000,25.10000,38.60000,9.80000,11.40000,15.60000,400.04059
2019-10-09 06:45:59 UTC,3001,26.70000,17.40000,25.10000,38.60000,9.80000,11.40000,15.60000,400.04022
2019-10-09 06:46:59 UTC,3002,26.70000,17.40000,25.10000,38.60000,9.80000,11.40000,15.60000,400.03986
2019-10-09 06:47:59 UTC,3003,26.70000,17.40000,25.10000,38.60000,9.80000,11.40000,15.60000,400.03949
2019-10-09 06:48:59 UTC,3004,26.70000,17.40000,25.00000,38.70000,9.80000,11.50000,15.50000,400.03912
2019-10-09 06:49:59 UTC,3005,26.70000,17.40000,25.00000,38.80000,9.80000,11.50000,15.50000,400.03876
2019-10-09 06:51:01 UTC,3006,26.70000,17.50000,25.00000,38.80000,9.90000,11.50000,15.50000,400.03839
2019-10-09 06:52:04 UTC,3007,26.60000,17.50000,25.00000,39.00000,9.90000,11.50000,15.50000,400.03802
2019-10-09 06:53:01 UTC,3008,26.60000,17.50000,25.00000,38.90000,9.90000,11.50000,15.50000,400.03769
2019-10-09 06:54:00 UTC,3009,26.70000,17.50000,25.00000,38.80000,9.90000,11.50000,15.50000,400.03732
2019-10-09 06:55:00 UTC,3010,26.70000,17.40000,25.00000,38.80000,9.80000,11.50000,15.50000,400.03696
2019-10-09 06:56:00 UTC,3011,26.60000,17.40000,25.00000,38.70000,9.80000,11.40000,15.60000,400.03659
2019-10-09 06:57:00 UTC,3012,26.60000,17.40000,25.00000,38.80000,9.80000,11.50000,15.50000,400.03622
2019-10-09 06:58:00 UTC,3013,26.60000,17.40000,25.00000,38.90000,9.80000,11.50000,15.50000,400.03586
2019-10-09 06:59:00 UTC,3014,26.60000,17.40000,25.00000,38.80000,9.80000,11.50000,15.50000,400.03549
2019-10-09 07:00:00 UTC,3015,26.60000,17.40000,25.00000,38.70000,9.80000,11.40000,15.50000,400.03513
2019-10-09 07:01:00 UTC,3016,26.60000,17.40000,25.00000,38.80000,9.80000,11.40000,15.50000,400.03476
2019-10-09 07:02:00 UTC,3017,26.60000,17.40000,25.00000,38.90000,9.80000,11.50000,15.50000,400.03439
2019-10-09 07:03:00 UTC,3018,26.60000,17.40000,25.00000,38.90000,9.80000,11.50000,15.40000,400.03403
2019-10-09 07:04:00 UTC,3019,26.60000,17.40000,25.00000,38.80000,9.80000,11.40000,15.50000,400.03366
2019-10-09 07:05:01 UTC,3020,26.60000,17.40000,25.00000,38.80000,9.80000,11.40000,15.50000,400.03329
2019-10-09 07:06:00 UTC,3021,26.60000,17.40000,25.00000,38.80000,9.80000,11.40000,15.50000,400.03293
2019-10-09 07:07:00 UTC,3022,26.60000,17.40000,25.00000,38.90000,9.80000,11.50000,15.40000,400.03256
2019-10-09 07:08:03 UTC,3023,26.60000,17.40000,25.00000,38.70000,9.80000,11.40000,15.50000,400.03220
2019-10-09 07:09:02 UTC,3024,26.60000,17.40000,25.00000,38.60000,9.80000,11.40000,15.50000,400.03183
2019-10-09 07:10:02 UTC,3025,26.60000,17.40000,25.00000,38.80000,9.80000,11.40000,15.50000,400.03146
2019-10-09 07:11:02 UTC,3026,26.60000,17.40000,25.00000,38.70000,9.80000,11.40000,15.50000,400.03110
2019-10-09 07:12:02 UTC,3027,26.60000,17.40000,25.00000,38.60000,9.80000,11.40000,15.50000,400.03073
2019-10-09 07:13:02 UTC,3028,26.60000,17.40000,24.90000,38.50000,9.80000,11.40000,15.60000,400.03036
2019-10-09 07:14:02 UTC,3029,26.60000,17.40000,25.00000,38.70000,9.80000,11.40000,15.50000,400.03000
2019-10-09 07:15:02 UTC,3030,26.60000,17.40000,25.00000,38.70000,9.80000,11.40000,15.50000,400.02963
2019-10-09 07:16:05 UTC,3031,26.60000,17.40000,25.00000,38.80000,9.80000,11.40000,15.50000,400.02927
2019-10-09 07:17:04 UTC,3032,26.60000,17.40000,24.90000,38.80000,9.80000,11.40000,15.50000,400.02890
2019-10-09 07:18:04 UTC,3033,26.60000,17.40000,24.90000,39.00000,9.80000,11.50000,15.40000,400.02853
2019-10-09 07:19:04 UTC,3034,26.60000,17.40000,24.90000,39.00000,9.90000,11.50000,15.40000,400.02817
2019-10-09 07:20:04 UTC,3035,26.50000,17.40000,24.90000,39.10000,9.90000,11.50000,15.30000,400.02780
2019-10-09 07:21:05 UTC,3036,26.50000,17.40000,24.90000,39.20000,9.90000,11.60000,15.30000,400.02744
2019-10-09 07:22:04 UTC,3037,26.60000,17.40000,24.90000,39.20000,9.90000,11.60000,15.40000,400.02707
2019-10-09 07:23:04 UTC,3038,26.60000,17.40000,24.90000,39.10000,9.90000,11.50000,15.40000,400.02670
2019-10-09 07:24:04 UTC,3039,26.60000,17.40000,24.90000,39.00000,9.90000,11.50000,15.40000,400.02634
2019-10-09 07:25:04 UTC,3040,26.60000,17.40000,24.90000,39.00000,9.90000,11.50000,15.40000,400.02597
2019-10-09 07:26:04 UTC,3041,26.60000,17.40000,24.90000,39.00000,9.90000,11.50000,15.40000,400.02560
2019-10-09 07:27:04 UTC,3042,26.50000,17.40000,24.90000,39.10000,9.90000,11.50000,15.40000,400.02524
2019-10-09 07:28:04 UTC,3043,26.50000,17.40000,24.90000,39.10000,9.90000,11.50000,15.30000,400.02487
2019-10-09 07:29:04 UTC,3044,26.50000,17.40000,24.90000,39.10000,9.90000,11.50000,15.30000,400.02451
2019-10-09 07:30:06 UTC,3045,26.50000,17.40000,24.90000,39.00000,9.80000,11.50000,15.40000,400.02426
2019-10-09 07:31:05 UTC,3046,26.50000,17.40000,24.90000,39.30000,9.90000,11.60000,15.30000,400.02426
2019-10-09 07:32:05 UTC,3047,26.50000,17.40000,24.90000,39.30000,9.90000,11.60000,15.30000,400.02426
2019-10-09 07:33:05 UTC,3048,26.50000,17.50000,24.90000,39.40000,9.90000,11.60000,15.30000,400.02426
2019-10-09 07:34:05 UTC,3049,26.50000,17.50000,24.90000,39.40000,9.90000,11.60000,15.30000,400.02426
2019-10-09 07:35:06 UTC,3050,26.50000,17.40000,24.90000,39.40000,9.90000,11.60000,15.30000,400.02426
2019-10-09 07:36:05 UTC,3051,26.50000,17.40000,24.90000,39.30000,9.90000,11.60000,15.30000,400.02426
2019-10-09 07:37:05 UTC,3052,26.50000,17.40000,24.90000,39.40000,9.90000,11.50000,15.20000,400.02426
2019-10-09 07:38:05 UTC,3053,26.50000,17.40000,24.90000,39.30000,9.90000,11.50000,15.20000,400.02426
2019-10-09 07:39:05 UTC,3054,26.50000,17.40000,25.00000,39.40000,9.90000,11.60000,15.20000,400.02426
2019-10-09 07:40:05 UTC,3055,26.50000,17.40000,24.90000,39.50000,9.90000,11.60000,15.20000,400.02426
2019-10-09 07:41:05 UTC,3056,26.50000,17.40000,24.90000,39.50000,9.90000,11.60000,15.20000,400.02426
2019-10-09 07:42:05 UTC,3057,26.50000,17.50000,25.00000,39.70000,10.00000,11.70000,15.10000,400.02426
2019-10-09 07:43:05 UTC,3058,26.50000,17.50000,25.00000,39.90000,10.00000,11.70000,15.10000,400.02426
2019-10-09 07:44:05 UTC,3059,26.50000,17.50000,24.90000,39.90000,10.00000,11.80000,15.10000,400.02426
2019-10-09 07:45:05 UTC,3060,26.50000,17.50000,24.90000,39.90000,10.00000,11.80000,15.10000,400.03110
2019-10-09 07:46:05 UTC,3061,26.50000,17.50000,24.90000,39.90000,10.00000,11.80000,15.10000,400.09555
2019-10-09 07:47:05 UTC,3062,26.50000,17.60000,24.90000,40.00000,10.10000,11.80000,15.10000,400.32016
2019-10-09 07:48:05 UTC,3063,26.50000,17.50000,24.90000,40.00000,10.10000,11.80000,15.10000,401.03485
2019-10-09 07:49:05 UTC,3064,26.50000,17.50000,24.90000,39.80000,10.00000,11.80000,15.10000,403.18536
2019-10-09 07:50:05 UTC,3065,26.50000,17.50000,24.90000,39.90000,10.10000,11.80000,15.10000,408.77298
2019-10-09 07:51:05 UTC,3066,26.50000,17.50000,24.90000,39.70000,10.00000,11.70000,15.20000,417.21725
2019-10-09 07:52:05 UTC,3067,26.50000,17.50000,24.90000,39.80000,10.00000,11.80000,15.20000,423.74692
2019-10-09 07:53:05 UTC,3068,26.50000,17.60000,24.90000,40.10000,10.10000,11.90000,15.10000,427.36685
2019-10-09 07:54:05 UTC,3069,26.50000,17.60000,24.90000,40.00000,10.10000,11.80000,15.10000,429.82339
2019-10-09 07:55:06 UTC,3070,26.50000,17.50000,24.90000,39.80000,10.00000,11.80000,15.20000,431.19821
2019-10-09 07:56:05 UTC,3071,26.50000,17.50000,24.90000,40.00000,10.00000,11.80000,15.10000,431.96246
2019-10-09 07:57:05 UTC,3072,26.50000,17.50000,24.90000,39.90000,10.10000,11.80000,15.10000,432.58176
2019-10-09 07:58:05 UTC,3073,26.50000,17.60000,24.90000,40.00000,10.10000,11.80000,15.10000,432.86597
2019-10-09 07:59:05 UTC,3074,26.50000,17.60000,24.90000,40.10000,10.10000,11.80000,15.10000,433.18848
2019-10-09 08:00:05 UTC,3075,26.50000,17.60000,24.90000,40.00000,10.10000,11.90000,15.10000,433.45499
2019-10-09 08:01:05 UTC,3076,26.50000,17.60000,24.90000,40.30000,10.10000,11.90000,15.00000,433.79294
2019-10-09 08:02:05 UTC,3077,26.50000,17.60000,24.90000,40.20000,10.10000,11.90000,15.10000,434.44757
2019-10-09 08:03:05 UTC,3078,26.50000,17.60000,24.90000,40.10000,10.10000,11.90000,15.10000,435.50012
2019-10-09 08:04:05 UTC,3079,26.50000,17.60000,24.90000,40.20000,10.10000,11.90000,15.00000,437.09125
2019-10-09 08:05:06 UTC,3080,26.50000,17.60000,24.90000,40.30000,10.10000,11.90000,15.00000,439.41861
2019-10-09 08:06:05 UTC,3081,26.50000,17.60000,24.90000,40.30000,10.10000,11.90000,15.00000,442.65097
2019-10-09 08:07:05 UTC,3082,26.50000,17.60000,24.90000,40.40000,10.10000,11.90000,15.00000,446.97665
2019-10-09 08:08:05 UTC,3083,26.50000,17.60000,24.90000,40.50000,10.20000,12.00000,14.90000,451.55081
2019-10-09 08:09:05 UTC,3084,26.50000,17.60000,24.90000,40.40000,10.10000,11.90000,15.00000,455.45807
2019-10-09 08:10:05 UTC,3085,26.50000,17.60000,24.90000,40.20000,10.10000,11.90000,15.00000,458.46548
2019-10-09 08:11:05 UTC,3086,26.50000,17.50000,24.90000,40.10000,10.10000,11.80000,15.10000,460.68451
2019-10-09 08:12:05 UTC,3087,26.50000,17.50000,24.90000,40.10000,10.10000,11.80000,15.10000,462.37280
2019-10-09 08:13:05 UTC,3088,26.50000,17.50000,24.90000,40.00000,10.10000,11.80000,15.10000,464.00696
2019-10-09 08:14:05 UTC,3089,26.50000,17.60000,24.90000,40.20000,10.10000,11.90000,15.00000,465.34775
2019-10-09 08:15:05 UTC,3090,26.50000,17.60000,24.90000,40.20000,10.10000,11.90000,15.00000,466.40332
2019-10-09 08:16:05 UTC,3091,26.50000,17.60000,24.90000,40.30000,10.10000,11.90000,15.00000,467.48953
2019-10-09 08:17:05 UTC,3092,26.50000,17.60000,24.90000,40.20000,10.10000,11.90000,15.00000,468.71222
2019-10-09 08:18:05 UTC,3093,26.50000,17.60000,24.90000,40.10000,10.10000,11.90000,15.10000,469.96249
2019-10-09 08:19:05 UTC,3094,26.50000,17.60000,24.90000,40.30000,10.10000,11.90000,15.00000,471.50900
2019-10-09 08:20:05 UTC,3095,26.60000,17.70000,24.90000,40.30000,10.20000,12.00000,15.10000,484.56332
2019-10-09 08:21:05 UTC,3096,26.60000,17.70000,24.90000,40.60000,10.30000,12.10000,15.00000,501.24533
2019-10-09 08:22:05 UTC,3097,26.60000,17.60000,24.90000,40.30000,10.20000,12.00000,15.10000,510.08984
2019-10-09 08:23:05 UTC,3098,26.60000,17.70000,24.90000,40.30000,10.20000,12.00000,15.10000,515.36890
2019-10-09 08:24:05 UTC,3099,26.60000,17.70000,24.90000,40.40000,10.20000,12.00000,15.10000,517.44708
2019-10-09 08:25:06 UTC,3100,26.60000,17.70000,24.90000,40.50000,10.20000,12.10000,15.00000,518.76202
2019-10-09 08:26:05 UTC,3101,26.60000,17.70000,24.90000,40.60000,10.20000,12.10000,15.00000,520.03534
2019-10-09 08:27:06 UTC,3102,26.60000,17.70000,24.90000,40.30000,10.20000,12.00000,15.10000,521.59473
2019-10-09 08:28:06 UTC,3103,26.60000,17.70000,24.90000,40.30000,10.20000,12.00000,15.10000,523.30603
2019-10-09 08:29:06 UTC,3104,26.60000,17.70000,24.90000,40.30000,10.20000,12.00000,15.10000,524.55750
2019-10-09 08:30:06 UTC,3105,26.60000,17.60000,24.90000,40.10000,10.20000,12.00000,15.10000,525.38800
2019-10-09 08:31:06 UTC,3106,26.60000,17.70000,24.90000,40.40000,10.20000,12.10000,15.10000,525.99402
2019-10-09 08:32:06 UTC,3107,26.60000,17.70000,24.80000,40.30000,10.20000,12.00000,15.10000,527.11993
2019-10-09 08:33:06 UTC,3108,26.60000,17.70000,24.90000,40.50000,10.20000,12.10000,15.10000,528.60651
2019-10-09 08:34:06 UTC,3109,26.60000,17.70000,24.90000,40.50000,10.20000,12.10000,15.00000,530.50208
2019-10-09 08:35:06 UTC,3110,26.60000,17.70000,24.90000,40.60000,10.30000,12.10000,15.00000,532.35632
2019-10-09 08:36:06 UTC,3111,26.60000,17.70000,24.90000,40.60000,10.30000,12.10000,15.00000,533.83337
2019-10-09 08:37:05 UTC,3112,26.60000,17.80000,24.90000,40.80000,10.30000,12.20000,15.00000,535.09192
2019-10-09 08:38:06 UTC,3113,26.60000,17.70000,24.90000,40.80000,10.30000,12.20000,15.00000,536.32806
2019-10-09 08:39:06 UTC,3114,26.60000,17.70000,24.90000,40.60000,10.30000,12.20000,15.00000,537.29596
2019-10-09 08:40:06 UTC,3115,26.60000,17.80000,24.90000,40.70000,10.30000,12.20000,15.00000,538.35187
2019-10-09 08:41:06 UTC,3116,26.60000,17.70000,24.90000,40.60000,10.30000,12.10000,15.00000,539.17023
2019-10-09 08:42:06 UTC,3117,26.60000,17.80000,24.90000,40.60000,10.30000,12.20000,15.00000,539.72845
2019-10-09 08:43:06 UTC,3118,26.60000,17.80000,24.90000,40.70000,10.30000,12.20000,15.00000,540.57257
2019-10-09 08:44:06 UTC,3119,26.60000,17.80000,24.90000,40.70000,10.30000,12.20000,15.00000,541.72034
2019-10-09 08:45:06 UTC,3120,26.60000,17.80000,24.90000,40.70000,10.30000,12.20000,15.00000,543.37732
2019-10-09 08:46:06 UTC,3121,26.60000,17.80000,24.90000,40.70000,10.30000,12.20000,15.00000,545.15784
2019-10-09 08:47:06 UTC,3122,26.60000,17.80000,24.90000,40.70000,10.30000,12.20000,15.00000,546.94592
2019-10-09 08:48:06 UTC,3123,26.60000,17.80000,24.90000,40.60000,10.30000,12.20000,15.10000,548.65643
2019-10-09 08:49:06 UTC,3124,26.60000,17.80000,24.90000,40.60000,10.30000,12.20000,15.00000,550.26740
2019-10-09 08:50:06 UTC,3125,26.60000,17.80000,24.90000,40.60000,10.30000,12.20000,15.10000,551.73633
2019-10-09 08:51:06 UTC,3126,26.60000,17.80000,24.90000,40.70000,10.30000,12.20000,15.00000,552.62469
2019-10-09 08:52:06 UTC,3127,26.60000,17.80000,24.90000,40.70000,10.30000,12.20000,15.00000,553.36920
2019-10-09 08:53:06 UTC,3128,26.60000,17.80000,24.90000,40.80000,10.40000,12.30000,15.00000,554.16125
2019-10-09 08:54:06 UTC,3129,26.60000,17.80000,24.90000,40.80000,10.30000,12.30000,15.00000,554.76428
2019-10-09 08:55:06 UTC,3130,26.70000,17.80000,24.90000,40.90000,10.40000,12.30000,15.00000,555.39813
2019-10-09 08:56:06 UTC,3131,26.60000,17.80000,24.90000,41.00000,10.40000,12.30000,15.00000,556.00104
2019-10-09 08:57:06 UTC,3132,26.60000,17.80000,24.90000,41.00000,10.40000,12.30000,15.00000,556.97797
2019-10-09 08:58:06 UTC,3133,26.60000,17.80000,24.80000,40.90000,10.40000,12.30000,15.00000,558.36041
2019-10-09 08:59:06 UTC,3134,26.60000,17.80000,24.80000,41.10000,10.40000,12.30000,14.90000,560.22351
2019-10-09 09:00:07 UTC,3135,26.60000,17.80000,24.90000,41.30000,10.40000,12.40000,14.80000,562.37036
2019-10-09 09:01:06 UTC,3136,26.60000,17.80000,24.80000,41.10000,10.40000,12.30000,14.90000,563.93542
2019-10-09 09:02:06 UTC,3137,26.60000,17.80000,24.80000,41.10000,10.40000,12.30000,14.90000,564.85602
2019-10-09 09:03:06 UTC,3138,26.60000,17.80000,24.90000,41.10000,10.40000,12.30000,14.90000,565.85321
2019-10-09 09:04:06 UTC,3139,26.60000,17.80000,24.80000,41.00000,10.40000,12.30000,14.90000,567.00171
2019-10-09 09:05:06 UTC,3140,26.60000,17.80000,24.90000,41.10000,10.40000,12.30000,14.90000,568.28137
2019-10-09 09:06:06 UTC,3141,26.60000,17.80000,24.90000,41.10000,10.40000,12.30000,14.90000,569.22662
2019-10-09 09:07:06 UTC,3142,26.50000,17.80000,24.80000,41.50000,10.40000,12.40000,14.70000,570.19171
2019-10-09 09:08:06 UTC,3143,26.60000,17.80000,24.80000,41.20000,10.40000,12.30000,14.80000,571.30890
2019-10-09 09:09:06 UTC,3144,26.60000,17.80000,24.70000,41.20000,10.40000,12.30000,14.90000,572.36536
2019-10-09 09:10:06 UTC,3145,26.50000,17.80000,24.70000,41.30000,10.40000,12.30000,14.80000,573.36279
2019-10-09 09:11:06 UTC,3146,26.50000,17.80000,24.70000,41.20000,10.40000,12.30000,14.80000,574.26953
2019-10-09 09:12:06 UTC,3147,26.50000,17.70000,24.70000,41.00000,10.30000,12.20000,14.90000,574.69287
2019-10-09 09:13:07 UTC,3148,26.50000,17.80000,24.70000,41.10000,10.40000,12.30000,14.80000,574.80829
2019-10-09 09:14:07 UTC,3149,26.50000,17.80000,24.70000,41.20000,10.40000,12.30000,14.80000,574.51416
2019-10-09 09:15:06 UTC,3150,26.50000,17.80000,24.70000,41.20000,10.40000,12.30000,14.80000,573.91315
2019-10-09 09:16:06 UTC,3151,26.50000,17.80000,24.70000,41.30000,10.40000,12.30000,14.80000,572.74164
2019-10-09 09:17:07 UTC,3152,26.50000,17.80000,24.70000,41.20000,10.40000,12.30000,14.80000,571.14191
2019-10-09 09:18:06 UTC,3153,26.60000,17.80000,24.70000,41.00000,10.40000,12.30000,14.90000,569.55231
2019-10-09 09:19:07 UTC,3154,26.60000,17.80000,24.70000,41.10000,10.40000,12.30000,14.90000,568.19562
2019-10-09 09:20:07 UTC,3155,26.60000,17.80000,24.70000,41.30000,10.40000,12.40000,14.80000,567.38293
2019-10-09 09:21:07 UTC,3156,26.60000,17.80000,24.70000,41.20000,10.40000,12.30000,14.90000,566.88794
2019-10-09 09:22:07 UTC,3157,26.60000,17.80000,24.80000,41.10000,10.40000,12.30000,14.90000,566.73560
2019-10-09 09:23:07 UTC,3158,26.60000,17.80000,24.70000,41.20000,10.40000,12.30000,14.90000,566.77887
2019-10-09 09:24:07 UTC,3159,26.60000,17.80000,24.80000,41.20000,10.40000,12.30000,14.80000,566.95679
2019-10-09 09:25:07 UTC,3160,26.50000,17.80000,24.80000,41.30000,10.40000,12.30000,14.80000,567.12036
2019-10-09 09:26:07 UTC,3161,26.60000,17.80000,24.80000,41.20000,10.40000,12.30000,14.90000,567.40698
2019-10-09 09:27:07 UTC,3162,26.60000,17.80000,24.70000,41.10000,10.40000,12.30000,14.90000,567.75348
2019-10-09 09:28:06 UTC,3163,26.60000,17.80000,24.80000,41.20000,10.40000,12.30000,14.90000,568.22003
2019-10-09 09:29:07 UTC,3164,26.60000,17.80000,24.80000,41.20000,10.40000,12.40000,14.80000,568.82874
2019-10-09 09:30:07 UTC,3165,26.50000,17.80000,24.80000,41.40000,10.40000,12.40000,14.80000,569.71021
2019-10-09 09:31:07 UTC,3166,26.60000,17.80000,24.70000,41.30000,10.40000,12.40000,14.80000,570.99695
2019-10-09 09:32:07 UTC,3167,26.50000,17.80000,24.70000,41.50000,10.40000,12.40000,14.80000,572.72534
2019-10-09 09:33:07 UTC,3168,26.50000,17.80000,24.70000,41.50000,10.50000,12.40000,14.70000,574.43909
2019-10-09 09:34:07 UTC,3169,26.50000,17.80000,24.70000,41.40000,10.40000,12.40000,14.80000,576.10986
2019-10-09 09:35:07 UTC,3170,26.50000,17.90000,24.70000,41.60000,10.50000,12.50000,14.70000,577.11365
2019-10-09 09:36:08 UTC,3171,26.50000,17.90000,24.70000,41.60000,10.50000,12.40000,14.70000,578.03442
2019-10-09 09:37:07 UTC,3172,26.50000,17.80000,24.80000,41.40000,10.50000,12.40000,14.80000,578.90955
2019-10-09 09:38:07 UTC,3173,26.50000,17.80000,24.70000,41.60000,10.50000,12.40000,14.70000,579.88245
2019-10-09 09:39:07 UTC,3174,26.50000,17.90000,24.70000,41.60000,10.50000,12.40000,14.70000,580.85504
2019-10-09 09:40:07 UTC,3175,26.50000,17.80000,24.70000,41.50000,10.50000,12.40000,14.80000,581.74939
2019-10-09 09:41:07 UTC,3176,26.50000,17.90000,24.70000,41.70000,10.50000,12.50000,14.70000,582.59625
2019-10-09 09:42:07 UTC,3177,26.50000,17.80000,24.70000,41.60000,10.50000,12.40000,14.70000,583.54022
2019-10-09 09:43:07 UTC,3178,26.50000,17.90000,24.70000,41.80000,10.50000,12.50000,14.70000,584.63995
2019-10-09 09:44:07 UTC,3179,26.50000,17.90000,24.70000,41.70000,10.50000,12.50000,14.70000,585.60431
2019-10-09 09:45:07 UTC,3180,26.50000,17.90000,24.70000,41.80000,10.50000,12.50000,14.70000,586.17285
2019-10-09 09:46:07 UTC,3181,26.50000,17.90000,24.70000,41.80000,10.50000,12.50000,14.70000,586.60455
2019-10-09 09:47:07 UTC,3182,26.50000,17.90000,24.70000,41.80000,10.50000,12.50000,14.70000,587.14539
2019-10-09 09:48:07 UTC,3183,26.50000,17.90000,24.70000,41.70000,10.50000,12.50000,14.70000,588.02094
2019-10-09 09:49:07 UTC,3184,26.50000,17.90000,24.70000,41.80000,10.50000,12.50000,14.60000,588.99951
2019-10-09 09:50:07 UTC,3185,26.50000,17.90000,24.70000,41.80000,10.50000,12.50000,14.70000,590.36041
2019-10-09 09:51:07 UTC,3186,26.50000,17.90000,24.70000,41.80000,10.50000,12.50000,14.60000,592.12958
2019-10-09 09:52:07 UTC,3187,26.50000,17.90000,24.70000,41.90000,10.50000,12.50000,14.60000,594.02930
2019-10-09 09:53:07 UTC,3188,26.50000,17.90000,24.70000,42.00000,10.60000,12.60000,14.60000,595.95819
2019-10-09 09:54:07 UTC,3189,26.50000,17.90000,24.70000,41.90000,10.60000,12.50000,14.60000,597.66016
2019-10-09 09:55:07 UTC,3190,26.50000,17.90000,24.70000,41.90000,10.50000,12.50000,14.60000,599.08636
2019-10-09 09:56:07 UTC,3191,26.50000,17.90000,24.70000,41.90000,10.60000,12.50000,14.60000,600.06445
2019-10-09 09:57:07 UTC,3192,26.50000,17.90000,24.70000,42.00000,10.60000,12.60000,14.60000,600.74994
2019-10-09 09:58:07 UTC,3193,26.50000,17.90000,24.70000,41.90000,10.60000,12.50000,14.60000,601.22559
2019-10-09 09:59:07 UTC,3194,26.50000,17.90000,24.70000,42.00000,10.60000,12.60000,14.60000,601.49811
2019-10-09 10:00:08 UTC,3195,26.50000,17.90000,24.70000,42.00000,10.60000,12.60000,14.60000,601.72412
2019-10-09 10:01:07 UTC,3196,26.50000,17.90000,24.70000,42.10000,10.60000,12.60000,14.60000,601.97400
2019-10-09 10:02:07 UTC,3197,26.50000,17.90000,24.70000,42.10000,10.60000,12.60000,14.60000,602.27130
2019-10-09 10:03:07 UTC,3198,26.50000,17.90000,24.70000,42.10000,10.60000,12.60000,14.60000,602.67487
2019-10-09 10:04:07 UTC,3199,26.50000,17.90000,24.70000,42.00000,10.60000,12.60000,14.60000,603.03021
2019-10-09 10:05:07 UTC,3200,26.50000,17.90000,24.70000,41.90000,10.60000,12.50000,14.60000,603.41522
2019-10-09 10:06:07 UTC,3201,26.50000,17.90000,24.70000,42.00000,10.60000,12.60000,14.60000,603.66937
2019-10-09 10:07:07 UTC,3202,26.50000,17.90000,24.70000,42.00000,10.60000,12.60000,14.60000,603.90125
2019-10-09 10:08:07 UTC,3203,26.50000,17.90000,24.70000,42.00000,10.60000,12.60000,14.60000,604.07178
2019-10-09 10:09:08 UTC,3204,26.50000,17.90000,24.70000,42.10000,10.60000,12.60000,14.60000,604.17206
2019-10-09 10:10:07 UTC,3205,26.50000,17.90000,24.70000,42.00000,10.60000,12.60000,14.60000,604.34033
2019-10-09 10:11:08 UTC,3206,26.50000,17.90000,24.70000,42.00000,10.60000,12.60000,14.60000,604.58002
2019-10-09 10:12:08 UTC,3207,26.50000,17.90000,24.70000,41.90000,10.60000,12.60000,14.60000,604.84113
2019-10-09 10:13:07 UTC,3208,26.50000,17.90000,24.70000,42.00000,10.60000,12.60000,14.60000,605.30103
2019-10-09 10:14:08 UTC,3209,26.50000,17.90000,24.70000,42.20000,10.60000,12.60000,14.50000,606.08765
2019-10-09 10:15:07 UTC,3210,26.40000,17.90000,24.60000,42.30000,10.60000,12.60000,14.40000,607.16846
2019-10-09 10:16:08 UTC,3211,26.40000,17.90000,24.40000,42.60000,10.70000,12.70000,14.40000,608.64178
2019-10-09 10:17:08 UTC,3212,26.30000,17.90000,24.30000,42.60000,10.60000,12.60000,14.30000,610.34955
2019-10-09 10:18:07 UTC,3213,26.30000,17.80000,24.10000,42.80000,10.60000,12.60000,14.20000,611.75696
2019-10-09 10:19:08 UTC,3214,26.10000,17.80000,23.90000,43.30000,10.70000,12.70000,14.00000,612.47552
2019-10-09 10:20:08 UTC,3215,26.00000,17.80000,23.80000,43.60000,10.70000,12.70000,13.80000,612.41016
2019-10-09 10:21:08 UTC,3216,26.00000,17.80000,23.60000,43.60000,10.70000,12.70000,13.80000,611.56036
2019-10-09 10:22:08 UTC,3217,25.90000,17.70000,23.50000,43.80000,10.60000,12.60000,13.70000,610.00067
2019-10-09 10:23:08 UTC,3218,25.90000,17.70000,23.60000,43.70000,10.60000,12.60000,13.70000,606.83325
2019-10-09 10:24:08 UTC,3219,25.90000,17.70000,23.70000,43.60000,10.60000,12.60000,13.70000,600.08826
2019-10-09 10:25:08 UTC,3220,25.90000,17.70000,23.80000,43.60000,10.60000,12.60000,13.70000,586.85913
2019-10-09 10:26:08 UTC,3221,26.00000,17.80000,23.80000,43.40000,10.60000,12.60000,13.80000,570.16980
2019-10-09 10:27:08 UTC,3222,26.00000,17.80000,23.90000,43.50000,10.70000,12.70000,13.90000,555.14716
2019-10-09 10:28:08 UTC,3223,26.10000,17.80000,24.00000,43.50000,10.70000,12.70000,13.90000,543.85559
2019-10-09 10:29:08 UTC,3224,26.10000,17.80000,24.10000,43.30000,10.60000,12.60000,13.90000,535.54016
2019-10-09 10:30:09 UTC,3225,26.10000,17.80000,24.10000,43.40000,10.70000,12.70000,13.90000,531.34082
2019-10-09 10:31:08 UTC,3226,26.10000,17.80000,24.20000,43.30000,10.60000,12.60000,13.90000,529.22797
2019-10-09 10:32:08 UTC,3227,26.10000,17.80000,24.20000,43.50000,10.70000,12.70000,13.90000,527.64288
2019-10-09 10:33:08 UTC,3228,26.10000,17.80000,24.20000,43.40000,10.70000,12.70000,13.90000,527.32611
2019-10-09 10:34:09 UTC,3229,26.20000,17.90000,24.30000,43.40000,10.70000,12.80000,14.00000,528.05206
2019-10-09 10:35:08 UTC,3230,26.20000,17.90000,24.30000,43.50000,10.70000,12.80000,13.90000,529.25671
2019-10-09 10:36:08 UTC,3231,26.20000,17.90000,24.30000,43.50000,10.70000,12.80000,14.00000,531.07697
2019-10-09 10:37:08 UTC,3232,26.20000,17.90000,24.30000,43.40000,10.70000,12.80000,14.00000,533.58453
2019-10-09 10:38:08 UTC,3233,26.10000,17.90000,24.30000,43.60000,10.80000,12.80000,13.90000,535.69745
2019-10-09 10:39:08 UTC,3234,26.10000,17.90000,24.30000,43.60000,10.70000,12.80000,13.90000,537.16858
2019-10-09 10:40:09 UTC,3235,26.20000,17.90000,24.40000,43.50000,10.70000,12.80000,13.90000,538.20966
2019-10-09 10:41:08 UTC,3236,26.20000,17.90000,24.40000,43.40000,10.70000,12.70000,14.00000,539.59839
2019-10-09 10:42:08 UTC,3237,26.10000,17.90000,24.40000,43.40000,10.70000,12.70000,14.00000,540.73456
2019-10-09 10:43:09 UTC,3238,26.20000,17.90000,24.40000,43.30000,10.70000,12.70000,14.00000,541.93066
2019-10-09 10:44:08 UTC,3239,26.10000,17.90000,24.40000,43.50000,10.70000,12.80000,13.90000,543.37323
2019-10-09 10:45:08 UTC,3240,26.10000,17.90000,24.40000,43.40000,10.70000,12.70000,14.00000,544.23950
2019-10-09 10:46:09 UTC,3241,26.20000,17.90000,24.40000,43.40000,10.70000,12.80000,14.00000,545.10773
2019-10-09 10:47:08 UTC,3242,26.10000,17.90000,24.40000,43.50000,10.70000,12.80000,13.90000,546.23584
2019-10-09 10:48:09 UTC,3243,26.10000,17.90000,24.40000,43.50000,10.70000,12.80000,13.90000,547.47455
2019-10-09 10:49:09 UTC,3244,26.20000,17.80000,24.40000,43.20000,10.70000,12.70000,14.00000,548.74585
2019-10-09 10:50:09 UTC,3245,26.20000,17.90000,24.40000,43.30000,10.70000,12.70000,14.00000,549.98816
2019-10-09 10:51:08 UTC,3246,26.20000,17.90000,24.40000,43.30000,10.70000,12.70000,14.00000,550.75208
2019-10-09 10:52:09 UTC,3247,26.20000,17.90000,24.40000,43.30000,10.70000,12.70000,14.00000,551.06036
2019-10-09 10:53:09 UTC,3248,26.20000,17.90000,24.40000,43.20000,10.70000,12.70000,14.00000,551.32263
2019-10-09 10:54:08 UTC,3249,26.20000,17.80000,24.40000,43.20000,10.70000,12.70000,14.00000,551.44617
2019-10-09 10:55:08 UTC,3250,26.20000,17.90000,24.40000,43.30000,10.70000,12.70000,14.00000,551.67511
2019-10-09 10:56:09 UTC,3251,26.20000,17.90000,24.40000,43.40000,10.70000,12.80000,14.00000,551.95349
2019-10-09 10:57:09 UTC,3252,26.10000,17.80000,24.40000,43.30000,10.70000,12.70000,14.00000,552.33868
2019-10-09 10:58:09 UTC,3253,26.20000,17.80000,24.40000,43.20000,10.70000,12.70000,14.00000,552.78143
2019-10-09 10:59:09 UTC,3254,26.20000,17.80000,24.40000,43.20000,10.70000,12.70000,14.00000,553.69592
2019-10-09 11:00:09 UTC,3255,26.10000,17.80000,24.40000,43.30000,10.70000,12.70000,14.00000,555.12457
2019-10-09 11:01:09 UTC,3256,26.10000,17.90000,24.40000,43.40000,10.70000,12.70000,14.00000,556.63312
2019-10-09 11:02:09 UTC,3257,26.20000,17.90000,24.40000,43.30000,10.70000,12.70000,14.00000,557.97119
2019-10-09 11:03:09 UTC,3258,26.10000,17.90000,24.40000,43.50000,10.70000,12.80000,13.90000,558.73480
2019-10-09 11:04:09 UTC,3259,26.20000,17.90000,24.50000,43.50000,10.70000,12.80000,13.90000,559.29791
2019-10-09 11:05:09 UTC,3260,26.20000,17.90000,24.50000,43.50000,10.70000,12.80000,14.00000,559.68872
2019-10-09 11:06:09 UTC,3261,26.20000,17.90000,24.40000,43.50000,10.70000,12.80000,14.00000,559.94629
2019-10-09 11:07:09 UTC,3262,26.20000,17.90000,24.50000,43.50000,10.70000,12.80000,13.90000,560.15259
2019-10-09 11:08:09 UTC,3263,26.20000,17.90000,24.40000,43.40000,10.70000,12.80000,14.00000,560.17780
2019-10-09 11:09:09 UTC,3264,26.20000,17.90000,24.50000,43.60000,10.80000,12.80000,13.90000,560.30688
2019-10-09 11:10:09 UTC,3265,26.20000,17.90000,24.40000,43.50000,10.70000,12.80000,13.90000,560.64789
2019-10-09 11:11:09 UTC,3266,26.10000,17.90000,24.40000,43.60000,10.80000,12.80000,13.90000,561.27942
2019-10-09 11:12:09 UTC,3267,26.20000,17.90000,24.40000,43.60000,10.70000,12.80000,13.90000,562.08136
2019-10-09 11:13:09 UTC,3268,26.20000,17.90000,24.40000,43.50000,10.70000,12.80000,13.90000,563.48260
2019-10-09 11:14:09 UTC,3269,26.20000,17.90000,24.40000,43.40000,10.70000,12.70000,14.00000,565.51575
2019-10-09 11:15:09 UTC,3270,26.20000,17.90000,24.40000,43.50000,10.70000,12.80000,13.90000,568.31134
2019-10-09 11:16:09 UTC,3271,26.10000,17.90000,24.40000,43.60000,10.70000,12.80000,13.90000,571.03033
2019-10-09 11:17:09 UTC,3272,26.10000,17.90000,24.40000,43.50000,10.70000,12.80000,13.90000,573.12451
2019-10-09 11:18:09 UTC,3273,26.10000,17.90000,24.50000,43.50000,10.70000,12.80000,13.90000,574.24213
2019-10-09 11:19:09 UTC,3274,26.10000,17.90000,24.40000,43.60000,10.70000,12.80000,13.90000,575.01276
2019-10-09 11:20:09 UTC,3275,26.10000,17.90000,24.50000,43.70000,10.70000,12.80000,13.90000,576.03979
2019-10-09 11:21:09 UTC,3276,26.10000,17.90000,24.50000,43.40000,10.70000,12.80000,13.90000,577.09033
2019-10-09 11:22:09 UTC,3277,26.20000,17.90000,24.40000,43.30000,10.70000,12.70000,14.00000,577.72919
2019-10-09 11:23:12 UTC,3278,26.20000,17.80000,24.40000,43.10000,10.70000,12.70000,14.00000,578.18658
2019-10-09 11:24:11 UTC,3279,26.10000,17.80000,24.40000,43.30000,10.70000,12.70000,14.00000,578.37878
2019-10-09 11:25:11 UTC,3280,26.10000,17.90000,24.40000,43.50000,10.70000,12.80000,13.90000,578.78687
2019-10-09 11:26:11 UTC,3281,26.10000,17.90000,24.40000,43.60000,10.80000,12.80000,13.90000,579.51965
2019-10-09 11:27:13 UTC,3282,26.10000,17.90000,24.40000,43.60000,10.70000,12.80000,13.90000,580.42328
2019-10-09 11:28:12 UTC,3283,26.10000,17.90000,24.40000,43.70000,10.70000,12.80000,13.90000,581.28564
2019-10-09 11:29:12 UTC,3284,26.10000,17.90000,24.40000,43.60000,10.70000,12.80000,13.90000,582.04675
2019-10-09 11:30:13 UTC,3285,26.10000,17.80000,24.40000,43.50000,10.70000,12.70000,13.90000,582.80719
2019-10-09 11:31:12 UTC,3286,26.10000,17.90000,24.40000,43.50000,10.70000,12.70000,13.90000,583.41144
2019-10-09 11:32:12 UTC,3287,26.10000,17.90000,24.40000,43.50000,10.70000,12.80000,13.90000,583.97815
2019-10-09 11:33:12 UTC,3288,26.10000,17.90000,24.40000,43.70000,10.80000,12.80000,13.80000,584.33099
2019-10-09 11:34:12 UTC,3289,26.10000,17.90000,24.40000,43.80000,10.80000,12.80000,13.80000,584.77271
2019-10-09 11:35:12 UTC,3290,26.10000,17.90000,24.40000,43.80000,10.80000,12.80000,13.80000,585.14136
2019-10-09 11:36:12 UTC,3291,26.10000,17.90000,24.40000,43.60000,10.70000,12.80000,13.90000,585.78473
2019-10-09 11:37:12 UTC,3292,26.10000,17.90000,24.40000,43.80000,10.80000,12.90000,13.80000,586.62994
2019-10-09 11:38:12 UTC,3293,26.10000,17.90000,24.40000,43.90000,10.80000,12.90000,13.80000,587.58655
2019-10-09 11:39:12 UTC,3294,26.10000,17.90000,24.40000,43.80000,10.80000,12.90000,13.80000,588.71051
2019-10-09 11:40:12 UTC,3295,26.10000,17.90000,24.40000,43.80000,10.80000,12.80000,13.80000,589.78516
2019-10-09 11:41:12 UTC,3296,26.10000,17.90000,24.40000,43.80000,10.80000,12.80000,13.80000,590.95544
2019-10-09 11:42:12 UTC,3297,26.10000,17.90000,24.40000,43.90000,10.80000,12.80000,13.80000,592.08087
2019-10-09 11:43:12 UTC,3298,26.10000,17.90000,24.40000,43.70000,10.80000,12.80000,13.90000,593.08746
2019-10-09 11:44:12 UTC,3299,26.10000,17.90000,24.40000,43.70000,10.80000,12.80000,13.90000,594.26892
2019-10-09 11:45:12 UTC,3300,26.10000,17.90000,24.40000,43.80000,10.80000,12.80000,13.80000,595.59802
2019-10-09 11:46:12 UTC,3301,26.10000,17.90000,24.40000,43.70000,10.80000,12.80000,13.80000,596.75098
2019-10-09 11:47:12 UTC,3302,26.10000,17.90000,24.40000,43.70000,10.80000,12.80000,13.80000,598.14294
2019-10-09 11:48:12 UTC,3303,26.10000,17.90000,24.40000,43.70000,10.70000,12.80000,13.80000,599.33289
2019-10-09 11:49:12 UTC,3304,26.10000,17.90000,24.40000,43.80000,10.80000,12.80000,13.80000,600.43787
2019-10-09 11:50:12 UTC,3305,26.10000,17.90000,24.40000,44.10000,10.80000,12.90000,13.70000,601.51886
2019-10-09 11:51:12 UTC,3306,26.10000,17.90000,24.40000,43.90000,10.80000,12.90000,13.80000,602.86523
2019-10-09 11:52:12 UTC,3307,26.10000,18.00000,24.40000,44.10000,10.90000,13.00000,13.80000,604.96051
2019-10-09 11:53:12 UTC,3308,26.10000,18.00000,24.40000,44.30000,10.90000,13.00000,13.70000,607.87097
2019-10-09 11:54:12 UTC,3309,26.10000,18.00000,24.20000,44.40000,10.90000,13.00000,13.70000,612.62433
2019-10-09 11:55:12 UTC,3310,26.00000,18.00000,24.10000,44.60000,10.90000,13.10000,13.50000,619.16266
2019-10-09 11:56:12 UTC,3311,26.00000,17.90000,24.10000,44.50000,10.90000,13.00000,13.60000,625.96930
2019-10-09 11:57:12 UTC,3312,26.00000,17.90000,24.10000,44.50000,10.90000,13.00000,13.60000,630.07251
2019-10-09 11:58:15 UTC,3313,26.00000,18.00000,24.10000,44.60000,10.90000,13.00000,13.60000,632.10706
2019-10-09 11:59:14 UTC,3314,26.10000,18.00000,24.20000,44.50000,10.90000,13.10000,13.60000,632.82806
2019-10-09 12:00:14 UTC,3315,26.10000,18.00000,24.20000,44.50000,10.90000,13.10000,13.60000,632.69867
2019-10-09 12:01:14 UTC,3316,26.10000,18.00000,24.20000,44.60000,11.00000,13.10000,13.60000,631.59521
2019-10-09 12:02:14 UTC,3317,26.10000,18.00000,24.20000,44.60000,11.00000,13.10000,13.60000,630.01862
2019-10-09 12:03:14 UTC,3318,26.10000,18.00000,24.30000,44.50000,11.00000,13.10000,13.70000,628.20068
2019-10-09 12:04:14 UTC,3319,26.10000,18.00000,24.30000,44.50000,11.00000,13.10000,13.70000,626.24854
2019-10-09 12:05:14 UTC,3320,26.10000,18.00000,24.30000,44.50000,11.00000,13.10000,13.70000,625.35553
2019-10-09 12:06:14 UTC,3321,26.10000,18.00000,24.30000,44.40000,10.90000,13.10000,13.70000,625.67731
2019-10-09 12:07:14 UTC,3322,26.20000,18.00000,24.30000,44.40000,10.90000,13.10000,13.70000,627.49750
2019-10-09 12:08:14 UTC,3323,26.10000,18.00000,24.30000,44.40000,10.90000,13.10000,13.70000,630.76843
2019-10-09 12:09:14 UTC,3324,26.10000,18.00000,24.30000,44.40000,10.90000,13.10000,13.70000,634.73761
2019-10-09 12:10:14 UTC,3325,26.10000,18.00000,24.30000,44.50000,11.00000,13.10000,13.70000,639.11731
2019-10-09 12:11:14 UTC,3326,26.10000,18.00000,24.30000,44.40000,10.90000,13.10000,13.70000,642.81445
2019-10-09 12:12:14 UTC,3327,26.10000,18.00000,24.40000,44.70000,11.00000,13.10000,13.60000,645.97705
2019-10-09 12:13:14 UTC,3328,26.00000,18.00000,24.20000,44.80000,11.00000,13.10000,13.50000,648.46790
2019-10-09 12:14:14 UTC,3329,26.00000,18.00000,24.00000,44.70000,11.00000,13.10000,13.50000,650.73175
2019-10-09 12:15:14 UTC,3330,26.00000,17.90000,24.00000,44.70000,10.90000,13.00000,13.50000,651.78729
2019-10-09 12:16:14 UTC,3331,25.90000,17.90000,24.00000,45.00000,10.90000,13.10000,13.40000,652.20172
2019-10-09 12:17:14 UTC,3332,25.90000,17.90000,24.00000,44.60000,10.90000,13.00000,13.50000,652.22931
2019-10-09 12:18:15 UTC,3333,26.00000,17.90000,24.00000,44.70000,10.90000,13.00000,13.50000,651.83148
2019-10-09 12:19:15 UTC,3334,26.00000,18.00000,24.10000,44.80000,11.00000,13.10000,13.50000,651.24023
2019-10-09 12:20:15 UTC,3335,26.00000,18.00000,24.10000,44.70000,11.00000,13.10000,13.50000,650.52832
2019-10-09 12:21:15 UTC,3336,26.00000,18.00000,24.10000,44.70000,11.00000,13.10000,13.50000,649.72919
2019-10-09 12:22:15 UTC,3337,26.00000,18.00000,24.20000,44.80000,11.00000,13.10000,13.50000,648.84625
2019-10-09 12:23:15 UTC,3338,26.00000,18.00000,24.20000,44.90000,11.00000,13.10000,13.50000,647.70398
2019-10-09 12:24:18 UTC,3339,26.00000,18.00000,24.20000,44.90000,11.00000,13.20000,13.50000,646.99945
2019-10-09 12:25:17 UTC,3340,26.10000,18.00000,24.20000,44.70000,11.00000,13.10000,13.60000,646.93933
2019-10-09 12:26:17 UTC,3341,26.10000,18.00000,24.20000,44.80000,11.00000,13.20000,13.50000,647.40607
2019-10-09 12:27:17 UTC,3342,26.10000,18.00000,24.20000,44.80000,11.00000,13.10000,13.50000,647.85071
2019-10-09 12:28:17 UTC,3343,26.00000,18.00000,24.20000,44.90000,11.00000,13.20000,13.50000,648.39386
2019-10-09 12:29:17 UTC,3344,26.10000,18.10000,24.30000,44.90000,11.00000,13.20000,13.50000,648.94598
2019-10-09 12:30:18 UTC,3345,26.10000,18.10000,24.30000,44.90000,11.00000,13.20000,13.50000,649.50525
2019-10-09 12:31:17 UTC,3346,26.10000,18.10000,24.30000,45.00000,11.00000,13.20000,13.50000,650.38098
2019-10-09 12:32:17 UTC,3347,26.10000,18.00000,24.30000,44.80000,11.00000,13.20000,13.50000,651.91736
2019-10-09 12:33:17 UTC,3348,26.10000,18.00000,24.30000,44.80000,11.00000,13.10000,13.60000,653.97900
2019-10-09 12:34:17 UTC,3349,26.10000,18.10000,24.30000,44.80000,11.00000,13.20000,13.60000,656.58313
2019-10-09 12:35:17 UTC,3350,26.10000,18.00000,24.30000,44.80000,11.00000,13.20000,13.60000,659.08636
2019-10-09 12:36:17 UTC,3351,26.10000,18.10000,24.30000,44.90000,11.00000,13.20000,13.50000,661.51501
2019-10-09 12:37:17 UTC,3352,26.10000,18.10000,24.30000,45.00000,11.00000,13.20000,13.50000,664.15533
2019-10-09 12:38:20 UTC,3353,26.10000,18.10000,24.30000,44.90000,11.00000,13.20000,13.50000,666.98999
2019-10-09 12:39:19 UTC,3354,26.10000,18.10000,24.30000,45.00000,11.00000,13.20000,13.50000,669.79053
2019-10-09 12:40:19 UTC,3355,26.10000,18.10000,24.30000,45.00000,11.00000,13.20000,13.50000,671.99408
2019-10-09 12:41:19 UTC,3356,26.10000,18.10000,24.30000,44.90000,11.00000,13.20000,13.50000,673.77985
2019-10-09 12:42:19 UTC,3357,26.10000,18.10000,24.30000,44.90000,11.00000,13.20000,13.50000,675.24567
2019-10-09 12:43:19 UTC,3358,26.00000,18.10000,24.30000,45.10000,11.00000,13.20000,13.50000,676.76624
2019-10-09 12:44:19 UTC,3359,26.00000,18.00000,24.10000,44.90000,11.00000,13.20000,13.50000,678.49799
2019-10-09 12:45:19 UTC,3360,26.00000,18.00000,24.10000,45.20000,11.00000,13.20000,13.40000,680.30170
2019-10-09 12:46:19 UTC,3361,25.90000,18.00000,24.10000,45.10000,11.00000,13.10000,13.40000,681.87207
2019-10-09 12:47:19 UTC,3362,26.00000,18.00000,24.20000,45.30000,11.00000,13.20000,13.30000,682.97675
2019-10-09 12:48:19 UTC,3363,26.00000,18.10000,24.20000,45.40000,11.10000,13.30000,13.30000,684.47260
2019-10-09 12:49:19 UTC,3364,26.00000,18.10000,24.20000,45.30000,11.10000,13.30000,13.40000,686.15668
2019-10-09 12:50:19 UTC,3365,26.00000,18.10000,24.20000,45.40000,11.10000,13.30000,13.40000,688.08057
2019-10-09 12:51:19 UTC,3366,26.00000,18.10000,24.20000,45.30000,11.10000,13.30000,13.40000,689.73761
2019-10-09 12:52:19 UTC,3367,26.00000,18.10000,24.20000,45.30000,11.10000,13.30000,13.40000,691.26031
2019-10-09 12:53:19 UTC,3368,26.00000,18.10000,24.20000,45.20000,11.10000,13.30000,13.40000,692.70032
2019-10-09 12:54:19 UTC,3369,26.10000,18.10000,24.20000,45.10000,11.10000,13.30000,13.50000,694.30341
2019-10-09 12:55:19 UTC,3370,26.10000,18.10000,24.30000,45.20000,11.10000,13.30000,13.50000,696.14252
2019-10-09 12:56:19 UTC,3371,26.10000,18.10000,24.20000,45.20000,11.10000,13.30000,13.50000,697.64160
2019-10-09 12:57:22 UTC,3372,26.10000,18.10000,24.30000,45.10000,11.10000,13.20000,13.50000,698.91296
2019-10-09 12:58:20 UTC,3373,26.10000,18.10000,24.30000,45.10000,11.10000,13.30000,13.50000,699.92908
2019-10-09 12:59:20 UTC,3374,26.10000,18.10000,24.30000,45.10000,11.10000,13.30000,13.50000,701.23889
2019-10-09 13:00:22 UTC,3375,26.10000,18.10000,24.30000,45.00000,11.10000,13.20000,13.50000,702.31909
2019-10-09 13:01:21 UTC,3376,26.10000,18.10000,24.30000,45.20000,11.10000,13.30000,13.50000,703.30811
2019-10-09 13:02:23 UTC,3377,26.10000,18.10000,24.30000,45.10000,11.10000,13.30000,13.50000,704.09094
2019-10-09 13:03:22 UTC,3378,26.10000,18.10000,24.30000,45.00000,11.10000,13.30000,13.50000,704.48077
2019-10-09 13:04:23 UTC,3379,26.10000,18.10000,24.30000,44.90000,11.00000,13.20000,13.60000,704.95245
2019-10-09 13:05:22 UTC,3380,26.10000,18.10000,24.30000,45.00000,11.10000,13.30000,13.60000,705.49805
2019-10-09 13:06:22 UTC,3381,26.10000,18.10000,24.30000,44.90000,11.00000,13.20000,13.60000,705.76605
2019-10-09 13:07:22 UTC,3382,26.00000,18.10000,24.30000,45.40000,11.10000,13.30000,13.30000,706.16064
2019-10-09 13:08:22 UTC,3383,26.00000,18.10000,24.10000,45.30000,11.10000,13.30000,13.40000,706.60181
2019-10-09 13:09:22 UTC,3384,26.00000,18.10000,24.00000,45.50000,11.10000,13.30000,13.30000,707.10376
2019-10-09 13:10:22 UTC,3385,25.90000,18.00000,24.10000,45.50000,11.10000,13.20000,13.30000,707.54022
2019-10-09 13:11:22 UTC,3386,25.90000,18.00000,24.10000,45.30000,11.00000,13.20000,13.30000,707.91455
2019-10-09 13:12:22 UTC,3387,26.00000,18.00000,24.10000,45.30000,11.00000,13.20000,13.40000,707.97266
2019-10-09 13:13:22 UTC,3388,26.00000,18.00000,24.10000,45.30000,11.00000,13.20000,13.30000,707.82135
2019-10-09 13:14:22 UTC,3389,26.00000,18.10000,24.10000,45.30000,11.10000,13.30000,13.40000,707.70972
2019-10-09 13:15:22 UTC,3390,26.00000,18.10000,24.10000,45.30000,11.10000,13.30000,13.40000,707.72406
2019-10-09 13:16:22 UTC,3391,26.00000,18.10000,24.10000,45.40000,11.10000,13.30000,13.40000,707.85956
2019-10-09 13:17:23 UTC,3392,26.00000,18.10000,24.20000,45.40000,11.10000,13.30000,13.30000,708.01129
2019-10-09 13:18:22 UTC,3393,26.00000,18.10000,24.20000,45.40000,11.10000,13.30000,13.40000,708.20544
2019-10-09 13:19:22 UTC,3394,26.00000,18.10000,24.20000,45.50000,11.10000,13.30000,13.30000,708.64093
2019-10-09 13:20:22 UTC,3395,26.00000,18.10000,24.20000,45.40000,11.10000,13.30000,13.40000,709.20978
2019-10-09 13:21:23 UTC,3396,26.00000,18.10000,24.20000,45.40000,11.10000,13.30000,13.30000,709.99329
2019-10-09 13:22:22 UTC,3397,26.00000,18.10000,24.20000,45.50000,11.10000,13.30000,13.30000,711.07080
2019-10-09 13:23:23 UTC,3398,25.90000,18.10000,24.20000,45.60000,11.10000,13.30000,13.30000,712.23218
2019-10-09 13:24:22 UTC,3399,26.00000,18.10000,24.20000,45.60000,11.10000,13.30000,13.30000,713.30426
2019-10-09 13:25:22 UTC,3400,26.00000,18.10000,24.20000,45.60000,11.10000,13.30000,13.30000,713.95471
2019-10-09 13:26:22 UTC,3401,26.00000,18.10000,24.20000,45.60000,11.10000,13.30000,13.30000,714.51160
2019-10-09 13:27:23 UTC,3402,25.90000,18.10000,24.20000,45.60000,11.10000,13.30000,13.20000,714.53766
2019-10-09 13:28:25 UTC,3403,25.90000,18.10000,24.20000,45.60000,11.10000,13.30000,13.30000,714.29547
2019-10-09 13:29:24 UTC,3404,25.90000,18.00000,24.20000,45.50000,11.10000,13.30000,13.30000,713.93994
2019-10-09 13:30:24 UTC,3405,25.90000,18.00000,24.20000,45.40000,11.10000,13.20000,13.30000,713.24512
2019-10-09 13:31:24 UTC,3406,25.90000,18.00000,24.20000,45.50000,11.10000,13.20000,13.30000,712.33398
2019-10-09 13:32:24 UTC,3407,25.90000,18.10000,24.20000,45.70000,11.10000,13.30000,13.20000,710.82294
2019-10-09 13:33:24 UTC,3408,25.90000,18.00000,24.20000,45.60000,11.10000,13.30000,13.20000,708.45026
2019-10-09 13:34:24 UTC,3409,25.90000,18.00000,24.20000,45.50000,11.10000,13.20000,13.20000,705.35229
2019-10-09 13:35:24 UTC,3410,25.90000,18.00000,24.20000,45.40000,11.00000,13.20000,13.30000,701.77222
2019-10-09 13:36:24 UTC,3411,25.90000,18.00000,24.20000,45.50000,11.00000,13.20000,13.20000,697.91449
2019-10-09 13:37:24 UTC,3412,25.80000,18.00000,24.20000,45.40000,11.00000,13.20000,13.20000,693.88062
2019-10-09 13:38:24 UTC,3413,25.80000,18.00000,24.10000,45.40000,11.00000,13.20000,13.20000,690.21185
2019-10-09 13:39:24 UTC,3414,25.80000,18.00000,24.10000,45.50000,11.00000,13.20000,13.20000,686.65674
2019-10-09 13:40:24 UTC,3415,25.80000,17.90000,24.10000,45.40000,11.00000,13.10000,13.20000,684.03430
2019-10-09 13:41:24 UTC,3416,25.80000,17.90000,24.10000,45.50000,11.00000,13.10000,13.20000,681.95660
2019-10-09 13:42:24 UTC,3417,25.80000,17.90000,24.10000,45.50000,11.00000,13.20000,13.20000,680.12494
2019-10-09 13:43:25 UTC,3418,25.80000,17.90000,24.10000,45.50000,11.00000,13.10000,13.10000,678.49615
2019-10-09 13:44:24 UTC,3419,25.80000,17.90000,24.10000,45.50000,11.00000,13.10000,13.10000,677.52698
2019-10-09 13:45:24 UTC,3420,25.80000,17.90000,24.10000,45.50000,11.00000,13.10000,13.10000,676.36786
2019-10-09 13:46:24 UTC,3421,25.80000,17.90000,24.10000,45.40000,10.90000,13.10000,13.20000,675.31201
2019-10-09 13:47:24 UTC,3422,25.80000,17.90000,24.10000,45.30000,10.90000,13.10000,13.20000,674.32800
2019-10-09 13:48:24 UTC,3423,25.80000,17.90000,24.10000,45.40000,10.90000,13.10000,13.20000,673.35071
2019-10-09 13:49:24 UTC,3424,25.70000,17.90000,24.10000,45.50000,11.00000,13.10000,13.10000,672.42706
2019-10-09 13:50:24 UTC,3425,25.80000,17.90000,24.00000,45.40000,10.90000,13.10000,13.20000,671.60040
2019-10-09 13:51:24 UTC,3426,25.70000,17.90000,24.10000,45.50000,11.00000,13.10000,13.10000,670.79498
2019-10-09 13:52:24 UTC,3427,25.70000,17.90000,24.10000,45.50000,11.00000,13.10000,13.10000,670.12830
2019-10-09 13:53:24 UTC,3428,25.70000,17.90000,24.10000,45.60000,11.00000,13.10000,13.10000,669.48682
2019-10-09 13:54:24 UTC,3429,25.70000,17.90000,24.10000,45.50000,11.00000,13.10000,13.10000,668.75665
2019-10-09 13:55:24 UTC,3430,25.70000,17.90000,24.10000,45.60000,11.00000,13.10000,13.10000,667.88544
2019-10-09 13:56:24 UTC,3431,25.70000,17.90000,24.00000,45.50000,10.90000,13.10000,13.10000,667.05585
2019-10-09 13:57:24 UTC,3432,25.70000,17.90000,24.00000,45.40000,10.90000,13.00000,13.10000,666.21875
2019-10-09 13:58:24 UTC,3433,25.70000,17.80000,24.00000,45.40000,10.90000,13.00000,13.10000,665.11749
2019-10-09 13:59:24 UTC,3434,25.70000,17.90000,24.00000,45.40000,10.90000,13.00000,13.10000,663.73999
2019-10-09 14:00:24 UTC,3435,25.70000,17.80000,24.00000,45.30000,10.90000,13.00000,13.10000,661.96106
2019-10-09 14:01:24 UTC,3436,25.70000,17.90000,24.10000,45.60000,10.90000,13.10000,13.10000,660.13025
2019-10-09 14:02:24 UTC,3437,25.70000,17.80000,24.10000,45.40000,10.90000,13.00000,13.10000,658.51282
2019-10-09 14:03:24 UTC,3438,25.70000,17.80000,24.00000,45.50000,10.90000,13.00000,13.10000,657.75226
2019-10-09 14:04:24 UTC,3439,25.70000,17.80000,24.00000,45.40000,10.90000,13.00000,13.10000,657.06702
2019-10-09 14:05:24 UTC,3440,25.70000,17.80000,24.00000,45.40000,10.90000,13.00000,13.10000,656.51202
2019-10-09 14:06:27 UTC,3441,25.70000,17.80000,24.00000,45.40000,10.90000,13.00000,13.10000,656.04272
2019-10-09 14:07:26 UTC,3442,25.70000,17.80000,24.00000,45.50000,10.90000,13.00000,13.10000,655.35272
2019-10-09 14:08:26 UTC,3443,25.60000,17.80000,24.00000,45.50000,10.90000,13.00000,13.10000,654.56659
2019-10-09 14:09:26 UTC,3444,25.60000,17.80000,24.00000,45.40000,10.90000,13.00000,13.10000,653.61615
2019-10-09 14:10:26 UTC,3445,25.60000,17.80000,24.00000,45.70000,10.90000,13.00000,13.00000,652.81732
2019-10-09 14:11:26 UTC,3446,25.60000,17.80000,24.00000,45.40000,10.90000,13.00000,13.10000,651.80975
2019-10-09 14:12:26 UTC,3447,25.60000,17.80000,24.00000,45.50000,10.90000,13.00000,13.00000,650.38867
2019-10-09 14:13:26 UTC,3448,25.60000,17.80000,24.00000,45.60000,10.90000,13.00000,13.00000,648.82452
2019-10-09 14:14:26 UTC,3449,25.60000,17.80000,24.00000,45.60000,10.90000,13.00000,13.00000,647.12817
2019-10-09 14:15:27 UTC,3450,25.60000,17.80000,24.00000,45.60000,10.90000,13.00000,13.00000,645.53064
2019-10-09 14:16:27 UTC,3451,25.60000,17.80000,24.00000,45.50000,10.90000,13.00000,13.00000,644.06476
2019-10-09 14:17:27 UTC,3452,25.60000,17.80000,24.00000,45.60000,10.90000,13.00000,13.00000,642.74274
2019-10-09 14:18:26 UTC,3453,25.60000,17.80000,24.00000,45.70000,10.90000,13.00000,13.00000,641.15979
2019-10-09 14:19:26 UTC,3454,25.60000,17.80000,24.00000,45.60000,10.90000,13.00000,13.00000,639.49237
2019-10-09 14:20:26 UTC,3455,25.60000,17.80000,24.00000,45.50000,10.90000,12.90000,13.00000,637.76947
2019-10-09 14:21:26 UTC,3456,25.60000,17.70000,24.00000,45.50000,10.90000,12.90000,13.00000,636.51184
2019-10-09 14:22:26 UTC,3457,25.60000,17.70000,23.90000,45.50000,10.80000,12.90000,13.00000,635.42291
2019-10-09 14:23:26 UTC,3458,25.60000,17.80000,23.90000,45.60000,10.90000,13.00000,13.00000,634.63922
2019-10-09 14:24:27 UTC,3459,25.50000,17.80000,23.90000,45.70000,10.90000,13.00000,12.90000,634.07013
2019-10-09 14:25:29 UTC,3460,25.50000,17.80000,23.90000,45.80000,10.90000,13.00000,12.90000,633.48828
2019-10-09 14:26:29 UTC,3461,25.50000,17.80000,23.90000,45.90000,10.90000,13.00000,12.90000,632.81628
2019-10-09 14:27:28 UTC,3462,25.50000,17.80000,23.90000,45.80000,10.90000,13.00000,12.90000,632.25922
2019-10-09 14:28:28 UTC,3463,25.50000,17.80000,23.90000,45.70000,10.90000,13.00000,12.90000,631.71625
2019-10-09 14:29:29 UTC,3464,25.50000,17.80000,23.90000,45.70000,10.90000,13.00000,12.90000,631.05396
2019-10-09 14:30:28 UTC,3465,25.50000,17.80000,23.90000,45.90000,10.90000,13.00000,12.90000,630.41895
2019-10-09 14:31:28 UTC,3466,25.50000,17.80000,23.90000,45.90000,10.90000,13.00000,12.90000,629.66437
2019-10-09 14:32:28 UTC,3467,25.50000,17.80000,23.90000,46.10000,10.90000,13.10000,12.80000,628.59619
2019-10-09 14:33:28 UTC,3468,25.50000,17.80000,23.90000,45.90000,10.90000,13.00000,12.90000,627.38409
2019-10-09 14:34:28 UTC,3469,25.50000,17.70000,23.90000,45.70000,10.90000,13.00000,12.90000,626.02112
2019-10-09 14:35:28 UTC,3470,25.50000,17.70000,23.90000,45.60000,10.80000,12.90000,12.90000,624.65186
2019-10-09 14:36:28 UTC,3471,25.50000,17.70000,23.90000,45.70000,10.90000,12.90000,12.90000,623.22101
2019-10-09 14:37:28 UTC,3472,25.50000,17.70000,23.90000,45.80000,10.90000,13.00000,12.90000,621.82367
2019-10-09 14:38:29 UTC,3473,25.50000,17.70000,23.90000,45.80000,10.90000,13.00000,12.90000,620.63684
2019-10-09 14:39:28 UTC,3474,25.50000,17.70000,23.90000,45.80000,10.90000,12.90000,12.90000,619.43469
2019-10-09 14:40:29 UTC,3475,25.50000,17.70000,23.90000,45.70000,10.80000,12.90000,12.90000,618.14288
2019-10-09 14:41:28 UTC,3476,25.50000,17.70000,23.90000,45.70000,10.80000,12.90000,12.90000,617.16302
2019-10-09 14:42:28 UTC,3477,25.50000,17.70000,23.90000,45.80000,10.90000,12.90000,12.90000,616.55676
2019-10-09 14:43:28 UTC,3478,25.50000,17.70000,23.90000,45.50000,10.80000,12.90000,12.90000,616.17938
2019-10-09 14:44:28 UTC,3479,25.50000,17.70000,23.90000,45.60000,10.80000,12.90000,12.90000,615.78186
2019-10-09 14:45:29 UTC,3480,25.50000,17.70000,23.90000,45.60000,10.80000,12.90000,12.90000,615.34735
2019-10-09 14:46:29 UTC,3481,25.50000,17.70000,23.90000,45.70000,10.80000,12.90000,12.90000,615.00525
2019-10-09 14:47:29 UTC,3482,25.50000,17.70000,23.90000,45.70000,10.80000,12.90000,12.90000,614.57257
2019-10-09 14:48:29 UTC,3483,25.50000,17.70000,23.90000,45.60000,10.80000,12.90000,12.90000,614.03815
2019-10-09 14:49:29 UTC,3484,25.50000,17.70000,23.90000,45.70000,10.80000,12.90000,12.90000,613.35559
2019-10-09 14:50:29 UTC,3485,25.50000,17.70000,23.90000,45.50000,10.80000,12.90000,12.90000,612.48602
2019-10-09 14:51:29 UTC,3486,25.50000,17.70000,23.90000,45.50000,10.80000,12.90000,12.90000,611.47424
2019-10-09 14:52:29 UTC,3487,25.50000,17.70000,23.90000,45.50000,10.80000,12.90000,12.90000,610.27966
2019-10-09 14:53:29 UTC,3488,25.50000,17.70000,23.90000,45.60000,10.80000,12.90000,12.90000,609.32147
2019-10-09 14:54:29 UTC,3489,25.50000,17.70000,23.90000,45.60000,10.80000,12.90000,12.90000,608.12946
2019-10-09 14:55:29 UTC,3490,25.50000,17.70000,23.90000,45.60000,10.80000,12.90000,12.90000,606.81146
2019-10-09 14:56:29 UTC,3491,25.50000,17.70000,23.90000,45.70000,10.80000,12.90000,12.90000,605.67584
2019-10-09 14:57:29 UTC,3492,25.50000,17.70000,23.90000,45.60000,10.80000,12.90000,12.90000,604.59991
2019-10-09 14:58:29 UTC,3493,25.50000,17.70000,23.80000,45.60000,10.80000,12.90000,12.90000,603.77917
2019-10-09 14:59:29 UTC,3494,25.50000,17.60000,23.80000,45.40000,10.80000,12.80000,12.90000,603.28870
2019-10-09 15:00:32 UTC,3495,25.40000,17.70000,23.80000,45.60000,10.80000,12.90000,12.90000,602.78510
2019-10-09 15:01:31 UTC,3496,25.50000,17.70000,23.80000,45.50000,10.80000,12.80000,12.90000,602.17999
2019-10-09 15:02:31 UTC,3497,25.50000,17.70000,23.80000,45.70000,10.80000,12.90000,12.90000,601.34119
2019-10-09 15:03:31 UTC,3498,25.40000,17.70000,23.80000,45.70000,10.80000,12.90000,12.90000,600.56238
2019-10-09 15:04:31 UTC,3499,25.40000,17.70000,23.80000,45.80000,10.80000,12.90000,12.80000,599.67749
2019-10-09 15:05:31 UTC,3500,25.40000,17.70000,23.80000,45.80000,10.80000,12.90000,12.80000,598.88892
2019-10-09 15:06:31 UTC,3501,25.40000,17.70000,23.80000,45.90000,10.90000,12.90000,12.80000,598.16217
2019-10-09 15:07:31 UTC,3502,25.40000,17.70000,23.80000,45.80000,10.80000,12.90000,12.80000,597.40424
2019-10-09 15:08:31 UTC,3503,25.40000,17.70000,23.80000,45.90000,10.80000,12.90000,12.80000,596.68402
2019-10-09 15:09:31 UTC,3504,25.40000,17.70000,23.80000,45.80000,10.80000,12.90000,12.80000,596.04846
2019-10-09 15:10:31 UTC,3505,25.40000,17.70000,23.80000,45.90000,10.80000,12.90000,12.80000,595.48676
2019-10-09 15:11:31 UTC,3506,25.30000,17.60000,23.80000,45.90000,10.80000,12.90000,12.80000,595.06342
2019-10-09 15:12:31 UTC,3507,25.30000,17.60000,23.80000,46.00000,10.80000,12.90000,12.70000,594.60303
2019-10-09 15:13:31 UTC,3508,25.30000,17.60000,23.70000,45.80000,10.80000,12.80000,12.80000,594.02997
2019-10-09 15:14:31 UTC,3509,25.30000,17.60000,23.70000,46.00000,10.80000,12.90000,12.70000,593.26611
2019-10-09 15:15:31 UTC,3510,25.30000,17.60000,23.70000,45.90000,10.80000,12.80000,12.70000,592.35193
2019-10-09 15:16:31 UTC,3511,25.30000,17.60000,23.70000,45.90000,10.80000,12.80000,12.70000,591.52325
2019-10-09 15:17:31 UTC,3512,25.30000,17.60000,23.70000,45.90000,10.80000,12.80000,12.70000,590.83289
2019-10-09 15:18:31 UTC,3513,25.30000,17.60000,23.70000,45.90000,10.80000,12.80000,12.70000,589.85742
2019-10-09 15:19:31 UTC,3514,25.20000,17.60000,23.70000,46.10000,10.80000,12.80000,12.60000,588.81390
2019-10-09 15:20:31 UTC,3515,25.20000,17.60000,23.70000,46.40000,10.90000,12.90000,12.50000,587.56366
2019-10-09 15:21:31 UTC,3516,25.20000,17.60000,23.70000,46.30000,10.80000,12.90000,12.50000,586.49512
2019-10-09 15:22:31 UTC,3517,25.20000,17.60000,23.70000,46.20000,10.80000,12.80000,12.60000,585.55939
2019-10-09 15:23:31 UTC,3518,25.20000,17.60000,23.70000,46.20000,10.80000,12.80000,12.60000,584.60345
2019-10-09 15:24:31 UTC,3519,25.20000,17.60000,23.70000,46.00000,10.80000,12.80000,12.60000,583.48267
2019-10-09 15:25:31 UTC,3520,25.20000,17.60000,23.70000,46.20000,10.80000,12.80000,12.60000,581.94165
2019-10-09 15:26:31 UTC,3521,25.20000,17.60000,23.70000,46.30000,10.80000,12.80000,12.60000,580.48920
2019-10-09 15:27:32 UTC,3522,25.20000,17.60000,23.70000,46.30000,10.80000,12.90000,12.50000,579.19409
2019-10-09 15:28:32 UTC,3523,25.20000,17.50000,23.70000,46.20000,10.80000,12.80000,12.50000,577.75574
2019-10-09 15:29:32 UTC,3524,25.10000,17.60000,23.70000,46.40000,10.80000,12.80000,12.50000,576.53625
2019-10-09 15:30:32 UTC,3525,25.10000,17.60000,23.70000,46.40000,10.80000,12.90000,12.50000,575.50824
2019-10-09 15:31:32 UTC,3526,25.20000,17.50000,23.70000,46.20000,10.80000,12.80000,12.50000,574.45990
2019-10-09 15:32:32 UTC,3527,25.10000,17.50000,23.70000,46.30000,10.80000,12.80000,12.50000,573.56641
2019-10-09 15:33:32 UTC,3528,25.10000,17.50000,23.70000,46.10000,10.80000,12.80000,12.50000,572.79639
2019-10-09 15:34:32 UTC,3529,25.10000,17.50000,23.60000,46.20000,10.80000,12.80000,12.50000,572.22754
2019-10-09 15:35:32 UTC,3530,25.10000,17.50000,23.70000,46.20000,10.80000,12.80000,12.50000,571.51642
2019-10-09 15:36:32 UTC,3531,25.10000,17.50000,23.60000,46.20000,10.80000,12.80000,12.50000,571.02777
2019-10-09 15:37:32 UTC,3532,25.10000,17.50000,23.60000,46.20000,10.80000,12.80000,12.50000,570.56238
2019-10-09 15:38:31 UTC,3533,25.10000,17.50000,23.60000,46.30000,10.80000,12.80000,12.50000,569.94086
2019-10-09 15:39:32 UTC,3534,25.10000,17.50000,23.60000,46.30000,10.80000,12.80000,12.50000,569.47961
2019-10-09 15:40:34 UTC,3535,25.10000,17.50000,23.60000,46.40000,10.80000,12.80000,12.50000,569.02698
2019-10-09 15:41:33 UTC,3536,25.10000,17.50000,23.60000,46.30000,10.80000,12.80000,12.50000,568.67676
2019-10-09 15:42:33 UTC,3537,25.10000,17.50000,23.60000,46.10000,10.70000,12.70000,12.50000,568.20862
2019-10-09 15:43:33 UTC,3538,25.10000,17.50000,23.60000,46.40000,10.80000,12.80000,12.40000,567.84552
2019-10-09 15:44:33 UTC,3539,25.10000,17.50000,23.60000,46.20000,10.70000,12.80000,12.50000,567.56189
2019-10-09 15:45:33 UTC,3540,25.10000,17.50000,23.60000,46.10000,10.70000,12.70000,12.50000,567.10583
2019-10-09 15:46:33 UTC,3541,25.10000,17.50000,23.60000,46.20000,10.70000,12.80000,12.50000,566.52789
2019-10-09 15:47:33 UTC,3542,25.10000,17.50000,23.60000,46.10000,10.70000,12.70000,12.50000,566.06244
2019-10-09 15:48:35 UTC,3543,25.10000,17.50000,23.60000,46.20000,10.70000,12.70000,12.50000,565.52094
2019-10-09 15:49:34 UTC,3544,25.10000,17.50000,23.60000,46.20000,10.70000,12.70000,12.50000,564.70996
2019-10-09 15:50:35 UTC,3545,25.10000,17.50000,23.60000,46.10000,10.70000,12.70000,12.50000,563.86279
2019-10-09 15:51:34 UTC,3546,25.10000,17.50000,23.60000,46.10000,10.70000,12.70000,12.50000,562.81348
2019-10-09 15:52:34 UTC,3547,25.10000,17.50000,23.60000,46.20000,10.70000,12.70000,12.50000,562.06451
2019-10-09 15:53:35 UTC,3548,25.00000,17.50000,23.60000,46.40000,10.70000,12.80000,12.40000,561.16162
2019-10-09 15:54:34 UTC,3549,25.00000,17.50000,23.60000,46.30000,10.70000,12.70000,12.40000,560.54114
2019-10-09 15:55:34 UTC,3550,25.00000,17.40000,23.60000,46.30000,10.70000,12.70000,12.40000,559.79669
2019-10-09 15:56:34 UTC,3551,25.00000,17.40000,23.60000,46.20000,10.70000,12.70000,12.40000,558.89264
2019-10-09 15:57:34 UTC,3552,25.00000,17.50000,23.60000,46.30000,10.70000,12.70000,12.40000,558.05170
2019-10-09 15:58:34 UTC,3553,25.00000,17.50000,23.60000,46.20000,10.70000,12.70000,12.50000,557.24396
2019-10-09 15:59:35 UTC,3554,25.00000,17.50000,23.60000,46.30000,10.70000,12.70000,12.40000,556.69720
2019-10-09 16:00:35 UTC,3555,25.00000,17.40000,23.50000,46.30000,10.70000,12.70000,12.40000,556.10419
2019-10-09 16:01:34 UTC,3556,25.00000,17.40000,23.60000,46.30000,10.70000,12.70000,12.40000,555.37933
2019-10-09 16:02:35 UTC,3557,25.00000,17.40000,23.60000,46.30000,10.70000,12.70000,12.40000,554.59167
2019-10-09 16:03:35 UTC,3558,25.00000,17.40000,23.50000,46.40000,10.70000,12.70000,12.40000,553.91724
2019-10-09 16:04:34 UTC,3559,25.00000,17.50000,23.50000,46.40000,10.70000,12.70000,12.40000,553.38318
2019-10-09 16:05:35 UTC,3560,25.00000,17.50000,23.50000,46.50000,10.70000,12.80000,12.40000,552.90497
2019-10-09 16:06:34 UTC,3561,25.00000,17.50000,23.50000,46.50000,10.70000,12.70000,12.40000,552.31793
2019-10-09 16:07:35 UTC,3562,25.00000,17.50000,23.50000,46.40000,10.70000,12.70000,12.40000,551.83923
2019-10-09 16:08:34 UTC,3563,25.00000,17.50000,23.50000,46.40000,10.70000,12.70000,12.40000,551.18860
2019-10-09 16:09:35 UTC,3564,25.00000,17.40000,23.50000,46.30000,10.70000,12.70000,12.40000,550.64514
2019-10-09 16:10:35 UTC,3565,25.00000,17.50000,23.50000,46.40000,10.70000,12.70000,12.40000,550.20404
2019-10-09 16:11:35 UTC,3566,25.00000,17.40000,23.50000,46.40000,10.70000,12.70000,12.40000,549.67896
2019-10-09 16:12:35 UTC,3567,25.00000,17.40000,23.50000,46.50000,10.70000,12.70000,12.40000,549.05573
2019-10-09 16:13:35 UTC,3568,25.00000,17.40000,23.50000,46.50000,10.70000,12.70000,12.30000,548.26978
2019-10-09 16:14:35 UTC,3569,25.00000,17.40000,23.50000,46.50000,10.70000,12.70000,12.30000,547.61401
2019-10-09 16:15:35 UTC,3570,25.00000,17.40000,23.50000,46.50000,10.70000,12.70000,12.30000,546.82172
2019-10-09 16:16:35 UTC,3571,25.00000,17.40000,23.50000,46.60000,10.70000,12.70000,12.30000,546.04681
2019-10-09 16:17:35 UTC,3572,25.00000,17.40000,23.50000,46.40000,10.70000,12.70000,12.30000,545.17627
2019-10-09 16:18:35 UTC,3573,25.00000,17.40000,23.50000,46.20000,10.70000,12.60000,12.40000,544.06763
2019-10-09 16:19:35 UTC,3574,25.00000,17.40000,23.50000,46.20000,10.70000,12.60000,12.40000,543.15186
2019-10-09 16:20:35 UTC,3575,24.90000,17.40000,23.50000,46.40000,10.70000,12.70000,12.40000,542.29059
2019-10-09 16:21:35 UTC,3576,24.90000,17.40000,23.50000,46.40000,10.70000,12.70000,12.40000,541.62543
2019-10-09 16:22:35 UTC,3577,24.90000,17.40000,23.50000,46.40000,10.70000,12.70000,12.40000,541.05450
2019-10-09 16:23:35 UTC,3578,25.00000,17.40000,23.50000,46.30000,10.70000,12.70000,12.40000,540.68268
2019-10-09 16:24:35 UTC,3579,24.90000,17.40000,23.50000,46.40000,10.70000,12.70000,12.30000,540.17853
2019-10-09 16:25:35 UTC,3580,25.00000,17.40000,23.50000,46.10000,10.60000,12.60000,12.40000,539.53339
2019-10-09 16:26:35 UTC,3581,24.90000,17.40000,23.50000,46.40000,10.70000,12.70000,12.30000,539.20752
2019-10-09 16:27:35 UTC,3582,24.90000,17.40000,23.40000,46.30000,10.70000,12.60000,12.30000,538.85968
2019-10-09 16:28:35 UTC,3583,24.90000,17.40000,23.50000,46.50000,10.70000,12.70000,12.30000,538.58081
2019-10-09 16:29:35 UTC,3584,24.90000,17.40000,23.40000,46.40000,10.70000,12.70000,12.30000,538.31995
2019-10-09 16:30:35 UTC,3585,25.00000,17.40000,23.40000,46.30000,10.70000,12.60000,12.40000,538.09521
2019-10-09 16:31:35 UTC,3586,24.90000,17.40000,23.40000,46.30000,10.70000,12.60000,12.40000,537.82007
2019-10-09 16:32:35 UTC,3587,24.90000,17.40000,23.40000,46.40000,10.70000,12.60000,12.30000,537.48578
2019-10-09 16:33:35 UTC,3588,24.90000,17.40000,23.40000,46.50000,10.70000,12.70000,12.30000,537.22980
2019-10-09 16:34:35 UTC,3589,24.90000,17.40000,23.40000,46.70000,10.70000,12.70000,12.30000,536.90204
2019-10-09 16:35:35 UTC,3590,24.90000,17.40000,23.40000,46.60000,10.70000,12.70000,12.30000,536.52539
2019-10-09 16:36:35 UTC,3591,24.90000,17.40000,23.40000,46.70000,10.70000,12.70000,12.20000,536.19379
2019-10-09 16:37:35 UTC,3592,24.90000,17.40000,23.40000,46.60000,10.70000,12.70000,12.30000,535.82654
2019-10-09 16:38:35 UTC,3593,24.90000,17.40000,23.40000,46.70000,10.70000,12.70000,12.20000,535.28827
2019-10-09 16:39:35 UTC,3594,24.90000,17.40000,23.40000,46.80000,10.70000,12.70000,12.20000,534.81384
2019-10-09 16:40:35 UTC,3595,24.90000,17.40000,23.40000,46.60000,10.70000,12.70000,12.30000,534.24432
2019-10-09 16:41:35 UTC,3596,24.90000,17.40000,23.40000,46.40000,10.70000,12.70000,12.30000,533.78601
2019-10-09 16:42:35 UTC,3597,24.90000,17.40000,23.40000,46.50000,10.70000,12.70000,12.30000,533.19537
2019-10-09 16:43:35 UTC,3598,24.90000,17.40000,23.40000,46.50000,10.70000,12.70000,12.30000,532.54199
2019-10-09 16:44:35 UTC,3599,24.90000,17.40000,23.40000,46.60000,10.70000,12.70000,12.30000,531.87592
2019-10-09 16:45:35 UTC,3600,24.90000,17.40000,23.40000,46.60000,10.70000,12.70000,12.30000,531.03088
2019-10-09 16:46:35 UTC,3601,24.90000,17.40000,23.40000,46.60000,10.70000,12.70000,12.30000,530.34265
2019-10-09 16:47:35 UTC,3602,24.90000,17.40000,23.40000,46.70000,10.70000,12.70000,12.20000,529.86523
2019-10-09 16:48:35 UTC,3603,24.90000,17.40000,23.40000,46.80000,10.70000,12.70000,12.20000,529.24768
2019-10-09 16:49:35 UTC,3604,24.90000,17.40000,23.40000,46.70000,10.70000,12.70000,12.20000,528.30829
2019-10-09 16:50:35 UTC,3605,24.90000,17.40000,23.40000,46.70000,10.70000,12.70000,12.20000,527.48657
2019-10-09 16:51:35 UTC,3606,24.90000,17.40000,23.40000,46.70000,10.70000,12.70000,12.20000,526.82202
2019-10-09 16:52:35 UTC,3607,24.90000,17.40000,23.40000,46.70000,10.70000,12.70000,12.20000,526.18506
2019-10-09 16:53:35 UTC,3608,24.80000,17.30000,23.40000,46.50000,10.60000,12.60000,12.30000,525.66748
2019-10-09 16:54:35 UTC,3609,24.90000,17.40000,23.40000,46.60000,10.70000,12.60000,12.20000,525.10956
2019-10-09 16:55:35 UTC,3610,24.90000,17.40000,23.40000,46.60000,10.70000,12.70000,12.30000,524.72253
2019-10-09 16:56:35 UTC,3611,24.90000,17.30000,23.40000,46.50000,10.70000,12.60000,12.30000,524.36389
2019-10-09 16:57:35 UTC,3612,24.80000,17.40000,23.40000,46.70000,10.70000,12.70000,12.20000,524.07849
2019-10-09 16:58:35 UTC,3613,24.80000,17.40000,23.40000,46.90000,10.70000,12.70000,12.20000,523.83844
2019-10-09 16:59:35 UTC,3614,24.80000,17.40000,23.40000,46.80000,10.70000,12.70000,12.20000,523.56195
2019-10-09 17:00:35 UTC,3615,24.80000,17.40000,23.30000,46.70000,10.70000,12.70000,12.20000,523.17859
2019-10-09 17:01:35 UTC,3616,24.80000,17.40000,23.40000,46.80000,10.70000,12.70000,12.20000,522.96558
2019-10-09 17:02:35 UTC,3617,24.80000,17.40000,23.40000,46.70000,10.70000,12.70000,12.20000,522.59851
2019-10-09 17:03:35 UTC,3618,24.80000,17.30000,23.40000,46.60000,10.70000,12.60000,12.20000,521.97168
2019-10-09 17:04:35 UTC,3619,24.80000,17.30000,23.40000,46.70000,10.70000,12.70000,12.20000,521.12292
2019-10-09 17:05:35 UTC,3620,24.80000,17.30000,23.40000,46.50000,10.60000,12.60000,12.20000,520.24170
2019-10-09 17:06:35 UTC,3621,24.80000,17.30000,23.40000,46.60000,10.70000,12.60000,12.20000,519.21558
2019-10-09 17:07:35 UTC,3622,24.80000,17.30000,23.40000,46.70000,10.70000,12.60000,12.20000,518.35522
2019-10-09 17:08:35 UTC,3623,24.80000,17.30000,23.30000,46.80000,10.70000,12.70000,12.10000,517.14954
2019-10-09 17:09:35 UTC,3624,24.80000,17.30000,23.30000,46.80000,10.70000,12.60000,12.10000,515.99243
2019-10-09 17:10:35 UTC,3625,24.80000,17.30000,23.30000,46.60000,10.70000,12.60000,12.20000,514.88055
2019-10-09 17:11:35 UTC,3626,24.80000,17.30000,23.30000,46.80000,10.70000,12.60000,12.10000,513.94647
2019-10-09 17:12:35 UTC,3627,24.80000,17.30000,23.30000,46.80000,10.70000,12.60000,12.10000,513.09320
2019-10-09 17:13:36 UTC,3628,24.80000,17.30000,23.30000,46.90000,10.70000,12.70000,12.10000,512.28625
2019-10-09 17:14:35 UTC,3629,24.80000,17.30000,23.30000,46.80000,10.70000,12.70000,12.10000,511.91931
2019-10-09 17:15:35 UTC,3630,24.80000,17.30000,23.30000,46.80000,10.70000,12.60000,12.10000,511.30447
2019-10-09 17:16:35 UTC,3631,24.80000,17.30000,23.30000,46.90000,10.70000,12.70000,12.10000,511.01889
2019-10-09 17:17:35 UTC,3632,24.80000,17.30000,23.30000,46.60000,10.60000,12.60000,12.20000,510.85797
2019-10-09 17:18:35 UTC,3633,24.80000,17.30000,23.30000,46.60000,10.60000,12.60000,12.20000,510.73553
2019-10-09 17:19:35 UTC,3634,24.80000,17.30000,23.30000,46.70000,10.60000,12.60000,12.20000,510.64008
2019-10-09 17:20:35 UTC,3635,24.80000,17.30000,23.30000,46.60000,10.60000,12.60000,12.20000,510.58383
2019-10-09 17:21:35 UTC,3636,24.80000,17.30000,23.30000,46.70000,10.70000,12.60000,12.10000,510.48270
2019-10-09 17:22:35 UTC,3637,24.80000,17.30000,23.30000,46.70000,10.70000,12.60000,12.10000,510.32635
2019-10-09 17:23:36 UTC,3638,24.80000,17.30000,23.30000,46.70000,10.60000,12.60000,12.10000,510.21671
2019-10-09 17:24:35 UTC,3639,24.80000,17.30000,23.30000,46.50000,10.60000,12.60000,12.20000,510.08899
2019-10-09 17:25:36 UTC,3640,24.80000,17.30000,23.30000,46.70000,10.60000,12.60000,12.10000,509.89346
2019-10-09 17:26:36 UTC,3641,24.70000,17.30000,23.30000,46.80000,10.70000,12.60000,12.10000,509.52875
2019-10-09 17:27:36 UTC,3642,24.70000,17.30000,23.30000,46.90000,10.70000,12.60000,12.10000,509.13583
2019-10-09 17:28:36 UTC,3643,24.70000,17.30000,23.30000,46.80000,10.70000,12.60000,12.10000,508.79584
2019-10-09 17:29:36 UTC,3644,24.70000,17.30000,23.30000,46.90000,10.70000,12.70000,12.10000,508.54135
2019-10-09 17:30:36 UTC,3645,24.70000,17.30000,23.30000,46.90000,10.70000,12.60000,12.10000,508.18289
2019-10-09 17:31:36 UTC,3646,24.70000,17.30000,23.30000,47.00000,10.70000,12.60000,12.10000,507.72467
2019-10-09 17:32:36 UTC,3647,24.70000,17.30000,23.30000,47.10000,10.70000,12.70000,12.00000,507.23306
2019-10-09 17:33:36 UTC,3648,24.70000,17.30000,23.30000,47.10000,10.70000,12.70000,12.00000,506.80380
2019-10-09 17:34:36 UTC,3649,24.70000,17.30000,23.30000,47.00000,10.70000,12.70000,12.00000,506.64920
2019-10-09 17:35:36 UTC,3650,24.70000,17.30000,23.30000,47.00000,10.70000,12.60000,12.00000,506.54672
2019-10-09 17:36:36 UTC,3651,24.70000,17.30000,23.30000,46.90000,10.70000,12.60000,12.10000,506.36368
2019-10-09 17:37:36 UTC,3652,24.70000,17.30000,23.30000,46.90000,10.70000,12.60000,12.10000,506.14886
2019-10-09 17:38:36 UTC,3653,24.70000,17.30000,23.30000,47.00000,10.70000,12.60000,12.00000,505.85205
2019-10-09 17:39:36 UTC,3654,24.70000,17.30000,23.30000,47.00000,10.70000,12.60000,12.00000,505.49152
2019-10-09 17:40:36 UTC,3655,24.70000,17.30000,23.30000,47.20000,10.70000,12.70000,12.00000,505.01913
2019-10-09 17:41:36 UTC,3656,24.70000,17.30000,23.30000,47.10000,10.70000,12.70000,12.00000,504.54761
2019-10-09 17:42:36 UTC,3657,24.70000,17.30000,23.30000,47.10000,10.70000,12.70000,12.00000,503.92056
2019-10-09 17:43:36 UTC,3658,24.70000,17.30000,23.30000,47.10000,10.70000,12.70000,12.00000,503.16635
2019-10-09 17:44:36 UTC,3659,24.70000,17.30000,23.30000,47.10000,10.70000,12.70000,12.00000,502.44220
2019-10-09 17:45:36 UTC,3660,24.70000,17.30000,23.30000,46.90000,10.70000,12.60000,12.10000,501.66330
2019-10-09 17:46:36 UTC,3661,24.70000,17.30000,23.30000,47.10000,10.70000,12.70000,12.00000,501.00580
2019-10-09 17:47:36 UTC,3662,24.70000,17.30000,23.30000,47.00000,10.70000,12.70000,12.10000,500.59698
2019-10-09 17:48:36 UTC,3663,24.70000,17.30000,23.30000,46.90000,10.70000,12.60000,12.10000,500.33636
2019-10-09 17:49:36 UTC,3664,24.70000,17.30000,23.30000,46.90000,10.70000,12.60000,12.10000,500.09692
2019-10-09 17:50:36 UTC,3665,24.70000,17.30000,23.30000,46.90000,10.70000,12.60000,12.10000,500.08371
2019-10-09 17:51:36 UTC,3666,24.70000,17.30000,23.30000,47.10000,10.70000,12.70000,12.00000,500.00208
2019-10-09 17:52:36 UTC,3667,24.70000,17.30000,23.20000,46.90000,10.60000,12.60000,12.10000,499.87839
2019-10-09 17:53:36 UTC,3668,24.70000,17.30000,23.20000,47.00000,10.70000,12.60000,12.00000,499.86493
2019-10-09 17:54:36 UTC,3669,24.70000,17.30000,23.20000,46.80000,10.60000,12.60000,12.10000,499.85358
2019-10-09 17:55:36 UTC,3670,24.70000,17.30000,23.20000,46.90000,10.60000,12.60000,12.10000,499.77533
2019-10-09 17:56:36 UTC,3671,24.70000,17.30000,23.20000,46.80000,10.60000,12.60000,12.10000,499.66971
2019-10-09 17:57:36 UTC,3672,24.70000,17.30000,23.20000,46.90000,10.60000,12.60000,12.10000,499.50784
2019-10-09 17:58:36 UTC,3673,24.70000,17.30000,23.20000,47.00000,10.70000,12.60000,12.00000,499.28027
2019-10-09 17:59:36 UTC,3674,24.70000,17.30000,23.30000,46.80000,10.60000,12.60000,12.10000,498.99786
2019-10-09 18:00:36 UTC,3675,24.70000,17.30000,23.20000,46.90000,10.70000,12.60000,12.10000,498.70129
2019-10-09 18:01:36 UTC,3676,24.70000,17.30000,23.30000,47.00000,10.70000,12.60000,12.00000,498.47852
2019-10-09 18:02:36 UTC,3677,24.70000,17.30000,23.20000,47.10000,10.70000,12.70000,12.00000,498.19409
2019-10-09 18:03:36 UTC,3678,24.70000,17.30000,23.20000,46.90000,10.60000,12.60000,12.10000,497.73135
2019-10-09 18:04:36 UTC,3679,24.70000,17.30000,23.20000,46.80000,10.60000,12.60000,12.10000,497.19559
2019-10-09 18:05:36 UTC,3680,24.70000,17.30000,23.20000,46.80000,10.60000,12.60000,12.10000,496.76434
2019-10-09 18:06:36 UTC,3681,24.70000,17.30000,23.20000,46.80000,10.60000,12.60000,12.10000,496.49216
2019-10-09 18:07:36 UTC,3682,24.70000,17.30000,23.20000,46.80000,10.60000,12.60000,12.10000,496.11401
2019-10-09 18:08:36 UTC,3683,24.70000,17.30000,23.20000,46.70000,10.60000,12.60000,12.10000,495.98053
2019-10-09 18:09:36 UTC,3684,24.70000,17.30000,23.20000,46.60000,10.60000,12.50000,12.10000,495.89291
2019-10-09 18:10:36 UTC,3685,24.70000,17.30000,23.20000,46.80000,10.60000,12.60000,12.10000,495.73523
2019-10-09 18:11:36 UTC,3686,24.70000,17.30000,23.20000,46.80000,10.60000,12.60000,12.10000,495.50574
2019-10-09 18:12:36 UTC,3687,24.70000,17.20000,23.20000,46.60000,10.60000,12.50000,12.10000,495.17499
2019-10-09 18:13:36 UTC,3688,24.70000,17.30000,23.20000,47.00000,10.70000,12.60000,12.00000,494.55380
2019-10-09 18:14:36 UTC,3689,24.70000,17.30000,23.20000,47.00000,10.60000,12.60000,12.00000,493.70483
2019-10-09 18:15:36 UTC,3690,24.70000,17.30000,23.20000,47.00000,10.60000,12.60000,12.00000,492.63229
2019-10-09 18:16:36 UTC,3691,24.60000,17.30000,23.20000,47.10000,10.70000,12.60000,12.00000,491.40317
2019-10-09 18:17:36 UTC,3692,24.60000,17.30000,23.20000,47.00000,10.60000,12.60000,12.00000,490.03540
2019-10-09 18:18:36 UTC,3693,24.60000,17.30000,23.20000,47.10000,10.60000,12.60000,12.00000,488.71515
2019-10-09 18:19:36 UTC,3694,24.60000,17.20000,23.10000,47.00000,10.60000,12.60000,12.00000,487.53769
2019-10-09 18:20:36 UTC,3695,24.60000,17.20000,23.10000,46.90000,10.60000,12.60000,12.00000,486.73645
2019-10-09 18:21:36 UTC,3696,24.60000,17.20000,23.10000,46.90000,10.60000,12.50000,12.00000,486.19611
2019-10-09 18:22:36 UTC,3697,24.60000,17.20000,23.10000,47.10000,10.60000,12.60000,11.90000,486.05054
2019-10-09 18:23:36 UTC,3698,24.60000,17.20000,23.20000,47.00000,10.60000,12.60000,12.00000,485.96124
2019-10-09 18:24:36 UTC,3699,24.60000,17.20000,23.20000,47.20000,10.60000,12.60000,11.90000,485.85889
2019-10-09 18:25:36 UTC,3700,24.60000,17.20000,23.10000,47.00000,10.60000,12.60000,12.00000,485.77954
2019-10-09 18:26:36 UTC,3701,24.60000,17.20000,23.10000,47.00000,10.60000,12.60000,12.00000,485.68613
2019-10-09 18:27:36 UTC,3702,24.60000,17.20000,23.10000,47.00000,10.60000,12.50000,11.90000,485.62851
2019-10-09 18:28:36 UTC,3703,24.60000,17.20000,23.10000,47.00000,10.60000,12.50000,12.00000,485.59799
2019-10-09 18:29:36 UTC,3704,24.60000,17.20000,23.10000,47.00000,10.60000,12.60000,11.90000,485.46591
2019-10-09 18:30:36 UTC,3705,24.60000,17.20000,23.10000,47.00000,10.60000,12.50000,12.00000,485.18784
2019-10-09 18:31:36 UTC,3706,24.60000,17.20000,23.10000,46.90000,10.60000,12.50000,12.00000,484.73553
2019-10-09 18:32:36 UTC,3707,24.60000,17.20000,23.10000,46.80000,10.60000,12.50000,12.00000,484.29099
2019-10-09 18:33:36 UTC,3708,24.60000,17.20000,23.10000,47.00000,10.60000,12.50000,12.00000,483.94196
2019-10-09 18:34:36 UTC,3709,24.60000,17.20000,23.20000,47.10000,10.60000,12.60000,11.90000,483.56537
2019-10-09 18:35:36 UTC,3710,24.60000,17.20000,23.10000,47.00000,10.60000,12.50000,12.00000,483.16205
2019-10-09 18:36:36 UTC,3711,24.60000,17.20000,23.20000,47.00000,10.60000,12.50000,12.00000,482.72153
2019-10-09 18:37:36 UTC,3712,24.60000,17.20000,23.20000,47.00000,10.60000,12.50000,12.00000,482.25888
2019-10-09 18:38:37 UTC,3713,24.60000,17.20000,23.20000,46.80000,10.60000,12.50000,12.00000,481.94159
2019-10-09 18:39:36 UTC,3714,24.60000,17.20000,23.20000,46.90000,10.60000,12.50000,12.00000,481.55542
2019-10-09 18:40:36 UTC,3715,24.60000,17.20000,23.20000,46.90000,10.60000,12.50000,12.00000,481.16302
2019-10-09 18:41:37 UTC,3716,24.60000,17.20000,23.20000,46.80000,10.60000,12.50000,12.00000,480.71469
2019-10-09 18:42:36 UTC,3717,24.60000,17.20000,23.10000,46.80000,10.60000,12.50000,12.00000,480.23605
2019-10-09 18:43:37 UTC,3718,24.60000,17.20000,23.20000,46.90000,10.60000,12.50000,12.00000,479.75610
2019-10-09 18:44:36 UTC,3719,24.60000,17.20000,23.20000,46.80000,10.60000,12.50000,12.00000,479.48770
2019-10-09 18:45:36 UTC,3720,24.60000,17.20000,23.10000,46.90000,10.60000,12.50000,12.00000,479.22253
2019-10-09 18:46:36 UTC,3721,24.60000,17.20000,23.20000,46.70000,10.50000,12.40000,12.00000,478.96960
2019-10-09 18:47:36 UTC,3722,24.60000,17.20000,23.10000,46.70000,10.50000,12.40000,12.00000,478.78128
2019-10-09 18:48:36 UTC,3723,24.60000,17.20000,23.10000,46.80000,10.60000,12.50000,12.00000,478.68744
2019-10-09 18:49:37 UTC,3724,24.60000,17.20000,23.10000,46.80000,10.60000,12.50000,12.00000,478.67624
2019-10-09 18:50:36 UTC,3725,24.60000,17.20000,23.20000,46.90000,10.60000,12.50000,12.00000,478.58908
2019-10-09 18:51:37 UTC,3726,24.60000,17.20000,23.20000,46.80000,10.50000,12.40000,12.00000,478.56406
2019-10-09 18:52:36 UTC,3727,24.60000,17.20000,23.10000,46.70000,10.50000,12.40000,12.00000,478.48148
2019-10-09 18:53:36 UTC,3728,24.60000,17.10000,23.10000,46.70000,10.50000,12.40000,12.00000,478.43933
2019-10-09 18:54:37 UTC,3729,24.50000,17.10000,23.10000,46.80000,10.50000,12.40000,12.00000,478.36096
2019-10-09 18:55:37 UTC,3730,24.50000,17.10000,23.10000,46.90000,10.50000,12.40000,11.90000,478.25650
2019-10-09 18:56:37 UTC,3731,24.60000,17.20000,23.10000,46.80000,10.50000,12.40000,12.00000,478.15494
2019-10-09 18:57:37 UTC,3732,24.50000,17.10000,23.10000,47.00000,10.60000,12.50000,11.90000,478.02832
2019-10-09 18:58:37 UTC,3733,24.50000,17.10000,23.10000,46.90000,10.50000,12.40000,11.90000,477.86197
2019-10-09 18:59:37 UTC,3734,24.50000,17.20000,23.10000,47.00000,10.60000,12.50000,11.90000,477.72742
2019-10-09 19:00:37 UTC,3735,24.50000,17.20000,23.10000,47.00000,10.60000,12.50000,11.90000,477.60406
2019-10-09 19:01:37 UTC,3736,24.50000,17.20000,23.10000,47.00000,10.60000,12.50000,11.90000,477.41104
2019-10-09 19:02:37 UTC,3737,24.50000,17.20000,23.10000,47.20000,10.60000,12.50000,11.90000,477.19724
2019-10-09 19:03:37 UTC,3738,24.50000,17.10000,23.00000,47.00000,10.60000,12.50000,11.90000,477.10526
2019-10-09 19:04:37 UTC,3739,24.50000,17.10000,23.10000,47.00000,10.60000,12.50000,11.90000,477.02435
2019-10-09 19:05:37 UTC,3740,24.50000,17.20000,23.10000,47.10000,10.60000,12.50000,11.90000,477.00201
2019-10-09 19:06:37 UTC,3741,24.50000,17.10000,23.10000,47.10000,10.60000,12.50000,11.90000,476.94357
2019-10-09 19:07:37 UTC,3742,24.50000,17.10000,23.10000,47.10000,10.60000,12.50000,11.90000,476.79971
2019-10-09 19:08:37 UTC,3743,24.50000,17.10000,23.10000,47.20000,10.60000,12.50000,11.80000,476.55786
2019-10-09 19:09:37 UTC,3744,24.50000,17.10000,23.10000,47.10000,10.60000,12.50000,11.90000,476.23135
2019-10-09 19:10:37 UTC,3745,24.50000,17.10000,23.10000,47.10000,10.60000,12.50000,11.90000,475.90500
2019-10-09 19:11:37 UTC,3746,24.50000,17.10000,23.00000,47.10000,10.60000,12.50000,11.90000,475.64603
2019-10-09 19:12:37 UTC,3747,24.50000,17.10000,23.10000,47.00000,10.50000,12.50000,11.90000,475.30353
2019-10-09 19:13:37 UTC,3748,24.50000,17.10000,23.00000,46.90000,10.50000,12.40000,11.90000,474.87952
2019-10-09 19:14:37 UTC,3749,24.50000,17.10000,23.10000,47.00000,10.50000,12.50000,11.90000,474.27356
2019-10-09 19:15:37 UTC,3750,24.50000,17.10000,23.10000,47.00000,10.50000,12.50000,11.90000,473.70654
2019-10-09 19:16:37 UTC,3751,24.50000,17.10000,23.10000,47.00000,10.50000,12.40000,11.90000,473.31366
2019-10-09 19:17:37 UTC,3752,24.50000,17.10000,23.10000,47.10000,10.60000,12.50000,11.90000,473.16614
2019-10-09 19:18:37 UTC,3753,24.50000,17.10000,23.00000,46.90000,10.50000,12.40000,11.90000,473.10297
2019-10-09 19:19:37 UTC,3754,24.50000,17.10000,23.00000,46.90000,10.50000,12.40000,11.90000,472.96405
2019-10-09 19:20:37 UTC,3755,24.50000,17.10000,23.00000,47.10000,10.60000,12.50000,11.80000,472.82880
2019-10-09 19:21:37 UTC,3756,24.50000,17.10000,23.00000,47.10000,10.50000,12.50000,11.90000,472.58301
2019-10-09 19:22:37 UTC,3757,24.50000,17.10000,23.00000,46.90000,10.50000,12.40000,11.90000,472.25513
2019-10-09 19:23:37 UTC,3758,24.50000,17.10000,23.00000,47.00000,10.50000,12.40000,11.90000,471.96472
2019-10-09 19:24:37 UTC,3759,24.50000,17.10000,23.00000,47.20000,10.60000,12.50000,11.80000,471.57938
2019-10-09 19:25:37 UTC,3760,24.50000,17.10000,23.00000,47.10000,10.50000,12.40000,11.90000,471.13693
2019-10-09 19:26:37 UTC,3761,24.50000,17.10000,23.00000,46.90000,10.50000,12.40000,11.90000,470.51419
2019-10-09 19:27:37 UTC,3762,24.50000,17.10000,23.00000,46.90000,10.50000,12.40000,11.90000,469.94736
2019-10-09 19:28:37 UTC,3763,24.40000,17.10000,23.00000,46.90000,10.50000,12.40000,11.90000,469.26538
2019-10-09 19:29:37 UTC,3764,24.50000,17.10000,23.00000,46.80000,10.50000,12.40000,11.90000,468.70874
2019-10-09 19:30:37 UTC,3765,24.40000,17.10000,23.00000,46.90000,10.50000,12.40000,11.90000,468.46704
2019-10-09 19:31:37 UTC,3766,24.50000,17.10000,23.00000,46.90000,10.50000,12.40000,11.90000,468.37668
2019-10-09 19:32:37 UTC,3767,24.50000,17.10000,23.00000,47.00000,10.50000,12.40000,11.90000,468.40289
2019-10-09 19:33:37 UTC,3768,24.50000,17.10000,23.00000,46.90000,10.50000,12.40000,11.90000,468.40494
2019-10-09 19:34:37 UTC,3769,24.50000,17.10000,23.00000,46.90000,10.50000,12.40000,11.90000,468.45105
2019-10-09 19:35:37 UTC,3770,24.50000,17.10000,23.00000,46.80000,10.50000,12.40000,11.90000,468.35461
2019-10-09 19:36:37 UTC,3771,24.50000,17.10000,23.00000,46.90000,10.50000,12.40000,11.90000,468.16238
2019-10-09 19:37:37 UTC,3772,24.50000,17.10000,23.00000,46.90000,10.50000,12.40000,11.90000,468.07361
2019-10-09 19:38:37 UTC,3773,24.50000,17.10000,23.00000,46.90000,10.50000,12.40000,11.90000,467.95740
2019-10-09 19:39:37 UTC,3774,24.50000,17.10000,23.00000,47.00000,10.50000,12.40000,11.90000,467.82343
2019-10-09 19:40:37 UTC,3775,24.50000,17.10000,23.00000,47.00000,10.50000,12.40000,11.90000,467.62390
2019-10-09 19:41:37 UTC,3776,24.50000,17.10000,23.00000,46.80000,10.50000,12.40000,11.90000,467.40594
2019-10-09 19:42:37 UTC,3777,24.50000,17.10000,23.00000,47.20000,10.60000,12.50000,11.80000,466.95145
2019-10-09 19:43:37 UTC,3778,24.50000,17.10000,23.00000,47.10000,10.60000,12.50000,11.80000,466.59854
2019-10-09 19:44:37 UTC,3779,24.50000,17.10000,23.00000,47.10000,10.50000,12.40000,11.90000,466.45486
2019-10-09 19:45:37 UTC,3780,24.40000,17.10000,23.00000,47.00000,10.50000,12.40000,11.90000,466.32410
2019-10-09 19:46:37 UTC,3781,24.50000,17.10000,23.00000,47.00000,10.50000,12.40000,11.90000,466.16754
2019-10-09 19:47:37 UTC,3782,24.50000,17.10000,23.00000,46.70000,10.50000,12.30000,11.90000,466.04004
2019-10-09 19:48:37 UTC,3783,24.40000,17.10000,23.00000,46.90000,10.50000,12.40000,11.90000,465.75391
2019-10-09 19:49:37 UTC,3784,24.40000,17.10000,23.00000,46.90000,10.50000,12.40000,11.90000,465.40057
2019-10-09 19:50:37 UTC,3785,24.40000,17.10000,23.00000,46.90000,10.50000,12.40000,11.90000,465.09900
2019-10-09 19:51:37 UTC,3786,24.40000,17.10000,23.00000,46.90000,10.50000,12.40000,11.90000,464.84720
2019-10-09 19:52:37 UTC,3787,24.40000,17.10000,23.00000,46.90000,10.50000,12.40000,11.90000,464.50247
2019-10-09 19:53:37 UTC,3788,24.40000,17.10000,23.00000,47.00000,10.50000,12.40000,11.80000,464.06940
2019-10-09 19:54:37 UTC,3789,24.40000,17.10000,23.00000,46.90000,10.50000,12.40000,11.90000,463.62543
2019-10-09 19:55:37 UTC,3790,24.40000,17.10000,23.00000,47.00000,10.50000,12.40000,11.90000,463.07861
2019-10-09 19:56:37 UTC,3791,24.40000,17.10000,23.00000,46.90000,10.50000,12.40000,11.90000,462.45123
2019-10-09 19:57:37 UTC,3792,24.40000,17.10000,23.00000,46.80000,10.50000,12.30000,11.90000,461.80438
2019-10-09 19:58:37 UTC,3793,24.40000,17.10000,23.00000,46.90000,10.50000,12.40000,11.90000,461.34171
2019-10-09 19:59:37 UTC,3794,24.40000,17.00000,23.00000,46.70000,10.50000,12.30000,11.90000,460.82205
2019-10-09 20:00:37 UTC,3795,24.40000,17.10000,23.00000,47.00000,10.50000,12.40000,11.80000,460.41635
2019-10-09 20:01:37 UTC,3796,24.40000,17.10000,23.00000,47.10000,10.50000,12.40000,11.80000,460.31836
2019-10-09 20:02:37 UTC,3797,24.40000,17.10000,23.00000,47.00000,10.50000,12.40000,11.80000,460.32059
2019-10-09 20:03:37 UTC,3798,24.40000,17.10000,23.00000,47.10000,10.50000,12.40000,11.80000,460.30228
2019-10-09 20:04:37 UTC,3799,24.40000,17.10000,23.00000,47.00000,10.50000,12.40000,11.80000,460.29684
2019-10-09 20:05:37 UTC,3800,24.40000,17.00000,23.00000,47.10000,10.50000,12.40000,11.80000,460.36768
2019-10-09 20:06:38 UTC,3801,24.40000,17.10000,23.00000,47.20000,10.50000,12.40000,11.80000,460.47629
2019-10-09 20:07:37 UTC,3802,24.40000,17.00000,23.00000,47.00000,10.50000,12.30000,11.80000,460.57907
2019-10-09 20:08:38 UTC,3803,24.40000,17.00000,23.00000,47.00000,10.50000,12.30000,11.80000,460.70810
2019-10-09 20:09:37 UTC,3804,24.40000,17.00000,23.00000,47.10000,10.50000,12.40000,11.80000,460.80066
2019-10-09 20:10:38 UTC,3805,24.40000,17.10000,23.00000,47.10000,10.50000,12.40000,11.80000,460.77502
2019-10-09 20:11:38 UTC,3806,24.40000,17.10000,23.00000,47.10000,10.50000,12.40000,11.80000,460.69836
2019-10-09 20:12:38 UTC,3807,24.40000,17.10000,23.00000,47.30000,10.50000,12.40000,11.70000,460.55429
2019-10-09 20:13:37 UTC,3808,24.40000,17.10000,22.90000,47.20000,10.50000,12.40000,11.80000,460.34015
2019-10-09 20:14:40 UTC,3809,24.40000,17.10000,23.00000,47.20000,10.50000,12.40000,11.80000,460.05493
2019-10-09 20:15:39 UTC,3810,24.40000,17.00000,22.90000,47.10000,10.50000,12.40000,11.80000,459.61447
2019-10-09 20:16:39 UTC,3811,24.40000,17.00000,23.00000,47.00000,10.50000,12.30000,11.80000,458.95456
2019-10-09 20:17:39 UTC,3812,24.40000,17.00000,23.00000,47.00000,10.50000,12.30000,11.80000,458.24051
2019-10-09 20:18:39 UTC,3813,24.40000,17.00000,23.00000,47.00000,10.50000,12.30000,11.80000,457.68170
2019-10-09 20:19:39 UTC,3814,24.40000,17.00000,23.00000,47.00000,10.50000,12.30000,11.80000,457.13913
2019-10-09 20:20:39 UTC,3815,24.40000,17.00000,23.00000,46.90000,10.40000,12.30000,11.80000,456.68964
2019-10-09 20:21:39 UTC,3816,24.40000,17.00000,23.00000,46.90000,10.50000,12.30000,11.80000,456.56366
2019-10-09 20:22:39 UTC,3817,24.40000,17.00000,22.90000,46.80000,10.40000,12.30000,11.90000,456.55573
2019-10-09 20:23:39 UTC,3818,24.30000,17.00000,22.90000,47.00000,10.50000,12.30000,11.80000,456.68066
2019-10-09 20:24:39 UTC,3819,24.40000,17.00000,22.90000,47.10000,10.50000,12.40000,11.80000,456.71646
2019-10-09 20:25:39 UTC,3820,24.40000,17.10000,23.00000,47.10000,10.50000,12.40000,11.80000,456.69388
2019-10-09 20:26:39 UTC,3821,24.40000,17.00000,22.90000,47.10000,10.50000,12.40000,11.80000,456.53500
2019-10-09 20:27:39 UTC,3822,24.30000,17.00000,22.90000,47.10000,10.50000,12.30000,11.80000,456.36008
2019-10-09 20:28:39 UTC,3823,24.30000,17.00000,22.90000,47.00000,10.50000,12.30000,11.80000,456.22839
2019-10-09 20:29:39 UTC,3824,24.40000,17.00000,23.00000,46.90000,10.40000,12.30000,11.80000,456.07144
2019-10-09 20:30:39 UTC,3825,24.40000,17.00000,22.90000,47.00000,10.50000,12.30000,11.80000,455.88940
2019-10-09 20:31:39 UTC,3826,24.40000,17.00000,22.90000,47.00000,10.50000,12.30000,11.80000,455.52316
2019-10-09 20:32:39 UTC,3827,24.40000,17.00000,23.00000,47.00000,10.50000,12.30000,11.80000,455.19540
2019-10-09 20:33:39 UTC,3828,24.30000,17.00000,22.90000,47.10000,10.50000,12.30000,11.80000,454.95032
2019-10-09 20:34:39 UTC,3829,24.30000,17.00000,23.00000,47.00000,10.50000,12.30000,11.80000,454.84680
2019-10-09 20:35:39 UTC,3830,24.40000,17.00000,22.90000,47.00000,10.50000,12.30000,11.80000,454.75967
2019-10-09 20:36:39 UTC,3831,24.40000,17.00000,23.00000,47.00000,10.50000,12.30000,11.80000,454.58438
2019-10-09 20:37:39 UTC,3832,24.40000,17.00000,23.00000,46.90000,10.40000,12.30000,11.80000,454.34052
2019-10-09 20:38:39 UTC,3833,24.40000,17.00000,22.90000,46.80000,10.40000,12.30000,11.80000,454.07050
2019-10-09 20:39:39 UTC,3834,24.40000,17.00000,23.00000,46.90000,10.40000,12.30000,11.80000,454.03790
2019-10-09 20:40:39 UTC,3835,24.40000,17.00000,23.00000,46.80000,10.40000,12.30000,11.90000,454.03436
2019-10-09 20:41:39 UTC,3836,24.40000,17.00000,23.00000,46.90000,10.40000,12.30000,11.80000,454.03140
2019-10-09 20:42:39 UTC,3837,24.40000,17.00000,22.90000,46.60000,10.40000,12.20000,11.90000,453.93405
2019-10-09 20:43:39 UTC,3838,24.40000,17.00000,22.90000,46.60000,10.40000,12.20000,11.90000,453.87985
2019-10-09 20:44:39 UTC,3839,24.30000,17.00000,22.90000,47.00000,10.50000,12.30000,11.80000,453.77298
2019-10-09 20:45:39 UTC,3840,24.30000,17.00000,22.90000,46.80000,10.40000,12.30000,11.80000,453.76489
2019-10-09 20:46:39 UTC,3841,24.30000,17.00000,22.90000,46.90000,10.40000,12.30000,11.80000,453.73947
2019-10-09 20:47:40 UTC,3842,24.30000,17.00000,22.90000,47.00000,10.50000,12.30000,11.80000,453.49753
2019-10-09 20:48:39 UTC,3843,24.30000,17.00000,22.90000,47.10000,10.50000,12.30000,11.80000,453.04138
2019-10-09 20:49:40 UTC,3844,24.30000,17.00000,22.90000,47.10000,10.50000,12.30000,11.80000,452.53497
2019-10-09 20:50:40 UTC,3845,24.30000,17.00000,22.90000,46.90000,10.40000,12.30000,11.80000,452.12329
2019-10-09 20:51:40 UTC,3846,24.30000,17.00000,22.90000,46.90000,10.40000,12.30000,11.80000,451.71634
2019-10-09 20:52:40 UTC,3847,24.30000,17.00000,22.90000,47.00000,10.40000,12.30000,11.80000,451.40308
2019-10-09 20:53:40 UTC,3848,24.30000,17.00000,22.90000,46.80000,10.40000,12.20000,11.80000,450.96011
2019-10-09 20:54:40 UTC,3849,24.30000,17.00000,22.90000,46.80000,10.40000,12.20000,11.80000,450.40118
2019-10-09 20:55:40 UTC,3850,24.30000,16.90000,22.90000,46.70000,10.40000,12.20000,11.80000,449.89410
2019-10-09 20:56:40 UTC,3851,24.30000,17.00000,22.90000,46.80000,10.40000,12.20000,11.80000,449.63281
2019-10-09 20:57:40 UTC,3852,24.30000,17.00000,22.90000,46.90000,10.40000,12.20000,11.80000,449.44431
2019-10-09 20:58:40 UTC,3853,24.30000,17.00000,22.90000,47.10000,10.50000,12.30000,11.80000,449.20233
2019-10-09 20:59:40 UTC,3854,24.30000,17.00000,22.90000,46.90000,10.40000,12.20000,11.80000,448.91086
2019-10-09 21:00:40 UTC,3855,24.30000,16.90000,22.90000,47.00000,10.40000,12.20000,11.70000,448.60437
2019-10-09 21:01:40 UTC,3856,24.30000,16.90000,22.90000,46.90000,10.40000,12.20000,11.80000,448.29431
2019-10-09 21:02:40 UTC,3857,24.30000,17.00000,22.90000,46.90000,10.40000,12.20000,11.80000,448.17636
2019-10-09 21:03:40 UTC,3858,24.30000,16.90000,22.90000,46.80000,10.40000,12.20000,11.80000,448.15640
2019-10-09 21:04:40 UTC,3859,24.30000,16.90000,22.90000,46.90000,10.40000,12.20000,11.80000,448.14044
2019-10-09 21:05:40 UTC,3860,24.30000,16.90000,22.90000,47.00000,10.40000,12.20000,11.80000,448.14297
2019-10-09 21:06:40 UTC,3861,24.30000,16.90000,22.90000,46.80000,10.40000,12.20000,11.80000,448.14493
2019-10-09 21:07:40 UTC,3862,24.30000,16.90000,22.80000,46.70000,10.40000,12.20000,11.80000,448.15338
2019-10-09 21:08:40 UTC,3863,24.30000,16.90000,22.80000,46.90000,10.40000,12.20000,11.80000,448.10956
2019-10-09 21:09:40 UTC,3864,24.30000,16.90000,22.80000,46.70000,10.40000,12.20000,11.80000,448.18860
2019-10-09 21:10:40 UTC,3865,24.30000,16.90000,22.80000,46.90000,10.40000,12.20000,11.80000,448.26050
2019-10-09 21:11:40 UTC,3866,24.30000,16.90000,22.80000,46.80000,10.40000,12.20000,11.80000,448.31354
2019-10-09 21:12:40 UTC,3867,24.30000,16.90000,22.80000,46.80000,10.40000,12.20000,11.80000,448.39716
2019-10-09 21:13:40 UTC,3868,24.30000,16.90000,22.80000,46.80000,10.40000,12.20000,11.80000,448.48648
2019-10-09 21:14:40 UTC,3869,24.30000,16.90000,22.90000,46.80000,10.40000,12.20000,11.80000,448.52194
2019-10-09 21:15:40 UTC,3870,24.30000,16.90000,22.80000,46.80000,10.40000,12.20000,11.80000,448.53156
2019-10-09 21:16:40 UTC,3871,24.20000,16.90000,22.80000,47.00000,10.40000,12.20000,11.70000,448.57233
2019-10-09 21:17:40 UTC,3872,24.30000,17.00000,22.90000,47.10000,10.40000,12.30000,11.70000,448.62521
2019-10-09 21:18:40 UTC,3873,24.30000,17.00000,22.90000,47.00000,10.40000,12.30000,11.70000,448.62799
2019-10-09 21:19:40 UTC,3874,24.30000,17.00000,22.80000,47.00000,10.40000,12.30000,11.70000,448.63513
2019-10-09 21:20:40 UTC,3875,24.30000,16.90000,22.80000,47.00000,10.40000,12.20000,11.70000,448.55811
2019-10-09 21:21:40 UTC,3876,24.30000,16.90000,22.80000,46.90000,10.40000,12.20000,11.80000,448.40497
2019-10-09 21:22:40 UTC,3877,24.30000,16.90000,22.80000,46.90000,10.40000,12.20000,11.80000,448.16620
2019-10-09 21:23:40 UTC,3878,24.30000,16.90000,22.80000,46.80000,10.40000,12.20000,11.80000,447.86771
2019-10-09 21:24:40 UTC,3879,24.30000,16.90000,22.80000,46.70000,10.40000,12.20000,11.80000,447.53345
2019-10-09 21:25:40 UTC,3880,24.30000,16.90000,22.80000,46.90000,10.40000,12.20000,11.80000,447.07693
2019-10-09 21:26:40 UTC,3881,24.30000,16.90000,22.80000,46.80000,10.40000,12.20000,11.80000,446.78421
2019-10-09 21:27:40 UTC,3882,24.30000,16.90000,22.80000,46.70000,10.30000,12.20000,11.80000,446.52759
2019-10-09 21:28:40 UTC,3883,24.30000,16.90000,22.80000,46.80000,10.40000,12.20000,11.80000,446.35754
2019-10-09 21:29:40 UTC,3884,24.30000,16.90000,22.80000,47.00000,10.40000,12.20000,11.80000,446.09726
2019-10-09 21:30:40 UTC,3885,24.30000,16.90000,22.80000,47.00000,10.40000,12.20000,11.70000,446.03320
2019-10-09 21:31:40 UTC,3886,24.20000,16.90000,22.80000,47.10000,10.40000,12.30000,11.70000,445.99683
2019-10-09 21:32:40 UTC,3887,24.20000,16.90000,22.90000,47.10000,10.40000,12.20000,11.70000,445.90356
2019-10-09 21:33:40 UTC,3888,24.20000,16.90000,22.90000,46.90000,10.40000,12.20000,11.70000,445.82993
2019-10-09 21:34:40 UTC,3889,24.20000,16.90000,22.90000,46.80000,10.40000,12.20000,11.80000,445.71393
2019-10-09 21:35:40 UTC,3890,24.30000,16.90000,22.80000,46.70000,10.40000,12.20000,11.80000,445.44800
2019-10-09 21:36:40 UTC,3891,24.30000,16.90000,22.80000,46.70000,10.30000,12.10000,11.80000,445.11246
2019-10-09 21:37:40 UTC,3892,24.30000,16.90000,22.80000,46.70000,10.40000,12.20000,11.80000,444.67984
2019-10-09 21:38:40 UTC,3893,24.30000,16.90000,22.80000,46.80000,10.40000,12.20000,11.80000,444.19217
2019-10-09 21:39:40 UTC,3894,24.20000,16.90000,22.80000,47.00000,10.40000,12.20000,11.70000,443.63248
2019-10-09 21:40:40 UTC,3895,24.20000,16.90000,22.80000,46.90000,10.40000,12.20000,11.70000,443.25952
2019-10-09 21:41:40 UTC,3896,24.20000,16.90000,22.80000,46.90000,10.40000,12.20000,11.70000,442.95151
2019-10-09 21:42:40 UTC,3897,24.20000,16.90000,22.80000,46.90000,10.40000,12.20000,11.70000,442.59763
2019-10-09 21:43:40 UTC,3898,24.20000,16.90000,22.80000,46.90000,10.40000,12.20000,11.70000,442.24609
2019-10-09 21:44:40 UTC,3899,24.20000,16.90000,22.80000,46.80000,10.30000,12.20000,11.80000,441.94470
2019-10-09 21:45:40 UTC,3900,24.20000,16.90000,22.80000,46.80000,10.40000,12.20000,11.70000,441.56131
2019-10-09 21:46:40 UTC,3901,24.20000,16.90000,22.80000,46.90000,10.40000,12.20000,11.70000,441.16736
2019-10-09 21:47:40 UTC,3902,24.20000,16.90000,22.80000,46.90000,10.40000,12.20000,11.70000,440.72748
2019-10-09 21:48:40 UTC,3903,24.20000,16.90000,22.80000,46.90000,10.40000,12.20000,11.70000,440.22937
2019-10-09 21:49:40 UTC,3904,24.20000,16.90000,22.80000,47.00000,10.40000,12.20000,11.70000,439.60559
2019-10-09 21:50:40 UTC,3905,24.20000,16.90000,22.80000,47.00000,10.40000,12.20000,11.70000,438.93881
2019-10-09 21:51:40 UTC,3906,24.20000,16.90000,22.80000,46.90000,10.40000,12.20000,11.70000,438.34540
2019-10-09 21:52:40 UTC,3907,24.20000,16.90000,22.80000,47.00000,10.40000,12.20000,11.70000,438.06345
2019-10-09 21:53:40 UTC,3908,24.20000,16.90000,22.80000,46.80000,10.40000,12.20000,11.80000,438.04227
2019-10-09 21:54:40 UTC,3909,24.20000,16.90000,22.80000,47.00000,10.40000,12.20000,11.70000,438.10092
2019-10-09 21:55:40 UTC,3910,24.20000,16.90000,22.80000,46.90000,10.40000,12.20000,11.70000,438.18698
2019-10-09 21:56:41 UTC,3911,24.20000,16.90000,22.80000,47.00000,10.40000,12.20000,11.70000,438.30396
2019-10-09 21:57:40 UTC,3912,24.20000,16.90000,22.80000,47.00000,10.40000,12.20000,11.70000,438.52155
2019-10-09 21:58:40 UTC,3913,24.20000,16.90000,22.80000,47.10000,10.40000,12.20000,11.70000,438.69656
2019-10-09 21:59:40 UTC,3914,24.20000,16.90000,22.80000,47.00000,10.40000,12.20000,11.70000,438.73578
2019-10-09 22:00:40 UTC,3915,24.20000,16.90000,22.80000,47.10000,10.40000,12.20000,11.70000,438.82437
2019-10-09 22:01:40 UTC,3916,24.20000,16.90000,22.80000,46.90000,10.40000,12.20000,11.70000,438.96402
2019-10-09 22:02:40 UTC,3917,24.20000,16.90000,22.80000,47.00000,10.40000,12.20000,11.70000,439.03470
2019-10-09 22:03:40 UTC,3918,24.20000,16.90000,22.80000,47.10000,10.40000,12.20000,11.70000,439.04587
2019-10-09 22:04:40 UTC,3919,24.20000,16.90000,22.80000,47.10000,10.40000,12.20000,11.70000,439.04227
2019-10-09 22:05:41 UTC,3920,24.20000,16.90000,22.80000,47.10000,10.40000,12.20000,11.70000,439.02689
2019-10-09 22:06:40 UTC,3921,24.20000,16.90000,22.80000,47.00000,10.40000,12.20000,11.70000,439.15079
2019-10-09 22:07:41 UTC,3922,24.20000,16.90000,22.80000,47.10000,10.40000,12.20000,11.70000,439.36682
2019-10-09 22:08:40 UTC,3923,24.20000,16.90000,22.80000,47.30000,10.40000,12.30000,11.60000,439.57428
2019-10-09 22:09:41 UTC,3924,24.20000,16.90000,22.80000,47.00000,10.40000,12.20000,11.70000,439.72263
2019-10-09 22:10:41 UTC,3925,24.20000,16.90000,22.80000,47.00000,10.40000,12.20000,11.70000,439.91943
2019-10-09 22:11:41 UTC,3926,24.20000,16.90000,22.80000,47.20000,10.40000,12.20000,11.60000,440.16870
2019-10-09 22:12:41 UTC,3927,24.20000,16.90000,22.80000,47.20000,10.40000,12.20000,11.60000,440.47568
2019-10-09 22:13:41 UTC,3928,24.20000,16.90000,22.80000,47.10000,10.40000,12.20000,11.70000,440.84592
2019-10-09 22:14:41 UTC,3929,24.20000,16.90000,22.80000,47.20000,10.40000,12.20000,11.60000,441.11154
2019-10-09 22:15:41 UTC,3930,24.10000,16.90000,22.80000,47.30000,10.40000,12.20000,11.60000,441.20773
2019-10-09 22:16:41 UTC,3931,24.20000,16.90000,22.80000,47.20000,10.40000,12.20000,11.60000,441.31473
2019-10-09 22:17:41 UTC,3932,24.20000,16.90000,22.80000,47.10000,10.40000,12.20000,11.60000,441.42310
2019-10-09 22:18:41 UTC,3933,24.20000,16.90000,22.80000,47.10000,10.40000,12.20000,11.70000,441.47711
2019-10-09 22:19:41 UTC,3934,24.20000,16.90000,22.80000,47.20000,10.40000,12.20000,11.60000,441.52319
2019-10-09 22:20:41 UTC,3935,24.20000,16.90000,22.80000,47.10000,10.40000,12.20000,11.70000,441.58401
2019-10-09 22:21:41 UTC,3936,24.20000,16.90000,22.80000,47.10000,10.40000,12.20000,11.60000,441.62390
2019-10-09 22:22:41 UTC,3937,24.20000,16.90000,22.80000,47.00000,10.40000,12.20000,11.70000,441.75098
2019-10-09 22:23:41 UTC,3938,24.20000,16.90000,22.80000,47.00000,10.40000,12.20000,11.70000,441.88278
2019-10-09 22:24:41 UTC,3939,24.20000,16.90000,22.80000,47.10000,10.40000,12.20000,11.70000,442.04739
2019-10-09 22:25:41 UTC,3940,24.20000,16.90000,22.80000,46.90000,10.40000,12.20000,11.70000,442.21716
2019-10-09 22:26:41 UTC,3941,24.20000,16.90000,22.80000,47.20000,10.40000,12.20000,11.60000,442.37625
2019-10-09 22:27:41 UTC,3942,24.20000,16.90000,22.80000,47.20000,10.40000,12.20000,11.60000,442.42862
2019-10-09 22:28:41 UTC,3943,24.20000,16.90000,22.80000,47.20000,10.40000,12.30000,11.60000,442.44098
2019-10-09 22:29:41 UTC,3944,24.20000,16.90000,22.80000,47.20000,10.40000,12.20000,11.60000,442.41962
2019-10-09 22:30:41 UTC,3945,24.20000,16.90000,22.80000,47.10000,10.40000,12.20000,11.70000,442.37036
2019-10-09 22:31:41 UTC,3946,24.20000,16.90000,22.90000,47.10000,10.40000,12.20000,11.70000,442.31430
2019-10-09 22:32:44 UTC,3947,24.20000,16.90000,22.80000,47.00000,10.40000,12.20000,11.70000,442.33896
2019-10-09 22:33:43 UTC,3948,24.20000,16.90000,22.80000,47.00000,10.40000,12.20000,11.70000,442.36078
2019-10-09 22:34:43 UTC,3949,24.20000,16.90000,22.80000,47.10000,10.40000,12.20000,11.70000,442.27084
2019-10-09 22:35:43 UTC,3950,24.20000,16.90000,22.80000,47.10000,10.40000,12.20000,11.70000,442.27524
2019-10-09 22:36:43 UTC,3951,24.20000,16.90000,22.90000,47.30000,10.40000,12.30000,11.60000,442.35959
2019-10-09 22:37:43 UTC,3952,24.20000,16.90000,22.90000,47.30000,10.40000,12.30000,11.60000,442.42792
2019-10-09 22:38:43 UTC,3953,24.20000,16.90000,22.90000,47.10000,10.40000,12.20000,11.70000,442.50247
2019-10-09 22:39:43 UTC,3954,24.20000,16.90000,22.80000,47.10000,10.40000,12.20000,11.70000,442.53406
2019-10-09 22:40:43 UTC,3955,24.20000,16.90000,22.80000,47.20000,10.40000,12.20000,11.60000,442.51614
2019-10-09 22:41:43 UTC,3956,24.20000,16.90000,22.80000,47.40000,10.40000,12.30000,11.60000,442.42242
2019-10-09 22:42:43 UTC,3957,24.20000,17.00000,22.80000,47.40000,10.50000,12.30000,11.60000,442.28275
2019-10-09 22:43:43 UTC,3958,24.20000,16.90000,22.80000,47.30000,10.40000,12.30000,11.60000,442.19757
2019-10-09 22:44:43 UTC,3959,24.20000,16.90000,22.80000,47.30000,10.40000,12.30000,11.60000,442.04739
2019-10-09 22:45:43 UTC,3960,24.20000,16.90000,22.80000,47.10000,10.40000,12.20000,11.70000,441.90051
2019-10-09 22:46:43 UTC,3961,24.20000,16.90000,22.80000,47.30000,10.40000,12.30000,11.60000,441.73279
2019-10-09 22:47:43 UTC,3962,24.20000,16.90000,22.80000,47.30000,10.40000,12.30000,11.60000,441.60495
2019-10-09 22:48:43 UTC,3963,24.20000,16.90000,22.80000,47.00000,10.40000,12.20000,11.70000,441.51276
2019-10-09 22:49:43 UTC,3964,24.20000,16.90000,22.90000,47.10000,10.40000,12.20000,11.70000,441.48682
2019-10-09 22:50:44 UTC,3965,24.20000,16.90000,22.90000,47.20000,10.40000,12.30000,11.70000,441.54834
2019-10-09 22:51:43 UTC,3966,24.20000,16.90000,22.80000,47.30000,10.40000,12.30000,11.60000,441.61603
2019-10-09 22:52:44 UTC,3967,24.20000,16.90000,22.80000,47.40000,10.40000,12.30000,11.60000,441.64832
2019-10-09 22:53:43 UTC,3968,24.20000,16.90000,22.80000,47.30000,10.40000,12.30000,11.60000,441.64938
2019-10-09 22:54:43 UTC,3969,24.20000,16.90000,22.90000,47.40000,10.40000,12.30000,11.60000,441.62903
2019-10-09 22:55:44 UTC,3970,24.20000,16.90000,22.80000,47.00000,10.40000,12.20000,11.70000,441.57419
2019-10-09 22:56:43 UTC,3971,24.20000,16.90000,22.80000,47.20000,10.40000,12.30000,11.70000,441.50238
2019-10-09 22:57:43 UTC,3972,24.20000,16.90000,22.90000,47.20000,10.40000,12.20000,11.70000,441.36926
2019-10-09 22:58:44 UTC,3973,24.20000,16.90000,22.90000,47.20000,10.40000,12.30000,11.70000,441.12262
2019-10-09 22:59:43 UTC,3974,24.20000,16.90000,22.90000,47.00000,10.40000,12.20000,11.70000,440.87213
2019-10-09 23:00:43 UTC,3975,24.20000,16.90000,22.90000,47.20000,10.40000,12.30000,11.60000,440.57370
2019-10-09 23:01:44 UTC,3976,24.20000,16.90000,22.90000,47.00000,10.40000,12.20000,11.70000,440.24109
2019-10-09 23:02:43 UTC,3977,24.20000,16.90000,22.80000,47.10000,10.40000,12.20000,11.70000,439.79108
2019-10-09 23:03:43 UTC,3978,24.20000,16.90000,22.90000,47.00000,10.40000,12.20000,11.70000,439.39841
2019-10-09 23:04:44 UTC,3979,24.20000,16.90000,22.90000,47.00000,10.40000,12.20000,11.70000,439.09888
2019-10-09 23:05:44 UTC,3980,24.20000,16.90000,22.90000,47.00000,10.40000,12.20000,11.70000,438.80322
2019-10-09 23:06:44 UTC,3981,24.20000,16.90000,22.90000,47.10000,10.40000,12.20000,11.70000,438.81760
2019-10-09 23:07:44 UTC,3982,24.20000,16.90000,22.90000,46.90000,10.40000,12.20000,11.70000,438.94864
2019-10-09 23:08:44 UTC,3983,24.20000,16.90000,22.90000,46.90000,10.40000,12.20000,11.70000,439.10522
2019-10-09 23:09:44 UTC,3984,24.20000,16.90000,22.90000,47.00000,10.40000,12.20000,11.70000,439.28583
2019-10-09 23:10:44 UTC,3985,24.20000,16.90000,22.90000,47.00000,10.40000,12.20000,11.70000,439.44513
2019-10-09 23:11:44 UTC,3986,24.20000,16.90000,22.90000,47.00000,10.40000,12.20000,11.70000,439.66440
2019-10-09 23:12:44 UTC,3987,24.20000,16.90000,22.90000,47.10000,10.40000,12.20000,11.70000,439.82657
2019-10-09 23:13:44 UTC,3988,24.20000,16.90000,22.90000,47.00000,10.40000,12.20000,11.70000,439.98672
2019-10-09 23:14:44 UTC,3989,24.20000,16.90000,22.90000,46.90000,10.40000,12.20000,11.70000,440.18893
2019-10-09 23:15:44 UTC,3990,24.20000,16.90000,22.90000,47.00000,10.40000,12.20000,11.70000,440.31921
2019-10-09 23:16:44 UTC,3991,24.20000,16.90000,22.90000,47.10000,10.40000,12.20000,11.70000,440.34396
2019-10-09 23:17:44 UTC,3992,24.20000,16.90000,22.90000,46.90000,10.40000,12.20000,11.70000,440.38043
2019-10-09 23:18:44 UTC,3993,24.20000,16.90000,22.90000,47.00000,10.40000,12.20000,11.70000,440.39737
2019-10-09 23:19:44 UTC,3994,24.20000,16.90000,22.90000,47.00000,10.40000,12.20000,11.70000,440.30392
2019-10-09 23:20:44 UTC,3995,24.20000,16.90000,22.90000,47.20000,10.40000,12.20000,11.70000,440.19217
2019-10-09 23:21:44 UTC,3996,24.20000,16.90000,22.90000,47.00000,10.40000,12.20000,11.70000,439.96875
2019-10-09 23:22:44 UTC,3997,24.20000,16.90000,22.90000,47.10000,10.40000,12.20000,11.70000,439.62338
2019-10-09 23:23:44 UTC,3998,24.20000,16.90000,22.90000,47.10000,10.40000,12.30000,11.70000,439.23007
2019-10-09 23:24:44 UTC,3999,24.20000,16.90000,22.90000,47.00000,10.40000,12.20000,11.70000,438.83316
2019-10-09 23:25:44 UTC,4000,24.20000,16.90000,23.00000,47.20000,10.40000,12.30000,11.70000,438.41409
2019-10-09 23:26:44 UTC,4001,24.30000,17.00000,23.00000,47.10000,10.40000,12.30000,11.70000,437.95749
2019-10-09 23:27:44 UTC,4002,24.30000,16.90000,23.00000,46.90000,10.40000,12.20000,11.80000,437.61203
2019-10-09 23:28:44 UTC,4003,24.30000,17.00000,23.00000,47.10000,10.40000,12.30000,11.70000,437.53488
2019-10-09 23:29:44 UTC,4004,24.30000,17.00000,23.00000,47.10000,10.40000,12.30000,11.70000,437.39438
2019-10-09 23:30:44 UTC,4005,24.30000,17.00000,23.00000,47.20000,10.50000,12.30000,11.70000,437.30505
2019-10-09 23:31:44 UTC,4006,24.30000,17.00000,23.00000,47.10000,10.50000,12.30000,11.70000,437.30820
2019-10-09 23:32:44 UTC,4007,24.30000,17.00000,23.00000,47.00000,10.40000,12.30000,11.80000,437.35059
2019-10-09 23:33:44 UTC,4008,24.30000,17.00000,23.00000,46.80000,10.40000,12.20000,11.80000,437.39413
2019-10-09 23:34:44 UTC,4009,24.30000,17.00000,23.00000,46.90000,10.40000,12.30000,11.80000,437.44586
2019-10-09 23:35:44 UTC,4010,24.30000,17.00000,23.00000,47.00000,10.50000,12.30000,11.80000,437.57513
2019-10-09 23:36:44 UTC,4011,24.30000,17.00000,23.00000,47.10000,10.50000,12.30000,11.80000,437.63013
2019-10-09 23:37:44 UTC,4012,24.40000,17.00000,23.10000,46.80000,10.40000,12.30000,11.90000,437.69846
2019-10-09 23:38:44 UTC,4013,24.40000,17.00000,23.10000,46.80000,10.50000,12.30000,11.90000,437.79883
2019-10-09 23:39:44 UTC,4014,24.40000,17.10000,23.10000,46.90000,10.50000,12.40000,11.90000,437.85168
2019-10-09 23:40:44 UTC,4015,24.40000,17.10000,23.10000,46.80000,10.50000,12.30000,11.90000,437.74997
2019-10-09 23:41:44 UTC,4016,24.50000,17.10000,23.10000,46.70000,10.50000,12.30000,11.90000,437.54239
2019-10-09 23:42:44 UTC,4017,24.40000,17.10000,23.10000,46.80000,10.50000,12.30000,11.90000,437.35339
2019-10-09 23:43:44 UTC,4018,24.40000,17.10000,23.10000,46.80000,10.50000,12.30000,11.90000,437.02505
2019-10-09 23:44:44 UTC,4019,24.40000,17.10000,23.10000,47.00000,10.50000,12.40000,11.90000,436.58591
2019-10-09 23:45:44 UTC,4020,24.50000,17.10000,23.10000,46.90000,10.50000,12.40000,11.90000,436.09091
2019-10-09 23:46:44 UTC,4021,24.50000,17.10000,23.10000,46.70000,10.50000,12.40000,12.00000,435.72052
2019-10-09 23:47:44 UTC,4022,24.50000,17.10000,23.20000,46.60000,10.50000,12.30000,12.00000,435.39902
2019-10-09 23:48:44 UTC,4023,24.60000,17.10000,23.20000,46.40000,10.50000,12.30000,12.10000,435.10672
2019-10-09 23:49:44 UTC,4024,24.60000,17.10000,23.20000,46.50000,10.50000,12.40000,12.10000,434.91901
2019-10-09 23:50:44 UTC,4025,24.60000,17.10000,23.20000,46.30000,10.50000,12.30000,12.20000,434.68982
2019-10-09 23:51:44 UTC,4026,24.60000,17.10000,23.30000,46.30000,10.50000,12.40000,12.20000,434.54276
2019-10-09 23:52:44 UTC,4027,24.70000,17.10000,23.30000,46.20000,10.50000,12.40000,12.20000,434.48389
2019-10-09 23:53:44 UTC,4028,24.70000,17.20000,23.30000,46.00000,10.50000,12.30000,12.30000,434.41827
2019-10-09 23:54:44 UTC,4029,24.80000,17.20000,23.30000,46.00000,10.50000,12.40000,12.30000,434.22220
2019-10-09 23:55:44 UTC,4030,24.80000,17.20000,23.30000,46.00000,10.50000,12.40000,12.30000,434.01840
2019-10-09 23:56:44 UTC,4031,24.80000,17.20000,23.40000,45.90000,10.50000,12.40000,12.40000,433.91885
2019-10-09 23:57:44 UTC,4032,24.90000,17.20000,23.40000,45.80000,10.50000,12.40000,12.40000,433.83279
2019-10-09 23:58:44 UTC,4033,24.90000,17.20000,23.40000,45.90000,10.50000,12.40000,12.40000,433.77332
2019-10-09 23:59:44 UTC,4034,24.90000,17.30000,23.40000,45.90000,10.50000,12.40000,12.40000,433.70731
2019-10-10 00:00:44 UTC,4035,24.90000,17.20000,23.40000,45.70000,10.50000,12.40000,12.50000,433.61441
2019-10-10 00:01:44 UTC,4036,24.90000,17.20000,23.40000,45.70000,10.50000,12.40000,12.50000,433.61218
2019-10-10 00:02:44 UTC,4037,24.80000,17.20000,23.40000,45.80000,10.50000,12.40000,12.40000,433.62271
2019-10-10 00:03:44 UTC,4038,24.80000,17.20000,23.40000,45.90000,10.50000,12.40000,12.40000,433.60751
2019-10-10 00:04:44 UTC,4039,24.80000,17.20000,23.40000,45.80000,10.50000,12.40000,12.40000,433.54745
2019-10-10 00:05:44 UTC,4040,24.80000,17.20000,23.40000,46.00000,10.50000,12.40000,12.40000,433.43939
2019-10-10 00:06:44 UTC,4041,24.80000,17.20000,23.40000,45.90000,10.50000,12.40000,12.40000,433.33142
2019-10-10 00:07:44 UTC,4042,24.90000,17.20000,23.40000,45.70000,10.50000,12.40000,12.50000,433.16684
2019-10-10 00:08:44 UTC,4043,24.90000,17.30000,23.40000,45.80000,10.50000,12.40000,12.40000,432.98007
2019-10-10 00:09:44 UTC,4044,24.90000,17.30000,23.50000,45.80000,10.50000,12.40000,12.40000,432.70349
2019-10-10 00:10:45 UTC,4045,24.90000,17.30000,23.50000,45.90000,10.50000,12.40000,12.40000,432.28317
2019-10-10 00:11:44 UTC,4046,24.90000,17.30000,23.50000,45.80000,10.50000,12.40000,12.40000,431.86053
2019-10-10 00:12:45 UTC,4047,24.90000,17.30000,23.50000,45.80000,10.50000,12.40000,12.40000,431.40640
2019-10-10 00:13:45 UTC,4048,24.90000,17.30000,23.40000,45.70000,10.50000,12.40000,12.50000,430.98755
2019-10-10 00:14:45 UTC,4049,24.90000,17.30000,23.40000,45.80000,10.50000,12.40000,12.40000,430.52524
2019-10-10 00:15:45 UTC,4050,24.90000,17.30000,23.40000,45.90000,10.50000,12.40000,12.40000,430.13455
2019-10-10 00:16:44 UTC,4051,24.90000,17.30000,23.40000,45.80000,10.50000,12.40000,12.40000,429.86853
2019-10-10 00:17:44 UTC,4052,24.90000,17.30000,23.40000,45.90000,10.50000,12.40000,12.40000,429.92734
2019-10-10 00:18:45 UTC,4053,24.90000,17.20000,23.40000,45.80000,10.50000,12.40000,12.40000,430.07275
2019-10-10 00:19:47 UTC,4054,24.90000,17.30000,23.50000,45.80000,10.50000,12.40000,12.40000,430.29178
2019-10-10 00:20:46 UTC,4055,24.90000,17.30000,23.50000,45.90000,10.50000,12.40000,12.40000,430.32315
2019-10-10 00:21:46 UTC,4056,24.90000,17.30000,23.50000,45.60000,10.50000,12.40000,12.50000,430.23947
2019-10-10 00:22:46 UTC,4057,25.00000,17.30000,23.60000,45.60000,10.50000,12.40000,12.60000,430.20078
2019-10-10 00:23:46 UTC,4058,25.10000,17.30000,23.60000,45.40000,10.50000,12.50000,12.60000,430.14554
2019-10-10 00:24:46 UTC,4059,25.10000,17.40000,23.60000,45.40000,10.50000,12.50000,12.70000,429.98706
2019-10-10 00:25:46 UTC,4060,25.20000,17.40000,23.70000,45.10000,10.50000,12.50000,12.80000,429.75519
2019-10-10 00:26:46 UTC,4061,25.20000,17.40000,23.70000,45.20000,10.50000,12.50000,12.80000,429.38892
2019-10-10 00:27:46 UTC,4062,25.20000,17.40000,23.70000,45.20000,10.60000,12.50000,12.80000,428.77319
2019-10-10 00:28:46 UTC,4063,25.20000,17.40000,23.70000,45.20000,10.60000,12.50000,12.80000,428.07712
2019-10-10 00:29:46 UTC,4064,25.30000,17.50000,23.70000,45.10000,10.60000,12.50000,12.90000,427.53470
2019-10-10 00:30:46 UTC,4065,25.20000,17.50000,23.50000,45.60000,10.60000,12.60000,12.70000,427.35110
2019-10-10 00:31:46 UTC,4066,24.70000,17.20000,22.90000,46.40000,10.60000,12.50000,12.20000,427.25027
2019-10-10 00:32:46 UTC,4067,24.10000,16.80000,22.50000,46.80000,10.30000,12.10000,11.70000,427.34183
2019-10-10 00:33:46 UTC,4068,23.90000,16.60000,22.20000,46.20000,10.00000,11.70000,11.70000,427.51346
2019-10-10 00:34:46 UTC,4069,23.90000,16.50000,22.00000,46.40000,10.00000,11.70000,11.60000,427.78726
2019-10-10 00:35:46 UTC,4070,23.70000,16.30000,21.90000,46.30000,9.90000,11.50000,11.50000,428.04153
2019-10-10 00:36:46 UTC,4071,23.70000,16.30000,21.90000,46.00000,9.90000,11.40000,11.60000,428.29593
2019-10-10 00:37:46 UTC,4072,23.50000,16.20000,21.60000,46.00000,9.80000,11.30000,11.50000,428.48041
2019-10-10 00:38:46 UTC,4073,23.30000,16.00000,21.40000,45.90000,9.70000,11.10000,11.40000,428.43637
2019-10-10 00:39:46 UTC,4074,23.30000,16.00000,21.20000,46.20000,9.70000,11.10000,11.30000,428.16672
2019-10-10 00:40:46 UTC,4075,22.90000,15.80000,21.10000,46.90000,9.60000,10.90000,10.80000,427.66812
2019-10-10 00:41:46 UTC,4076,22.60000,15.70000,20.90000,47.40000,9.50000,10.90000,10.60000,426.98010
2019-10-10 00:42:46 UTC,4077,22.50000,15.60000,20.80000,47.60000,9.50000,10.80000,10.50000,425.83249
2019-10-10 00:43:46 UTC,4078,22.40000,15.60000,20.70000,47.60000,9.50000,10.80000,10.40000,424.36548
2019-10-10 00:44:47 UTC,4079,22.30000,15.50000,20.60000,47.90000,9.50000,10.70000,10.30000,422.36792
2019-10-10 00:45:46 UTC,4080,22.70000,15.60000,20.70000,46.60000,9.40000,10.60000,10.80000,420.15186
2019-10-10 00:46:46 UTC,4081,22.80000,15.70000,20.70000,46.40000,9.50000,10.70000,10.90000,418.44437
2019-10-10 00:47:46 UTC,4082,23.00000,15.70000,20.70000,45.90000,9.40000,10.70000,11.10000,417.35556
2019-10-10 00:48:46 UTC,4083,23.10000,15.80000,20.80000,45.60000,9.40000,10.70000,11.30000,416.79449
2019-10-10 00:49:46 UTC,4084,23.40000,15.90000,20.90000,45.00000,9.50000,10.80000,11.60000,416.48999
2019-10-10 00:50:46 UTC,4085,23.00000,15.80000,20.80000,46.40000,9.50000,10.90000,11.00000,416.65924
2019-10-10 00:51:46 UTC,4086,22.80000,15.70000,20.80000,46.60000,9.50000,10.80000,10.90000,416.90573
2019-10-10 00:52:46 UTC,4087,22.60000,15.60000,20.80000,47.30000,9.50000,10.80000,10.60000,417.26636
2019-10-10 00:53:46 UTC,4088,22.60000,15.70000,20.80000,47.50000,9.50000,10.90000,10.60000,417.67798
2019-10-10 00:54:47 UTC,4089,22.60000,15.70000,20.80000,47.60000,9.60000,10.90000,10.50000,418.03397
2019-10-10 00:55:46 UTC,4090,22.70000,15.70000,20.80000,47.00000,9.50000,10.80000,10.70000,418.48190
2019-10-10 00:56:46 UTC,4091,22.70000,15.70000,20.80000,47.00000,9.50000,10.80000,10.70000,418.85065
2019-10-10 00:57:47 UTC,4092,22.60000,15.70000,20.70000,47.60000,9.60000,10.90000,10.50000,418.99918
2019-10-10 00:58:46 UTC,4093,22.40000,15.60000,20.70000,47.80000,9.50000,10.80000,10.40000,418.99918
2019-10-10 00:59:46 UTC,4094,22.70000,15.60000,20.70000,46.90000,9.50000,10.70000,10.70000,419.01785
2019-10-10 01:00:46 UTC,4095,23.00000,15.80000,20.80000,45.90000,9.50000,10.80000,11.20000,419.13760
2019-10-10 01:01:47 UTC,4096,23.00000,15.80000,20.80000,45.80000,9.40000,10.70000,11.20000,419.33630
2019-10-10 01:02:47 UTC,4097,23.20000,15.90000,20.90000,45.30000,9.50000,10.80000,11.40000,419.67023
2019-10-10 01:03:46 UTC,4098,23.30000,15.80000,21.00000,45.00000,9.40000,10.70000,11.50000,420.11703
2019-10-10 01:04:47 UTC,4099,23.60000,16.00000,21.00000,44.60000,9.50000,10.80000,11.80000,420.57773
2019-10-10 01:05:47 UTC,4100,23.30000,15.90000,21.00000,45.60000,9.50000,10.90000,11.40000,421.18625
2019-10-10 01:06:47 UTC,4101,23.40000,15.90000,21.00000,45.10000,9.50000,10.80000,11.50000,421.90353
2019-10-10 01:07:47 UTC,4102,23.30000,15.90000,21.10000,45.30000,9.50000,10.80000,11.50000,422.80035
2019-10-10 01:08:47 UTC,4103,23.10000,15.80000,21.00000,45.70000,9.50000,10.80000,11.30000,423.77481
2019-10-10 01:09:47 UTC,4104,23.40000,15.90000,21.10000,44.90000,9.50000,10.80000,11.60000,424.77451
2019-10-10 01:10:47 UTC,4105,23.70000,16.10000,21.10000,44.30000,9.50000,10.90000,11.90000,425.78769
2019-10-10 01:11:47 UTC,4106,23.80000,16.10000,21.20000,44.20000,9.50000,10.90000,12.00000,426.85159
2019-10-10 01:12:47 UTC,4107,23.90000,16.20000,21.30000,43.90000,9.50000,10.90000,12.20000,428.17441
2019-10-10 01:13:47 UTC,4108,23.90000,16.20000,21.30000,44.00000,9.60000,10.90000,12.20000,429.61594
2019-10-10 01:14:47 UTC,4109,24.00000,16.30000,21.30000,43.80000,9.60000,11.00000,12.30000,431.02765
2019-10-10 01:15:47 UTC,4110,23.80000,16.10000,21.40000,44.40000,9.60000,10.90000,12.00000,432.49316
2019-10-10 01:16:47 UTC,4111,23.80000,16.20000,21.40000,44.50000,9.60000,11.00000,12.00000,433.78525
2019-10-10 01:17:47 UTC,4112,23.80000,16.20000,21.40000,44.40000,9.60000,11.00000,12.00000,434.56805
2019-10-10 01:18:47 UTC,4113,23.80000,16.10000,21.40000,44.50000,9.60000,11.00000,12.00000,434.88861
2019-10-10 01:19:47 UTC,4114,23.90000,16.20000,21.40000,44.30000,9.60000,11.00000,12.10000,434.69305
2019-10-10 01:20:47 UTC,4115,23.70000,16.20000,21.50000,44.70000,9.60000,11.00000,11.90000,434.45346
2019-10-10 01:21:47 UTC,4116,23.50000,16.10000,21.60000,45.40000,9.60000,11.00000,11.60000,434.02881
2019-10-10 01:22:47 UTC,4117,23.80000,16.20000,21.60000,44.80000,9.70000,11.10000,11.90000,433.44485
2019-10-10 01:23:47 UTC,4118,23.90000,16.30000,21.50000,44.80000,9.70000,11.20000,11.90000,432.78513
2019-10-10 01:24:47 UTC,4119,24.00000,16.30000,21.50000,44.30000,9.70000,11.10000,12.20000,432.03674
2019-10-10 01:25:47 UTC,4120,24.10000,16.40000,21.40000,44.10000,9.70000,11.20000,12.30000,430.93353
2019-10-10 01:26:47 UTC,4121,24.10000,16.40000,21.50000,44.30000,9.70000,11.20000,12.20000,430.14923
2019-10-10 01:27:50 UTC,4122,24.00000,16.30000,21.50000,44.70000,9.70000,11.20000,12.10000,429.79584
2019-10-10 01:28:49 UTC,4123,23.60000,16.10000,21.40000,45.30000,9.70000,11.10000,11.70000,429.48944
2019-10-10 01:29:49 UTC,4124,23.30000,16.00000,21.40000,45.80000,9.60000,11.00000,11.40000,429.15784
2019-10-10 01:30:49 UTC,4125,23.40000,16.00000,21.40000,45.50000,9.60000,10.90000,11.50000,428.73367
2019-10-10 01:31:50 UTC,4126,23.70000,16.10000,21.50000,44.70000,9.60000,10.90000,11.80000,428.19196
2019-10-10 01:32:49 UTC,4127,23.70000,16.10000,21.50000,44.50000,9.60000,11.00000,11.90000,427.39529
2019-10-10 01:33:49 UTC,4128,23.70000,16.10000,21.40000,44.50000,9.60000,10.90000,11.90000,426.75476
2019-10-10 01:34:49 UTC,4129,23.80000,16.10000,21.50000,44.10000,9.50000,10.90000,12.10000,426.00568
2019-10-10 01:35:49 UTC,4130,23.80000,16.10000,21.50000,44.10000,9.50000,10.90000,12.10000,425.14694
2019-10-10 01:36:49 UTC,4131,23.50000,16.00000,21.40000,44.80000,9.50000,10.80000,11.70000,424.14960
2019-10-10 01:37:49 UTC,4132,23.40000,15.90000,21.30000,45.00000,9.50000,10.80000,11.60000,423.32242
2019-10-10 01:38:49 UTC,4133,23.20000,15.80000,21.20000,45.50000,9.50000,10.80000,11.30000,422.67117
2019-10-10 01:39:49 UTC,4134,23.20000,15.80000,21.10000,45.30000,9.40000,10.70000,11.40000,422.17065
2019-10-10 01:40:49 UTC,4135,23.30000,15.80000,21.20000,44.60000,9.40000,10.60000,11.60000,421.84930
2019-10-10 01:41:49 UTC,4136,23.30000,15.80000,21.10000,45.10000,9.40000,10.70000,11.50000,421.61923
2019-10-10 01:42:49 UTC,4137,22.90000,15.70000,21.00000,46.10000,9.40000,10.70000,11.00000,421.50455
2019-10-10 01:43:49 UTC,4138,22.90000,15.70000,21.00000,46.00000,9.40000,10.60000,11.10000,421.30209
2019-10-10 01:44:49 UTC,4139,22.60000,15.60000,20.90000,46.70000,9.40000,10.60000,10.70000,421.13663
2019-10-10 01:45:49 UTC,4140,22.70000,15.50000,20.90000,46.30000,9.30000,10.50000,10.80000,421.04135
2019-10-10 01:46:49 UTC,4141,22.90000,15.60000,21.00000,45.50000,9.30000,10.50000,11.20000,420.91617
2019-10-10 01:47:49 UTC,4142,23.20000,15.80000,21.10000,44.90000,9.40000,10.60000,11.50000,420.66095
2019-10-10 01:48:49 UTC,4143,23.50000,15.90000,21.20000,44.20000,9.40000,10.60000,11.80000,420.37286
2019-10-10 01:49:49 UTC,4144,23.70000,16.00000,21.30000,43.90000,9.40000,10.60000,12.00000,420.26770
2019-10-10 01:50:49 UTC,4145,23.80000,16.00000,21.30000,43.40000,9.40000,10.60000,12.20000,420.24030
2019-10-10 01:51:49 UTC,4146,23.90000,16.10000,21.40000,43.30000,9.40000,10.70000,12.30000,420.30472
2019-10-10 01:52:49 UTC,4147,24.00000,16.10000,21.40000,43.00000,9.40000,10.70000,12.50000,420.45340
2019-10-10 01:53:49 UTC,4148,24.10000,16.20000,21.50000,42.90000,9.40000,10.70000,12.50000,420.69293
2019-10-10 01:54:49 UTC,4149,24.20000,16.20000,21.60000,42.90000,9.50000,10.80000,12.60000,420.93521
2019-10-10 01:55:52 UTC,4150,24.30000,16.30000,21.70000,42.80000,9.50000,10.80000,12.70000,421.50305
2019-10-10 01:56:51 UTC,4151,24.30000,16.30000,21.80000,42.70000,9.50000,10.90000,12.70000,422.51175
2019-10-10 01:57:51 UTC,4152,24.40000,16.30000,21.80000,42.50000,9.50000,10.90000,12.80000,424.01614
2019-10-10 01:58:51 UTC,4153,24.40000,16.40000,21.80000,42.50000,9.50000,10.90000,12.90000,425.78763
2019-10-10 01:59:51 UTC,4154,24.50000,16.40000,21.90000,42.50000,9.50000,10.90000,12.90000,428.11368
2019-10-10 02:00:51 UTC,4155,24.50000,16.40000,21.90000,42.50000,9.50000,10.90000,12.90000,430.96988
2019-10-10 02:01:51 UTC,4156,24.50000,16.40000,22.00000,42.40000,9.50000,10.90000,12.90000,433.62823
2019-10-10 02:02:51 UTC,4157,24.50000,16.50000,22.00000,42.60000,9.60000,11.00000,12.90000,436.49344
2019-10-10 02:03:51 UTC,4158,24.50000,16.50000,22.00000,42.60000,9.60000,11.00000,12.90000,438.75986
2019-10-10 02:04:51 UTC,4159,24.60000,16.50000,22.10000,42.40000,9.60000,11.00000,13.00000,440.80350
2019-10-10 02:05:51 UTC,4160,24.60000,16.50000,22.20000,42.40000,9.60000,11.00000,13.00000,442.37634
2019-10-10 02:06:51 UTC,4161,24.60000,16.50000,22.20000,42.30000,9.60000,11.00000,13.00000,443.88611
2019-10-10 02:07:52 UTC,4162,24.60000,16.50000,22.20000,42.30000,9.60000,11.00000,13.10000,445.18832
2019-10-10 02:08:51 UTC,4163,24.70000,16.50000,22.20000,42.20000,9.60000,11.00000,13.10000,446.26041
2019-10-10 02:09:51 UTC,4164,24.70000,16.50000,22.20000,42.30000,9.60000,11.00000,13.10000,447.15109
2019-10-10 02:10:51 UTC,4165,24.70000,16.50000,22.20000,42.20000,9.60000,11.00000,13.10000,447.83954
2019-10-10 02:11:51 UTC,4166,24.70000,16.50000,22.30000,42.20000,9.60000,11.10000,13.10000,448.62949
2019-10-10 02:12:51 UTC,4167,24.70000,16.60000,22.30000,42.20000,9.60000,11.10000,13.20000,449.44571
2019-10-10 02:13:51 UTC,4168,24.80000,16.60000,22.30000,42.20000,9.60000,11.10000,13.20000,450.25528
2019-10-10 02:14:51 UTC,4169,24.80000,16.60000,22.30000,42.20000,9.60000,11.10000,13.20000,451.24786
2019-10-10 02:15:51 UTC,4170,24.80000,16.60000,22.40000,42.10000,9.60000,11.10000,13.20000,452.64636
2019-10-10 02:16:51 UTC,4171,24.80000,16.60000,22.40000,41.90000,9.60000,11.00000,13.30000,454.29446
2019-10-10 02:17:51 UTC,4172,24.80000,16.60000,22.40000,41.90000,9.60000,11.00000,13.30000,455.99893
2019-10-10 02:18:52 UTC,4173,24.90000,16.60000,22.40000,42.00000,9.60000,11.10000,13.30000,457.69354
2019-10-10 02:19:51 UTC,4174,24.90000,16.60000,22.40000,41.90000,9.60000,11.10000,13.30000,459.34021
2019-10-10 02:20:52 UTC,4175,24.90000,16.60000,22.40000,42.00000,9.60000,11.10000,13.30000,460.58319
2019-10-10 02:21:51 UTC,4176,24.90000,16.60000,22.40000,42.00000,9.60000,11.10000,13.30000,461.41895
2019-10-10 02:22:51 UTC,4177,24.90000,16.60000,22.50000,41.80000,9.60000,11.10000,13.40000,462.01303
2019-10-10 02:23:52 UTC,4178,24.90000,16.60000,22.50000,42.00000,9.70000,11.10000,13.30000,462.39590
2019-10-10 02:24:52 UTC,4179,24.90000,16.70000,22.50000,42.20000,9.70000,11.20000,13.30000,462.53302
2019-10-10 02:25:52 UTC,4180,25.00000,16.80000,22.50000,42.40000,9.80000,11.30000,13.30000,462.55334
2019-10-10 02:26:51 UTC,4181,25.00000,16.80000,22.50000,42.40000,9.80000,11.30000,13.30000,462.47678
2019-10-10 02:27:51 UTC,4182,25.00000,16.80000,22.50000,42.30000,9.80000,11.30000,13.30000,462.27713
2019-10-10 02:28:52 UTC,4183,25.00000,16.80000,22.50000,42.50000,9.80000,11.40000,13.30000,461.93710
2019-10-10 02:29:51 UTC,4184,25.00000,16.80000,22.50000,42.60000,9.90000,11.40000,13.30000,461.64932
2019-10-10 02:30:52 UTC,4185,25.00000,16.90000,22.50000,42.70000,9.90000,11.50000,13.20000,461.48758
2019-10-10 02:31:51 UTC,4186,25.00000,16.90000,22.50000,42.80000,9.90000,11.50000,13.20000,461.43176
2019-10-10 02:32:51 UTC,4187,25.10000,16.90000,22.50000,42.70000,9.90000,11.50000,13.30000,461.50153
2019-10-10 02:33:51 UTC,4188,25.10000,16.90000,22.50000,42.70000,9.90000,11.50000,13.30000,461.56824
2019-10-10 02:34:52 UTC,4189,25.10000,16.90000,22.50000,42.90000,10.00000,11.60000,13.30000,461.86963
2019-10-10 02:35:52 UTC,4190,25.10000,17.00000,22.60000,43.00000,10.00000,11.60000,13.20000,462.28061
2019-10-10 02:36:52 UTC,4191,25.10000,16.90000,22.60000,42.90000,10.00000,11.60000,13.20000,462.90881
2019-10-10 02:37:51 UTC,4192,25.10000,16.90000,22.60000,42.80000,9.90000,11.60000,13.30000,463.82382
2019-10-10 02:38:52 UTC,4193,25.10000,17.00000,22.60000,43.00000,10.00000,11.60000,13.20000,464.83871
2019-10-10 02:39:52 UTC,4194,25.10000,17.00000,22.50000,43.10000,10.00000,11.70000,13.20000,466.16135
2019-10-10 02:40:54 UTC,4195,25.10000,17.00000,22.60000,43.20000,10.00000,11.70000,13.20000,467.59351
2019-10-10 02:41:53 UTC,4196,25.10000,17.00000,22.60000,43.20000,10.00000,11.70000,13.20000,468.79465
2019-10-10 02:42:53 UTC,4197,25.10000,17.00000,22.60000,43.30000,10.10000,11.70000,13.20000,469.66843
2019-10-10 02:43:53 UTC,4198,25.10000,17.00000,22.70000,43.40000,10.10000,11.80000,13.20000,470.15796
2019-10-10 02:44:53 UTC,4199,25.10000,17.00000,22.70000,43.30000,10.10000,11.80000,13.20000,470.69397
2019-10-10 02:45:53 UTC,4200,25.10000,17.00000,22.80000,43.10000,10.00000,11.70000,13.20000,471.34451
2019-10-10 02:46:53 UTC,4201,25.10000,17.10000,22.70000,43.40000,10.10000,11.80000,13.20000,472.02203
2019-10-10 02:47:53 UTC,4202,25.10000,17.10000,22.70000,43.60000,10.10000,11.90000,13.10000,472.48260
2019-10-10 02:48:53 UTC,4203,25.10000,17.10000,22.70000,43.40000,10.10000,11.80000,13.20000,472.78000
2019-10-10 02:49:53 UTC,4204,25.10000,17.10000,22.70000,43.50000,10.10000,11.80000,13.10000,473.35989
2019-10-10 02:50:53 UTC,4205,25.10000,17.10000,22.70000,43.70000,10.20000,11.90000,13.10000,474.01007
2019-10-10 02:51:53 UTC,4206,25.10000,17.00000,22.80000,43.50000,10.10000,11.80000,13.10000,474.72763
2019-10-10 02:52:53 UTC,4207,25.00000,17.00000,22.90000,43.40000,10.00000,11.70000,13.10000,475.49078
2019-10-10 02:53:53 UTC,4208,25.10000,17.00000,22.90000,43.30000,10.10000,11.80000,13.10000,476.12555
2019-10-10 02:54:53 UTC,4209,25.10000,17.00000,22.90000,43.40000,10.10000,11.80000,13.20000,476.52640
2019-10-10 02:55:53 UTC,4210,25.10000,17.10000,22.90000,43.60000,10.10000,11.90000,13.10000,476.76624
2019-10-10 02:56:53 UTC,4211,25.10000,17.10000,22.90000,43.60000,10.10000,11.90000,13.10000,477.17511
2019-10-10 02:57:53 UTC,4212,25.10000,17.10000,23.00000,43.40000,10.10000,11.80000,13.20000,477.75732
2019-10-10 02:58:53 UTC,4213,25.10000,17.10000,22.90000,43.60000,10.10000,11.90000,13.10000,478.27222
2019-10-10 02:59:53 UTC,4214,25.10000,17.10000,22.90000,43.70000,10.20000,11.90000,13.10000,478.77325
2019-10-10 03:00:53 UTC,4215,25.10000,17.10000,23.00000,43.80000,10.20000,11.90000,13.10000,479.39066
2019-10-10 03:01:53 UTC,4216,25.10000,17.10000,23.00000,43.70000,10.20000,11.90000,13.10000,480.22064
2019-10-10 03:02:53 UTC,4217,25.10000,17.10000,23.00000,43.60000,10.10000,11.90000,13.10000,481.36884
2019-10-10 03:03:53 UTC,4218,25.10000,17.10000,22.90000,43.70000,10.20000,11.90000,13.10000,482.92389
2019-10-10 03:04:53 UTC,4219,25.10000,17.10000,22.90000,43.50000,10.10000,11.90000,13.10000,484.60718
2019-10-10 03:05:53 UTC,4220,25.10000,17.10000,22.90000,43.70000,10.10000,11.90000,13.10000,486.00992
2019-10-10 03:06:53 UTC,4221,25.10000,17.10000,22.90000,43.80000,10.20000,11.90000,13.10000,486.88934
2019-10-10 03:07:53 UTC,4222,25.10000,17.10000,22.90000,43.70000,10.20000,11.90000,13.10000,487.82706
2019-10-10 03:08:53 UTC,4223,25.10000,17.10000,22.80000,43.70000,10.20000,11.90000,13.10000,488.51486
2019-10-10 03:09:53 UTC,4224,25.10000,17.00000,22.80000,43.60000,10.10000,11.80000,13.10000,488.64081
2019-10-10 03:10:53 UTC,4225,25.00000,17.00000,22.80000,43.60000,10.10000,11.80000,13.10000,488.34302
2019-10-10 03:11:53 UTC,4226,25.00000,17.00000,22.80000,43.70000,10.10000,11.80000,13.00000,487.66769
2019-10-10 03:12:53 UTC,4227,25.00000,17.00000,22.80000,43.70000,10.10000,11.80000,13.00000,486.92523
2019-10-10 03:13:53 UTC,4228,25.00000,17.00000,22.80000,43.60000,10.10000,11.80000,13.00000,486.12189
2019-10-10 03:14:54 UTC,4229,25.00000,17.00000,22.80000,43.60000,10.10000,11.80000,13.10000,485.37003
2019-10-10 03:15:53 UTC,4230,25.10000,17.00000,22.90000,43.60000,10.10000,11.80000,13.10000,484.45325
2019-10-10 03:16:53 UTC,4231,25.10000,17.00000,22.90000,43.40000,10.10000,11.80000,13.10000,483.00052
2019-10-10 03:17:55 UTC,4232,25.00000,17.00000,22.90000,43.70000,10.10000,11.80000,13.00000,481.16434
2019-10-10 03:18:53 UTC,4233,25.10000,17.00000,22.90000,43.50000,10.10000,11.80000,13.10000,478.84064
2019-10-10 03:19:53 UTC,4234,25.10000,17.00000,22.90000,43.50000,10.10000,11.80000,13.10000,476.55759
2019-10-10 03:20:53 UTC,4235,25.10000,17.00000,22.90000,43.40000,10.10000,11.80000,13.10000,474.67371
2019-10-10 03:21:54 UTC,4236,25.10000,17.00000,23.00000,43.40000,10.10000,11.80000,13.10000,472.94244
2019-10-10 03:22:54 UTC,4237,25.10000,17.00000,23.00000,43.50000,10.10000,11.80000,13.10000,471.16254
2019-10-10 03:23:54 UTC,4238,25.10000,17.00000,23.00000,43.40000,10.10000,11.80000,13.10000,469.58374
2019-10-10 03:24:53 UTC,4239,25.10000,17.00000,23.00000,43.10000,10.00000,11.70000,13.20000,467.96317
2019-10-10 03:25:54 UTC,4240,25.10000,17.00000,23.00000,43.10000,10.00000,11.70000,13.20000,466.64127
2019-10-10 03:26:53 UTC,4241,25.10000,17.00000,23.00000,43.00000,10.00000,11.70000,13.30000,465.61829
2019-10-10 03:27:54 UTC,4242,25.10000,17.00000,23.00000,43.00000,10.00000,11.70000,13.20000,464.76456
2019-10-10 03:28:54 UTC,4243,25.10000,16.90000,23.00000,42.70000,9.90000,11.60000,13.30000,463.94415
2019-10-10 03:29:54 UTC,4244,25.10000,16.90000,23.00000,42.60000,9.90000,11.50000,13.40000,463.01788
2019-10-10 03:30:53 UTC,4245,25.10000,16.90000,23.00000,42.50000,9.90000,11.50000,13.40000,461.86411
2019-10-10 03:31:53 UTC,4246,25.10000,16.90000,23.00000,42.40000,9.90000,11.50000,13.40000,460.26288
2019-10-10 03:32:54 UTC,4247,25.10000,16.90000,23.10000,42.50000,9.90000,11.50000,13.40000,458.12192
2019-10-10 03:33:53 UTC,4248,25.10000,16.90000,23.10000,42.40000,9.90000,11.50000,13.40000,455.30054
2019-10-10 03:34:54 UTC,4249,25.20000,16.90000,23.10000,42.30000,9.90000,11.50000,13.50000,452.67535
2019-10-10 03:35:54 UTC,4250,25.20000,16.90000,23.20000,42.30000,9.90000,11.50000,13.50000,450.60107
2019-10-10 03:36:54 UTC,4251,25.20000,16.90000,23.20000,42.10000,9.90000,11.50000,13.60000,448.58334
2019-10-10 03:37:54 UTC,4252,25.20000,16.90000,23.20000,42.20000,9.90000,11.50000,13.50000,446.94168
2019-10-10 03:38:54 UTC,4253,25.20000,16.90000,23.20000,42.20000,9.90000,11.50000,13.50000,445.81796
2019-10-10 03:39:54 UTC,4254,25.20000,16.90000,23.20000,41.80000,9.80000,11.40000,13.60000,444.90262
2019-10-10 03:40:54 UTC,4255,25.20000,16.90000,23.20000,41.80000,9.80000,11.30000,13.60000,444.45511
2019-10-10 03:41:54 UTC,4256,25.20000,16.80000,23.20000,42.00000,9.80000,11.40000,13.50000,443.95816
2019-10-10 03:42:54 UTC,4257,25.20000,16.90000,23.20000,41.90000,9.80000,11.40000,13.60000,443.47958
2019-10-10 03:43:54 UTC,4258,25.20000,16.90000,23.30000,42.00000,9.80000,11.40000,13.50000,442.57751
2019-10-10 03:44:54 UTC,4259,25.20000,16.90000,23.30000,41.90000,9.80000,11.40000,13.60000,441.64890
2019-10-10 03:45:54 UTC,4260,25.20000,16.90000,23.20000,42.00000,9.80000,11.40000,13.60000,440.46402
2019-10-10 03:46:54 UTC,4261,25.20000,16.90000,23.20000,42.10000,9.80000,11.40000,13.50000,439.02118
2019-10-10 03:47:54 UTC,4262,25.20000,16.90000,23.30000,42.10000,9.90000,11.50000,13.60000,437.56854
2019-10-10 03:48:54 UTC,4263,25.20000,16.90000,23.30000,41.90000,9.80000,11.40000,13.60000,435.43585
2019-10-10 03:49:54 UTC,4264,25.30000,16.90000,23.30000,41.80000,9.80000,11.40000,13.70000,433.48520
2019-10-10 03:50:54 UTC,4265,25.30000,16.90000,23.20000,41.70000,9.80000,11.40000,13.70000,432.06705
2019-10-10 03:51:54 UTC,4266,25.30000,16.90000,23.20000,41.80000,9.80000,11.30000,13.70000,431.19922
2019-10-10 03:52:54 UTC,4267,25.20000,16.90000,23.10000,41.80000,9.80000,11.40000,13.60000,430.69809
2019-10-10 03:53:54 UTC,4268,25.20000,16.90000,23.10000,41.90000,9.80000,11.40000,13.60000,430.45923
2019-10-10 03:54:54 UTC,4269,25.20000,16.90000,23.10000,41.80000,9.80000,11.30000,13.60000,430.53845
2019-10-10 03:55:54 UTC,4270,25.20000,16.80000,23.20000,41.60000,9.70000,11.30000,13.70000,430.33939
2019-10-10 03:56:54 UTC,4271,25.20000,16.80000,23.10000,41.50000,9.70000,11.30000,13.70000,430.02313
2019-10-10 03:57:54 UTC,4272,25.20000,16.80000,23.20000,41.60000,9.70000,11.30000,13.70000,429.54889
2019-10-10 03:58:54 UTC,4273,25.20000,16.90000,23.20000,41.70000,9.80000,11.30000,13.60000,429.01877
2019-10-10 03:59:54 UTC,4274,25.30000,16.90000,23.30000,41.70000,9.80000,11.40000,13.70000,428.42084
2019-10-10 04:00:54 UTC,4275,25.30000,16.90000,23.30000,41.40000,9.70000,11.30000,13.80000,427.65424
2019-10-10 04:01:54 UTC,4276,25.30000,16.90000,23.30000,41.40000,9.70000,11.30000,13.80000,426.84055
2019-10-10 04:02:54 UTC,4277,25.30000,16.90000,23.40000,41.50000,9.80000,11.30000,13.80000,425.96371
2019-10-10 04:03:54 UTC,4278,25.30000,16.90000,23.40000,41.50000,9.80000,11.30000,13.80000,425.19620
2019-10-10 04:04:54 UTC,4279,25.30000,17.00000,23.40000,41.80000,9.80000,11.40000,13.70000,424.69672
2019-10-10 04:05:54 UTC,4280,25.30000,16.90000,23.40000,41.70000,9.80000,11.40000,13.70000,424.28290
2019-10-10 04:06:54 UTC,4281,25.40000,17.00000,23.40000,41.80000,9.90000,11.50000,13.70000,424.22479
2019-10-10 04:07:54 UTC,4282,25.30000,17.00000,23.50000,42.00000,9.90000,11.50000,13.60000,424.24023
2019-10-10 04:08:54 UTC,4283,25.40000,17.00000,23.50000,42.10000,9.90000,11.60000,13.60000,424.39078
2019-10-10 04:09:54 UTC,4284,25.40000,17.00000,23.50000,41.90000,9.90000,11.60000,13.80000,424.69446
2019-10-10 04:10:54 UTC,4285,25.40000,17.10000,23.50000,42.10000,10.00000,11.60000,13.70000,424.99231
2019-10-10 04:11:54 UTC,4286,25.40000,17.10000,23.50000,42.20000,10.00000,11.70000,13.70000,425.31750
2019-10-10 04:12:54 UTC,4287,25.40000,17.10000,23.50000,42.20000,10.00000,11.70000,13.70000,425.69254
2019-10-10 04:13:54 UTC,4288,25.40000,17.10000,23.60000,42.20000,10.00000,11.70000,13.70000,425.94525
2019-10-10 04:14:54 UTC,4289,25.40000,17.10000,23.60000,42.30000,10.00000,11.70000,13.70000,426.09531
2019-10-10 04:15:54 UTC,4290,25.40000,17.10000,23.60000,42.40000,10.00000,11.70000,13.70000,426.14172
2019-10-10 04:16:54 UTC,4291,25.50000,17.20000,23.60000,42.40000,10.10000,11.80000,13.70000,426.20630
2019-10-10 04:17:54 UTC,4292,25.50000,17.20000,23.70000,42.50000,10.10000,11.80000,13.60000,426.25168
2019-10-10 04:18:54 UTC,4293,25.50000,17.20000,23.70000,42.50000,10.10000,11.80000,13.70000,426.15744
2019-10-10 04:19:54 UTC,4294,25.50000,17.20000,23.60000,42.50000,10.10000,11.90000,13.70000,426.04431
2019-10-10 04:20:54 UTC,4295,25.50000,17.20000,23.70000,42.50000,10.10000,11.90000,13.70000,425.81793
2019-10-10 04:21:54 UTC,4296,25.60000,17.30000,23.70000,42.60000,10.20000,11.90000,13.70000,425.65475
2019-10-10 04:22:54 UTC,4297,25.60000,17.30000,23.70000,42.60000,10.20000,11.90000,13.70000,425.54761
2019-10-10 04:23:55 UTC,4298,25.60000,17.30000,23.70000,42.60000,10.20000,12.00000,13.70000,425.37473
2019-10-10 04:24:54 UTC,4299,25.60000,17.30000,23.70000,42.60000,10.20000,12.00000,13.70000,425.10965
2019-10-10 04:25:54 UTC,4300,25.60000,17.30000,23.70000,42.70000,10.20000,12.00000,13.70000,424.91049
2019-10-10 04:26:54 UTC,4301,25.60000,17.30000,23.70000,42.80000,10.20000,12.00000,13.70000,424.82242
2019-10-10 04:27:54 UTC,4302,25.60000,17.30000,23.70000,42.60000,10.20000,11.90000,13.70000,424.74655
2019-10-10 04:28:54 UTC,4303,25.60000,17.30000,23.70000,42.80000,10.20000,12.00000,13.70000,424.68088
2019-10-10 04:29:54 UTC,4304,25.60000,17.30000,23.70000,42.70000,10.20000,12.00000,13.70000,424.58774
2019-10-10 04:30:54 UTC,4305,25.60000,17.30000,23.70000,42.80000,10.20000,12.00000,13.70000,424.46884
2019-10-10 04:31:54 UTC,4306,25.60000,17.30000,23.70000,42.80000,10.20000,12.00000,13.70000,424.34634
2019-10-10 04:32:54 UTC,4307,25.60000,17.30000,23.70000,42.70000,10.20000,12.00000,13.70000,424.23471
2019-10-10 04:33:54 UTC,4308,25.60000,17.30000,23.70000,42.60000,10.20000,12.00000,13.70000,424.16150
2019-10-10 04:34:54 UTC,4309,25.60000,17.40000,23.70000,42.80000,10.30000,12.10000,13.70000,424.06931
2019-10-10 04:35:54 UTC,4310,25.70000,17.30000,23.60000,42.60000,10.20000,12.00000,13.80000,424.03842
2019-10-10 04:36:54 UTC,4311,25.60000,17.40000,23.60000,42.80000,10.20000,12.10000,13.70000,424.09692
2019-10-10 04:37:54 UTC,4312,25.60000,17.30000,23.70000,42.70000,10.20000,12.00000,13.70000,424.29630
2019-10-10 04:38:54 UTC,4313,25.60000,17.40000,23.70000,42.80000,10.20000,12.10000,13.70000,424.64865
2019-10-10 04:39:55 UTC,4314,25.60000,17.40000,23.70000,42.80000,10.20000,12.10000,13.70000,425.13303
2019-10-10 04:40:54 UTC,4315,25.60000,17.40000,23.80000,43.00000,10.30000,12.10000,13.70000,425.90289
2019-10-10 04:41:54 UTC,4316,25.70000,17.40000,23.80000,43.00000,10.30000,12.20000,13.70000,426.80099
2019-10-10 04:42:54 UTC,4317,25.70000,17.50000,23.80000,43.00000,10.30000,12.20000,13.70000,428.10406
2019-10-10 04:43:55 UTC,4318,25.70000,17.40000,23.70000,42.80000,10.30000,12.20000,13.80000,430.50626
2019-10-10 04:44:55 UTC,4319,25.70000,17.40000,23.60000,42.80000,10.30000,12.20000,13.80000,434.04617
2019-10-10 04:45:54 UTC,4320,25.70000,17.40000,23.60000,42.90000,10.30000,12.20000,13.70000,437.74005
2019-10-10 04:46:54 UTC,4321,25.70000,17.40000,23.60000,42.80000,10.30000,12.10000,13.80000,441.53366
2019-10-10 04:47:54 UTC,4322,25.70000,17.40000,23.60000,42.80000,10.30000,12.10000,13.80000,445.22031
2019-10-10 04:48:54 UTC,4323,25.70000,17.40000,23.70000,42.70000,10.30000,12.10000,13.80000,448.31448
2019-10-10 04:49:55 UTC,4324,25.70000,17.40000,23.70000,42.90000,10.30000,12.20000,13.70000,450.67261
2019-10-10 04:50:55 UTC,4325,25.80000,17.40000,23.70000,42.70000,10.30000,12.10000,13.80000,452.14276
2019-10-10 04:51:55 UTC,4326,25.80000,17.40000,23.70000,42.60000,10.30000,12.10000,13.80000,452.78668
2019-10-10 04:52:55 UTC,4327,25.70000,17.50000,23.80000,42.90000,10.30000,12.20000,13.80000,452.96841
2019-10-10 04:53:55 UTC,4328,25.80000,17.50000,23.80000,42.80000,10.30000,12.20000,13.80000,453.15125
2019-10-10 04:54:55 UTC,4329,25.80000,17.50000,23.80000,42.60000,10.30000,12.20000,13.90000,453.38113
2019-10-10 04:55:55 UTC,4330,25.80000,17.50000,23.80000,42.70000,10.30000,12.20000,13.90000,453.91492
2019-10-10 04:56:55 UTC,4331,25.80000,17.50000,23.80000,42.80000,10.30000,12.20000,13.80000,454.70178
2019-10-10 04:57:55 UTC,4332,25.80000,17.50000,23.80000,42.70000,10.30000,12.20000,13.90000,455.73184
2019-10-10 04:58:54 UTC,4333,25.80000,17.50000,23.80000,42.60000,10.30000,12.20000,13.90000,457.37320
2019-10-10 04:59:55 UTC,4334,25.80000,17.50000,23.90000,42.60000,10.30000,12.20000,13.90000,459.24820
2019-10-10 05:00:55 UTC,4335,25.80000,17.50000,23.90000,42.60000,10.30000,12.20000,13.90000,460.97797
2019-10-10 05:01:55 UTC,4336,25.80000,17.50000,23.90000,42.50000,10.30000,12.10000,13.90000,462.23581
2019-10-10 05:02:55 UTC,4337,25.80000,17.50000,23.90000,42.70000,10.30000,12.20000,13.90000,463.13791
2019-10-10 05:03:55 UTC,4338,25.80000,17.50000,23.90000,42.60000,10.30000,12.20000,13.90000,463.94492
2019-10-10 05:04:55 UTC,4339,25.80000,17.50000,23.90000,42.80000,10.40000,12.20000,13.80000,464.02338
2019-10-10 05:05:55 UTC,4340,25.80000,17.50000,23.90000,42.60000,10.30000,12.20000,13.90000,464.01941
2019-10-10 05:06:55 UTC,4341,25.80000,17.50000,23.90000,42.60000,10.30000,12.20000,13.90000,463.86786
2019-10-10 05:07:55 UTC,4342,25.80000,17.50000,23.90000,42.80000,10.30000,12.20000,13.80000,463.85251
2019-10-10 05:08:55 UTC,4343,25.80000,17.50000,23.90000,42.70000,10.30000,12.20000,13.80000,464.05804
2019-10-10 05:09:55 UTC,4344,25.80000,17.50000,23.90000,42.70000,10.30000,12.20000,13.90000,464.43491
2019-10-10 05:10:55 UTC,4345,25.80000,17.50000,23.90000,42.60000,10.30000,12.20000,13.90000,464.99524
2019-10-10 05:11:55 UTC,4346,25.80000,17.50000,23.90000,42.70000,10.30000,12.20000,13.90000,465.46442
2019-10-10 05:12:55 UTC,4347,25.80000,17.50000,23.90000,42.80000,10.40000,12.30000,13.80000,466.12625
2019-10-10 05:13:55 UTC,4348,25.80000,17.50000,24.00000,42.90000,10.40000,12.30000,13.80000,466.88443
2019-10-10 05:14:55 UTC,4349,25.80000,17.60000,24.00000,43.00000,10.40000,12.30000,13.80000,467.60120
2019-10-10 05:15:55 UTC,4350,25.90000,17.60000,24.00000,43.00000,10.40000,12.30000,13.80000,468.49844
2019-10-10 05:16:55 UTC,4351,25.90000,17.60000,24.00000,43.00000,10.40000,12.40000,13.80000,469.54407
2019-10-10 05:17:55 UTC,4352,25.90000,17.60000,24.00000,43.00000,10.40000,12.30000,13.80000,470.55316
2019-10-10 05:18:55 UTC,4353,25.80000,17.50000,24.00000,43.00000,10.40000,12.30000,13.80000,471.51352
2019-10-10 05:19:55 UTC,4354,25.80000,17.60000,24.00000,43.00000,10.40000,12.30000,13.80000,472.36041
2019-10-10 05:20:55 UTC,4355,25.80000,17.60000,24.00000,43.00000,10.40000,12.30000,13.80000,473.21274
2019-10-10 05:21:55 UTC,4356,25.90000,17.60000,24.00000,43.00000,10.40000,12.40000,13.80000,473.61093
2019-10-10 05:22:55 UTC,4357,25.80000,17.60000,24.00000,43.10000,10.50000,12.40000,13.80000,474.17133
2019-10-10 05:23:55 UTC,4358,25.90000,17.60000,24.00000,42.90000,10.40000,12.30000,13.90000,474.48828
2019-10-10 05:24:55 UTC,4359,25.90000,17.60000,24.00000,42.90000,10.40000,12.30000,13.90000,474.78473
2019-10-10 05:25:55 UTC,4360,25.90000,17.60000,24.00000,43.20000,10.50000,12.40000,13.80000,475.00366
2019-10-10 05:26:55 UTC,4361,25.90000,17.60000,24.00000,43.00000,10.40000,12.40000,13.80000,475.17661
2019-10-10 05:27:55 UTC,4362,25.90000,17.60000,24.00000,43.20000,10.50000,12.40000,13.80000,475.41617
2019-10-10 05:28:55 UTC,4363,25.90000,17.60000,24.00000,43.20000,10.50000,12.40000,13.80000,475.77335
2019-10-10 05:29:55 UTC,4364,25.90000,17.60000,24.00000,43.20000,10.50000,12.40000,13.80000,476.42557
2019-10-10 05:30:55 UTC,4365,25.90000,17.60000,24.00000,43.10000,10.50000,12.40000,13.90000,477.13367
2019-10-10 05:31:55 UTC,4366,26.00000,17.60000,24.10000,43.00000,10.50000,12.40000,13.90000,477.93689
2019-10-10 05:32:55 UTC,4367,26.00000,17.60000,24.10000,42.90000,10.50000,12.40000,13.90000,478.48914
2019-10-10 05:33:55 UTC,4368,25.90000,17.60000,24.10000,43.10000,10.50000,12.40000,13.80000,478.80698
2019-10-10 05:34:55 UTC,4369,25.90000,17.60000,24.10000,43.10000,10.50000,12.40000,13.90000,479.27390
2019-10-10 05:35:55 UTC,4370,25.90000,17.70000,24.10000,43.30000,10.50000,12.50000,13.80000,479.53778
2019-10-10 05:36:55 UTC,4371,25.90000,17.70000,24.10000,43.20000,10.50000,12.50000,13.80000,479.63782
2019-10-10 05:37:55 UTC,4372,26.00000,17.70000,24.10000,43.30000,10.60000,12.50000,13.80000,479.52405
2019-10-10 05:38:55 UTC,4373,26.00000,17.70000,24.10000,43.30000,10.60000,12.50000,13.80000,479.39175
2019-10-10 05:39:55 UTC,4374,26.00000,17.70000,24.10000,43.10000,10.50000,12.50000,13.90000,479.30112
2019-10-10 05:40:55 UTC,4375,26.00000,17.70000,24.10000,43.20000,10.50000,12.50000,13.90000,479.24359
2019-10-10 05:41:55 UTC,4376,26.00000,17.70000,24.10000,43.20000,10.60000,12.50000,13.90000,479.35986
2019-10-10 05:42:55 UTC,4377,26.00000,17.70000,24.10000,43.00000,10.50000,12.50000,13.90000,479.62277
2019-10-10 05:43:55 UTC,4378,26.00000,17.70000,24.00000,43.10000,10.50000,12.50000,13.90000,479.95111
2019-10-10 05:44:55 UTC,4379,25.90000,17.60000,24.00000,43.10000,10.50000,12.50000,13.90000,480.21176
2019-10-10 05:45:55 UTC,4380,25.90000,17.60000,24.00000,43.10000,10.50000,12.50000,13.80000,480.38892
2019-10-10 05:46:55 UTC,4381,25.90000,17.60000,24.00000,43.20000,10.50000,12.40000,13.80000,480.48819
2019-10-10 05:47:55 UTC,4382,25.90000,17.60000,24.00000,43.10000,10.50000,12.40000,13.80000,480.64133
2019-10-10 05:48:55 UTC,4383,25.90000,17.60000,24.10000,43.00000,10.50000,12.40000,13.90000,480.77585
2019-10-10 05:49:55 UTC,4384,25.90000,17.60000,24.10000,43.10000,10.50000,12.40000,13.90000,480.72488
2019-10-10 05:50:55 UTC,4385,25.90000,17.70000,24.10000,43.30000,10.50000,12.50000,13.80000,480.40265
2019-10-10 05:51:58 UTC,4386,26.00000,17.60000,24.10000,43.00000,10.50000,12.40000,13.90000,479.93665
2019-10-10 05:52:57 UTC,4387,26.00000,17.60000,24.10000,43.00000,10.50000,12.40000,13.90000,479.43146
2019-10-10 05:53:57 UTC,4388,26.00000,17.60000,24.10000,43.00000,10.50000,12.40000,13.90000,478.84109
2019-10-10 05:55:00 UTC,4389,26.00000,17.60000,24.10000,43.10000,10.50000,12.40000,13.90000,478.31546
2019-10-10 05:55:59 UTC,4390,26.00000,17.70000,24.10000,43.00000,10.50000,12.50000,13.90000,477.82455
2019-10-10 05:56:59 UTC,4391,26.00000,17.70000,24.20000,43.00000,10.50000,12.40000,13.90000,477.09802
2019-10-10 05:58:00 UTC,4392,26.00000,17.70000,24.20000,43.30000,10.60000,12.50000,13.80000,476.29590
2019-10-10 05:58:59 UTC,4393,26.00000,17.70000,24.20000,43.20000,10.60000,12.50000,13.90000,475.72333
2019-10-10 05:59:59 UTC,4394,26.10000,17.80000,24.20000,43.10000,10.60000,12.60000,14.00000,475.10773
2019-10-10 06:00:59 UTC,4395,26.00000,17.80000,24.20000,43.40000,10.60000,12.60000,13.90000,474.64990
2019-10-10 06:01:59 UTC,4396,26.10000,17.80000,24.20000,43.30000,10.70000,12.70000,13.90000,474.54773
2019-10-10 06:02:59 UTC,4397,26.10000,17.80000,24.20000,43.30000,10.70000,12.70000,14.00000,474.37518
2019-10-10 06:03:59 UTC,4398,26.20000,17.80000,24.20000,43.20000,10.70000,12.70000,14.00000,474.34866
2019-10-10 06:04:59 UTC,4399,26.20000,17.90000,24.20000,43.10000,10.70000,12.70000,14.10000,474.71375
2019-10-10 06:05:59 UTC,4400,26.20000,17.90000,24.20000,43.30000,10.70000,12.70000,14.00000,475.86188
2019-10-10 06:06:59 UTC,4401,26.20000,17.90000,24.20000,43.10000,10.70000,12.70000,14.10000,478.15067
2019-10-10 06:07:59 UTC,4402,26.10000,17.80000,24.20000,43.40000,10.70000,12.70000,14.00000,481.79483
2019-10-10 06:08:59 UTC,4403,26.10000,17.90000,24.20000,43.50000,10.70000,12.80000,13.90000,486.63306
2019-10-10 06:09:59 UTC,4404,26.10000,17.90000,24.20000,43.50000,10.70000,12.80000,13.90000,490.64532
2019-10-10 06:10:59 UTC,4405,26.10000,17.90000,24.20000,43.60000,10.70000,12.80000,13.90000,493.36694
2019-10-10 06:11:59 UTC,4406,26.10000,17.90000,24.30000,43.60000,10.70000,12.80000,13.90000,495.25925
2019-10-10 06:12:59 UTC,4407,26.20000,17.90000,24.30000,43.50000,10.70000,12.80000,13.90000,496.61545
2019-10-10 06:13:59 UTC,4408,26.10000,17.90000,24.30000,43.70000,10.80000,12.80000,13.90000,497.65042
2019-10-10 06:14:59 UTC,4409,26.10000,17.90000,24.30000,43.60000,10.70000,12.80000,13.90000,498.61285
2019-10-10 06:15:59 UTC,4410,26.10000,17.90000,24.30000,43.70000,10.80000,12.80000,13.80000,499.40024
2019-10-10 06:16:59 UTC,4411,25.80000,17.80000,24.30000,44.40000,10.70000,12.80000,13.50000,499.86441
2019-10-10 06:17:59 UTC,4412,25.60000,17.60000,24.20000,44.40000,10.60000,12.60000,13.30000,499.91861
2019-10-10 06:18:59 UTC,4413,25.70000,17.60000,24.20000,44.20000,10.60000,12.60000,13.40000,499.50241
2019-10-10 06:19:59 UTC,4414,25.70000,17.60000,24.10000,44.10000,10.60000,12.60000,13.40000,498.85025
2019-10-10 06:20:59 UTC,4415,25.50000,17.60000,24.10000,44.60000,10.60000,12.60000,13.20000,497.52057
2019-10-10 06:21:59 UTC,4416,25.50000,17.50000,24.10000,44.10000,10.50000,12.40000,13.30000,494.49857
2019-10-10 06:22:59 UTC,4417,25.70000,17.60000,24.00000,44.00000,10.60000,12.50000,13.50000,488.93872
2019-10-10 06:23:59 UTC,4418,25.80000,17.60000,24.00000,43.70000,10.60000,12.50000,13.60000,480.95923
2019-10-10 06:24:59 UTC,4419,25.70000,17.60000,24.00000,43.50000,10.50000,12.40000,13.60000,472.85687
2019-10-10 06:25:59 UTC,4420,25.70000,17.60000,23.90000,43.70000,10.50000,12.50000,13.50000,466.22055
2019-10-10 06:26:59 UTC,4421,25.60000,17.50000,23.90000,44.00000,10.50000,12.40000,13.40000,461.49533
2019-10-10 06:27:59 UTC,4422,25.70000,17.50000,23.80000,43.80000,10.50000,12.40000,13.50000,457.28003
2019-10-10 06:28:59 UTC,4423,25.60000,17.50000,23.80000,43.70000,10.40000,12.40000,13.40000,453.53537
2019-10-10 06:29:59 UTC,4424,25.60000,17.50000,23.80000,43.50000,10.40000,12.30000,13.50000,450.40732
2019-10-10 06:30:59 UTC,4425,25.60000,17.50000,23.80000,43.70000,10.50000,12.40000,13.50000,447.78513
2019-10-10 06:31:59 UTC,4426,25.70000,17.60000,23.80000,43.80000,10.50000,12.50000,13.50000,445.64960
2019-10-10 06:32:59 UTC,4427,25.80000,17.60000,23.80000,43.50000,10.50000,12.40000,13.60000,443.16702
2019-10-10 06:33:59 UTC,4428,25.70000,17.60000,23.80000,43.70000,10.50000,12.50000,13.60000,440.55414
2019-10-10 06:34:59 UTC,4429,25.60000,17.50000,23.90000,43.90000,10.50000,12.40000,13.40000,438.63272
2019-10-10 06:35:59 UTC,4430,25.60000,17.50000,23.90000,44.20000,10.50000,12.50000,13.30000,437.35452
2019-10-10 06:36:59 UTC,4431,25.60000,17.60000,23.90000,44.00000,10.50000,12.50000,13.40000,437.12140
2019-10-10 06:37:59 UTC,4432,25.80000,17.60000,23.90000,43.80000,10.60000,12.50000,13.60000,437.43085
2019-10-10 06:38:59 UTC,4433,25.70000,17.60000,23.90000,43.70000,10.50000,12.50000,13.60000,437.70786
2019-10-10 06:39:59 UTC,4434,25.70000,17.60000,23.90000,44.10000,10.60000,12.60000,13.50000,438.31647
2019-10-10 06:40:59 UTC,4435,25.60000,17.60000,23.90000,44.30000,10.60000,12.50000,13.30000,439.56335
2019-10-10 06:41:59 UTC,4436,25.70000,17.60000,23.80000,44.00000,10.60000,12.50000,13.40000,442.25140
2019-10-10 06:42:59 UTC,4437,25.70000,17.60000,23.80000,44.20000,10.60000,12.60000,13.40000,446.24701
2019-10-10 06:43:59 UTC,4438,25.70000,17.60000,23.80000,44.30000,10.60000,12.60000,13.40000,450.13779
2019-10-10 06:44:59 UTC,4439,25.60000,17.60000,23.80000,44.10000,10.60000,12.50000,13.40000,452.60681
2019-10-10 06:45:59 UTC,4440,25.70000,17.60000,23.80000,44.20000,10.60000,12.60000,13.40000,454.04202
2019-10-10 06:46:59 UTC,4441,25.50000,17.50000,23.80000,44.30000,10.50000,12.40000,13.20000,455.64285
2019-10-10 06:47:59 UTC,4442,25.40000,17.40000,23.90000,44.10000,10.40000,12.30000,13.20000,456.30765
2019-10-10 06:48:59 UTC,4443,25.50000,17.40000,23.90000,44.00000,10.50000,12.40000,13.30000,455.79596
2019-10-10 06:49:59 UTC,4444,25.60000,17.50000,23.80000,44.00000,10.50000,12.40000,13.40000,455.23022
2019-10-10 06:50:59 UTC,4445,25.40000,17.40000,23.80000,44.20000,10.50000,12.40000,13.20000,454.09625
2019-10-10 06:51:59 UTC,4446,25.40000,17.30000,23.80000,43.90000,10.30000,12.20000,13.20000,452.07004
2019-10-10 06:52:59 UTC,4447,25.30000,17.30000,23.80000,44.00000,10.30000,12.20000,13.20000,449.35608
2019-10-10 06:53:59 UTC,4448,25.40000,17.30000,23.80000,43.70000,10.30000,12.20000,13.30000,445.97296
2019-10-10 06:54:59 UTC,4449,25.50000,17.40000,23.80000,43.40000,10.30000,12.20000,13.50000,442.07285
2019-10-10 06:55:59 UTC,4450,25.50000,17.40000,23.80000,43.50000,10.30000,12.20000,13.40000,437.96490
2019-10-10 06:56:59 UTC,4451,25.60000,17.40000,23.80000,43.40000,10.30000,12.20000,13.50000,434.98972
2019-10-10 06:57:59 UTC,4452,25.60000,17.40000,23.80000,43.40000,10.40000,12.20000,13.50000,432.92661
2019-10-10 06:58:59 UTC,4453,25.60000,17.40000,23.80000,43.40000,10.40000,12.30000,13.60000,430.77563
2019-10-10 07:00:00 UTC,4454,25.60000,17.50000,23.80000,43.30000,10.40000,12.30000,13.60000,429.34186
2019-10-10 07:00:59 UTC,4455,25.60000,17.40000,23.80000,43.60000,10.40000,12.30000,13.50000,428.86084
2019-10-10 07:01:59 UTC,4456,25.60000,17.40000,23.80000,43.50000,10.40000,12.30000,13.50000,428.87375
2019-10-10 07:03:00 UTC,4457,25.60000,17.50000,23.80000,43.60000,10.40000,12.30000,13.50000,429.08255
2019-10-10 07:04:00 UTC,4458,25.50000,17.40000,23.80000,43.70000,10.40000,12.30000,13.40000,429.67667
2019-10-10 07:04:59 UTC,4459,25.50000,17.40000,23.80000,43.80000,10.40000,12.30000,13.40000,430.55820
2019-10-10 07:05:59 UTC,4460,25.60000,17.50000,23.80000,43.50000,10.40000,12.30000,13.50000,431.39426
2019-10-10 07:07:00 UTC,4461,25.60000,17.50000,23.80000,43.50000,10.40000,12.30000,13.50000,432.23477
2019-10-10 07:07:59 UTC,4462,25.60000,17.50000,23.80000,43.60000,10.40000,12.30000,13.50000,432.89603
2019-10-10 07:09:00 UTC,4463,25.50000,17.40000,23.80000,43.90000,10.40000,12.30000,13.30000,433.31311
2019-10-10 07:10:00 UTC,4464,25.30000,17.30000,23.80000,44.10000,10.40000,12.30000,13.20000,433.51221
2019-10-10 07:11:00 UTC,4465,25.30000,17.40000,23.80000,44.60000,10.50000,12.30000,13.00000,433.50980
2019-10-10 07:12:00 UTC,4466,25.30000,17.40000,23.80000,44.50000,10.40000,12.30000,13.00000,433.32693
2019-10-10 07:13:00 UTC,4467,25.20000,17.30000,23.80000,44.40000,10.40000,12.30000,13.00000,432.75696
2019-10-10 07:14:00 UTC,4468,25.40000,17.40000,23.80000,44.30000,10.50000,12.40000,13.20000,432.26166
2019-10-10 07:15:00 UTC,4469,25.40000,17.40000,23.80000,44.30000,10.50000,12.40000,13.20000,432.10730
2019-10-10 07:16:00 UTC,4470,25.50000,17.50000,23.70000,44.10000,10.50000,12.40000,13.30000,432.17963
2019-10-10 07:17:00 UTC,4471,25.40000,17.40000,23.70000,44.20000,10.40000,12.30000,13.20000,432.37958
2019-10-10 07:18:00 UTC,4472,25.40000,17.40000,23.70000,44.20000,10.50000,12.40000,13.20000,432.49924
2019-10-10 07:19:00 UTC,4473,25.50000,17.40000,23.70000,44.10000,10.50000,12.40000,13.30000,432.42584
2019-10-10 07:20:00 UTC,4474,25.30000,17.40000,23.70000,44.40000,10.40000,12.30000,13.10000,432.27658
2019-10-10 07:21:00 UTC,4475,25.40000,17.40000,23.80000,44.20000,10.40000,12.30000,13.20000,432.19043
2019-10-10 07:22:00 UTC,4476,25.40000,17.40000,23.80000,44.30000,10.50000,12.40000,13.20000,432.36938
2019-10-10 07:23:00 UTC,4477,25.20000,17.30000,23.70000,45.00000,10.50000,12.40000,12.80000,432.64386
2019-10-10 07:24:00 UTC,4478,25.00000,17.30000,23.70000,45.20000,10.50000,12.30000,12.70000,432.53387
2019-10-10 07:25:00 UTC,4479,25.20000,17.30000,23.70000,44.70000,10.50000,12.30000,13.00000,432.08255
2019-10-10 07:26:00 UTC,4480,25.40000,17.40000,23.70000,44.50000,10.50000,12.40000,13.10000,431.61636
2019-10-10 07:27:00 UTC,4481,25.30000,17.40000,23.70000,44.60000,10.50000,12.40000,13.10000,431.48230
2019-10-10 07:28:00 UTC,4482,25.30000,17.40000,23.70000,44.60000,10.50000,12.40000,13.10000,431.63947
2019-10-10 07:29:00 UTC,4483,25.40000,17.50000,23.80000,44.50000,10.50000,12.50000,13.20000,432.13071
2019-10-10 07:30:00 UTC,4484,25.30000,17.40000,23.80000,44.60000,10.50000,12.40000,13.00000,432.75500
2019-10-10 07:31:00 UTC,4485,25.30000,17.40000,23.80000,44.50000,10.50000,12.40000,13.10000,433.01797
2019-10-10 07:32:00 UTC,4486,25.40000,17.40000,23.80000,44.40000,10.50000,12.40000,13.10000,433.24692
2019-10-10 07:33:00 UTC,4487,25.40000,17.40000,23.80000,44.30000,10.50000,12.40000,13.20000,433.85956
2019-10-10 07:34:00 UTC,4488,25.50000,17.50000,23.80000,44.30000,10.50000,12.40000,13.20000,434.73685
2019-10-10 07:35:00 UTC,4489,25.50000,17.50000,23.80000,44.20000,10.50000,12.40000,13.20000,435.46707
2019-10-10 07:36:00 UTC,4490,25.50000,17.40000,23.80000,44.10000,10.50000,12.40000,13.30000,435.82031
2019-10-10 07:37:00 UTC,4491,25.20000,17.40000,23.80000,44.90000,10.50000,12.40000,12.90000,435.89804
2019-10-10 07:38:00 UTC,4492,25.20000,17.30000,23.80000,44.60000,10.50000,12.30000,13.00000,435.57919
2019-10-10 07:39:00 UTC,4493,25.20000,17.40000,23.80000,44.80000,10.50000,12.40000,12.90000,435.02420
2019-10-10 07:40:00 UTC,4494,25.20000,17.40000,23.80000,45.00000,10.50000,12.50000,12.80000,434.23703
2019-10-10 07:41:00 UTC,4495,25.30000,17.40000,23.70000,44.90000,10.50000,12.50000,12.90000,433.10489
2019-10-10 07:42:00 UTC,4496,25.40000,17.50000,23.70000,44.60000,10.50000,12.50000,13.10000,431.85251
2019-10-10 07:43:00 UTC,4497,25.40000,17.50000,23.70000,44.40000,10.50000,12.50000,13.20000,430.70602
2019-10-10 07:44:00 UTC,4498,25.50000,17.50000,23.70000,44.40000,10.50000,12.50000,13.20000,430.00916
2019-10-10 07:45:00 UTC,4499,25.40000,17.50000,23.70000,44.70000,10.60000,12.50000,13.10000,429.79977
2019-10-10 07:46:00 UTC,4500,25.40000,17.50000,23.70000,44.70000,10.60000,12.50000,13.10000,430.13806
2019-10-10 07:47:00 UTC,4501,25.40000,17.50000,23.70000,44.60000,10.60000,12.50000,13.10000,430.77786
2019-10-10 07:48:00 UTC,4502,25.30000,17.40000,23.70000,45.00000,10.60000,12.50000,12.90000,431.46567
2019-10-10 07:49:00 UTC,4503,25.40000,17.50000,23.70000,44.80000,10.60000,12.50000,13.00000,432.03766
2019-10-10 07:50:00 UTC,4504,25.40000,17.50000,23.60000,44.70000,10.60000,12.50000,13.10000,432.23709
2019-10-10 07:51:00 UTC,4505,25.40000,17.50000,23.60000,44.60000,10.60000,12.50000,13.10000,432.01318
2019-10-10 07:52:00 UTC,4506,25.40000,17.50000,23.60000,44.60000,10.50000,12.50000,13.10000,431.38571
2019-10-10 07:53:00 UTC,4507,25.40000,17.50000,23.60000,44.60000,10.60000,12.50000,13.10000,429.96399
2019-10-10 07:54:00 UTC,4508,25.40000,17.50000,23.60000,44.60000,10.50000,12.50000,13.10000,427.69879
2019-10-10 07:55:01 UTC,4509,25.30000,17.50000,23.70000,44.90000,10.60000,12.50000,13.00000,424.38971
2019-10-10 07:56:00 UTC,4510,25.30000,17.40000,23.70000,44.80000,10.50000,12.50000,13.00000,421.41965
2019-10-10 07:57:00 UTC,4511,25.20000,17.40000,23.70000,45.20000,10.60000,12.50000,12.80000,419.90372
2019-10-10 07:58:00 UTC,4512,25.20000,17.40000,23.70000,45.00000,10.50000,12.50000,12.80000,419.17743
2019-10-10 07:59:00 UTC,4513,25.30000,17.40000,23.70000,44.80000,10.50000,12.50000,13.00000,419.00287
2019-10-10 08:00:00 UTC,4514,25.30000,17.50000,23.60000,44.90000,10.60000,12.50000,13.00000,419.03394
2019-10-10 08:01:00 UTC,4515,25.30000,17.50000,23.70000,44.80000,10.60000,12.50000,13.00000,419.24911
2019-10-10 08:02:00 UTC,4516,25.40000,17.40000,23.70000,44.60000,10.50000,12.50000,13.10000,419.54340
2019-10-10 08:03:00 UTC,4517,25.30000,17.40000,23.70000,44.70000,10.50000,12.40000,13.00000,420.12149
2019-10-10 08:04:00 UTC,4518,25.20000,17.40000,23.60000,45.00000,10.50000,12.40000,12.90000,420.91470
2019-10-10 08:05:00 UTC,4519,25.30000,17.40000,23.60000,44.70000,10.50000,12.40000,13.00000,421.61786
2019-10-10 08:06:00 UTC,4520,25.20000,17.30000,23.50000,44.80000,10.50000,12.30000,12.90000,422.16043
2019-10-10 08:07:00 UTC,4521,25.20000,17.40000,23.50000,44.90000,10.50000,12.40000,12.90000,422.47943
2019-10-10 08:08:00 UTC,4522,25.10000,17.30000,23.50000,44.90000,10.50000,12.40000,12.80000,422.59628
2019-10-10 08:09:00 UTC,4523,25.20000,17.40000,23.50000,45.10000,10.50000,12.50000,12.80000,422.81494
2019-10-10 08:10:00 UTC,4524,25.10000,17.30000,23.50000,45.20000,10.50000,12.40000,12.70000,423.20319
2019-10-10 08:11:00 UTC,4525,25.20000,17.40000,23.50000,45.10000,10.50000,12.40000,12.80000,423.46796
2019-10-10 08:12:00 UTC,4526,25.20000,17.40000,23.50000,44.90000,10.50000,12.40000,12.90000,423.51401
2019-10-10 08:13:00 UTC,4527,25.20000,17.40000,23.50000,45.10000,10.50000,12.40000,12.80000,423.45331
2019-10-10 08:14:00 UTC,4528,25.20000,17.40000,23.40000,45.00000,10.50000,12.50000,12.90000,423.27304
2019-10-10 08:15:00 UTC,4529,25.20000,17.40000,23.40000,45.10000,10.60000,12.50000,12.80000,423.02219
2019-10-10 08:16:00 UTC,4530,25.20000,17.40000,23.40000,45.10000,10.60000,12.50000,12.80000,422.66882
2019-10-10 08:17:00 UTC,4531,25.20000,17.40000,23.40000,45.20000,10.50000,12.50000,12.80000,422.18015
2019-10-10 08:18:00 UTC,4532,25.10000,17.30000,23.30000,45.20000,10.50000,12.40000,12.70000,421.58600
2019-10-10 08:19:00 UTC,4533,25.00000,17.30000,23.40000,45.40000,10.50000,12.40000,12.60000,420.91266
2019-10-10 08:20:00 UTC,4534,25.10000,17.40000,23.40000,45.30000,10.50000,12.50000,12.70000,420.32849
2019-10-10 08:21:00 UTC,4535,25.20000,17.40000,23.40000,45.30000,10.60000,12.50000,12.80000,419.48621
2019-10-10 08:22:00 UTC,4536,25.20000,17.40000,23.40000,45.20000,10.60000,12.50000,12.80000,416.55432
2019-10-10 08:23:00 UTC,4537,24.90000,17.30000,23.40000,45.90000,10.50000,12.50000,12.40000,413.36206
2019-10-10 08:24:00 UTC,4538,25.10000,17.30000,23.40000,45.40000,10.50000,12.50000,12.60000,411.16431
2019-10-10 08:25:00 UTC,4539,25.00000,17.30000,23.40000,45.60000,10.60000,12.50000,12.60000,410.02884
2019-10-10 08:26:00 UTC,4540,25.00000,17.30000,23.30000,45.50000,10.50000,12.50000,12.60000,409.51740
2019-10-10 08:27:00 UTC,4541,25.00000,17.30000,23.30000,45.50000,10.50000,12.50000,12.60000,409.18848
2019-10-10 08:28:00 UTC,4542,25.00000,17.30000,23.30000,45.50000,10.50000,12.50000,12.60000,408.71500
2019-10-10 08:29:00 UTC,4543,25.00000,17.30000,23.20000,45.90000,10.60000,12.50000,12.50000,408.29935
2019-10-10 08:30:00 UTC,4544,24.90000,17.30000,23.20000,46.00000,10.60000,12.50000,12.40000,408.01135
2019-10-10 08:31:00 UTC,4545,24.70000,17.30000,23.20000,46.50000,10.60000,12.50000,12.20000,407.69629
2019-10-10 08:32:00 UTC,4546,24.90000,17.30000,23.20000,45.90000,10.60000,12.50000,12.40000,407.72791
2019-10-10 08:33:00 UTC,4547,24.90000,17.30000,23.20000,46.00000,10.60000,12.50000,12.40000,407.96170
2019-10-10 08:34:01 UTC,4548,25.00000,17.30000,23.20000,45.80000,10.60000,12.50000,12.50000,408.21170
2019-10-10 08:35:00 UTC,4549,25.00000,17.40000,23.20000,45.80000,10.60000,12.60000,12.60000,408.32822
2019-10-10 08:36:01 UTC,4550,25.10000,17.40000,23.30000,45.70000,10.60000,12.60000,12.60000,408.62515
2019-10-10 08:37:00 UTC,4551,25.20000,17.50000,23.30000,45.50000,10.60000,12.60000,12.70000,409.25797
2019-10-10 08:38:00 UTC,4552,25.20000,17.40000,23.30000,45.40000,10.60000,12.60000,12.70000,410.28696
2019-10-10 08:39:01 UTC,4553,25.20000,17.40000,23.30000,45.40000,10.60000,12.60000,12.80000,411.77832
2019-10-10 08:40:01 UTC,4554,25.20000,17.50000,23.30000,45.40000,10.60000,12.60000,12.80000,413.61780
2019-10-10 08:41:01 UTC,4555,25.20000,17.40000,23.40000,45.60000,10.60000,12.60000,12.70000,415.53235
2019-10-10 08:42:01 UTC,4556,25.30000,17.50000,23.30000,45.30000,10.60000,12.60000,12.80000,417.46909
2019-10-10 08:43:01 UTC,4557,25.30000,17.50000,23.30000,45.30000,10.70000,12.60000,12.90000,419.83954
2019-10-10 08:44:01 UTC,4558,25.30000,17.50000,23.40000,45.20000,10.60000,12.60000,12.90000,422.72849
2019-10-10 08:45:01 UTC,4559,25.30000,17.50000,23.40000,45.20000,10.60000,12.60000,12.90000,425.68744
2019-10-10 08:46:01 UTC,4560,25.40000,17.50000,23.40000,45.10000,10.60000,12.60000,12.90000,428.46439
2019-10-10 08:47:01 UTC,4561,25.30000,17.50000,23.40000,45.10000,10.60000,12.60000,12.90000,430.76294
2019-10-10 08:48:01 UTC,4562,25.30000,17.50000,23.40000,45.20000,10.60000,12.60000,12.90000,432.84946
2019-10-10 08:49:01 UTC,4563,25.40000,17.60000,23.40000,45.20000,10.70000,12.70000,12.90000,435.01935
2019-10-10 08:50:01 UTC,4564,25.30000,17.50000,23.30000,45.20000,10.60000,12.60000,12.90000,437.58508
2019-10-10 08:51:01 UTC,4565,25.30000,17.50000,23.30000,45.30000,10.60000,12.60000,12.90000,439.56036
2019-10-10 08:52:01 UTC,4566,25.30000,17.50000,23.30000,45.20000,10.60000,12.60000,12.90000,440.98184
2019-10-10 08:53:01 UTC,4567,25.30000,17.50000,23.30000,45.00000,10.60000,12.60000,12.90000,442.06192
2019-10-10 08:54:01 UTC,4568,25.30000,17.50000,23.30000,44.90000,10.60000,12.50000,13.00000,442.97311
2019-10-10 08:55:01 UTC,4569,25.40000,17.50000,23.20000,44.90000,10.60000,12.60000,13.00000,443.74451
2019-10-10 08:56:01 UTC,4570,25.40000,17.50000,23.20000,44.90000,10.60000,12.60000,13.00000,444.64081
2019-10-10 08:57:01 UTC,4571,25.40000,17.50000,23.20000,45.00000,10.60000,12.60000,13.00000,445.23730
2019-10-10 08:58:01 UTC,4572,25.40000,17.50000,23.20000,44.70000,10.60000,12.50000,13.10000,445.41104
2019-10-10 08:59:01 UTC,4573,25.40000,17.50000,23.20000,44.70000,10.60000,12.50000,13.10000,445.21735
2019-10-10 09:00:01 UTC,4574,25.40000,17.50000,23.10000,44.50000,10.50000,12.50000,13.10000,444.87363
2019-10-10 09:01:01 UTC,4575,25.40000,17.50000,23.10000,44.50000,10.50000,12.40000,13.10000,444.59641
2019-10-10 09:02:01 UTC,4576,25.40000,17.50000,23.00000,44.50000,10.50000,12.40000,13.10000,444.24911
2019-10-10 09:03:01 UTC,4577,25.40000,17.40000,23.00000,44.40000,10.50000,12.40000,13.10000,443.79547
2019-10-10 09:04:01 UTC,4578,25.40000,17.40000,22.90000,44.50000,10.50000,12.40000,13.10000,443.23245
2019-10-10 09:05:01 UTC,4579,25.40000,17.40000,22.90000,44.50000,10.50000,12.40000,13.10000,442.62781
2019-10-10 09:06:01 UTC,4580,25.40000,17.50000,22.90000,44.60000,10.50000,12.50000,13.10000,441.83725
2019-10-10 09:07:01 UTC,4581,25.40000,17.50000,22.90000,44.50000,10.50000,12.50000,13.10000,440.67612
2019-10-10 09:08:01 UTC,4582,25.40000,17.50000,22.90000,44.60000,10.50000,12.50000,13.10000,439.25290
2019-10-10 09:09:01 UTC,4583,25.40000,17.50000,22.90000,44.50000,10.50000,12.40000,13.10000,437.47260
2019-10-10 09:10:01 UTC,4584,25.40000,17.50000,22.90000,44.60000,10.50000,12.50000,13.10000,435.61240
2019-10-10 09:11:01 UTC,4585,25.40000,17.50000,22.90000,44.60000,10.50000,12.50000,13.10000,434.00363
2019-10-10 09:12:01 UTC,4586,25.40000,17.50000,23.00000,44.50000,10.50000,12.50000,13.10000,432.34644
2019-10-10 09:13:01 UTC,4587,25.40000,17.50000,23.00000,44.60000,10.50000,12.50000,13.10000,430.33969
2019-10-10 09:14:01 UTC,4588,25.40000,17.50000,23.00000,44.70000,10.60000,12.50000,13.10000,428.36813
2019-10-10 09:15:01 UTC,4589,25.40000,17.50000,23.00000,44.40000,10.50000,12.50000,13.20000,427.38669
2019-10-10 09:16:01 UTC,4590,25.40000,17.50000,23.00000,44.70000,10.60000,12.50000,13.10000,426.85379
2019-10-10 09:17:01 UTC,4591,25.40000,17.50000,23.00000,44.50000,10.50000,12.50000,13.10000,426.62460
2019-10-10 09:18:01 UTC,4592,25.40000,17.50000,23.00000,44.70000,10.60000,12.50000,13.10000,426.54266
2019-10-10 09:19:01 UTC,4593,25.50000,17.50000,23.00000,44.60000,10.60000,12.50000,13.10000,426.45825
2019-10-10 09:20:01 UTC,4594,25.40000,17.50000,23.00000,44.60000,10.60000,12.50000,13.10000,426.52179
2019-10-10 09:21:01 UTC,4595,25.40000,17.50000,23.00000,44.50000,10.50000,12.50000,13.20000,426.66666
2019-10-10 09:22:01 UTC,4596,25.40000,17.50000,23.00000,44.50000,10.50000,12.50000,13.10000,427.08521
2019-10-10 09:23:01 UTC,4597,25.40000,17.50000,23.00000,44.60000,10.60000,12.50000,13.10000,427.36221
2019-10-10 09:24:01 UTC,4598,25.40000,17.50000,23.00000,44.70000,10.60000,12.50000,13.10000,427.50223
2019-10-10 09:25:01 UTC,4599,25.40000,17.50000,23.00000,44.50000,10.50000,12.50000,13.20000,427.46368
2019-10-10 09:26:01 UTC,4600,25.40000,17.50000,23.00000,44.50000,10.50000,12.50000,13.10000,427.45874
2019-10-10 09:27:01 UTC,4601,25.40000,17.50000,23.00000,44.40000,10.50000,12.40000,13.20000,427.38907
2019-10-10 09:28:01 UTC,4602,25.40000,17.50000,23.00000,44.40000,10.50000,12.40000,13.20000,427.12314
2019-10-10 09:29:01 UTC,4603,25.40000,17.50000,23.00000,44.40000,10.50000,12.40000,13.10000,426.81854
2019-10-10 09:30:01 UTC,4604,25.40000,17.40000,23.10000,44.40000,10.50000,12.40000,13.20000,426.57059
2019-10-10 09:31:01 UTC,4605,25.40000,17.40000,23.10000,44.40000,10.50000,12.40000,13.10000,426.12906
2019-10-10 09:32:01 UTC,4606,25.40000,17.40000,23.00000,44.30000,10.50000,12.40000,13.10000,425.53485
2019-10-10 09:33:01 UTC,4607,25.40000,17.40000,23.00000,44.30000,10.50000,12.40000,13.20000,424.87204
2019-10-10 09:34:01 UTC,4608,25.40000,17.40000,23.00000,44.20000,10.40000,12.30000,13.20000,424.08588
2019-10-10 09:35:01 UTC,4609,25.40000,17.40000,23.10000,44.30000,10.40000,12.30000,13.10000,423.02081
2019-10-10 09:36:01 UTC,4610,25.40000,17.40000,23.10000,44.20000,10.40000,12.30000,13.20000,422.14890
2019-10-10 09:37:01 UTC,4611,25.30000,17.30000,23.10000,44.20000,10.40000,12.30000,13.20000,421.55313
2019-10-10 09:38:01 UTC,4612,25.30000,17.40000,23.00000,44.20000,10.40000,12.30000,13.20000,420.77682
2019-10-10 09:39:01 UTC,4613,25.40000,17.30000,23.10000,43.80000,10.30000,12.20000,13.30000,420.02936
2019-10-10 09:40:01 UTC,4614,25.40000,17.30000,23.10000,43.80000,10.30000,12.20000,13.30000,419.51450
2019-10-10 09:41:01 UTC,4615,25.30000,17.30000,23.00000,44.00000,10.40000,12.20000,13.20000,419.34152
2019-10-10 09:42:01 UTC,4616,25.40000,17.30000,23.10000,44.00000,10.40000,12.30000,13.20000,419.22629
2019-10-10 09:43:01 UTC,4617,25.40000,17.30000,23.10000,44.00000,10.40000,12.20000,13.20000,419.30960
2019-10-10 09:44:01 UTC,4618,25.30000,17.30000,23.20000,44.00000,10.40000,12.20000,13.20000,419.45984
2019-10-10 09:45:01 UTC,4619,25.30000,17.30000,23.10000,44.00000,10.40000,12.20000,13.20000,419.50302
2019-10-10 09:46:01 UTC,4620,25.30000,17.30000,23.00000,43.90000,10.40000,12.20000,13.20000,419.26685
2019-10-10 09:47:01 UTC,4621,25.30000,17.30000,23.00000,44.00000,10.40000,12.20000,13.20000,419.03928
2019-10-10 09:48:01 UTC,4622,25.30000,17.30000,23.00000,44.00000,10.30000,12.20000,13.20000,418.88763
2019-10-10 09:49:01 UTC,4623,25.30000,17.30000,23.00000,43.90000,10.30000,12.20000,13.20000,418.73038
2019-10-10 09:50:01 UTC,4624,25.30000,17.30000,23.10000,44.00000,10.30000,12.20000,13.10000,418.45581
2019-10-10 09:51:01 UTC,4625,25.30000,17.30000,23.00000,43.90000,10.30000,12.10000,13.20000,418.19547
2019-10-10 09:52:01 UTC,4626,25.30000,17.30000,23.00000,44.00000,10.30000,12.20000,13.10000,417.93213
2019-10-10 09:53:01 UTC,4627,25.20000,17.20000,23.10000,44.20000,10.30000,12.20000,13.10000,417.64713
2019-10-10 09:54:01 UTC,4628,25.20000,17.20000,23.10000,44.00000,10.30000,12.10000,13.10000,417.59479
2019-10-10 09:55:01 UTC,4629,25.30000,17.30000,23.10000,44.10000,10.30000,12.20000,13.10000,417.75269
2019-10-10 09:56:02 UTC,4630,25.30000,17.30000,23.10000,44.20000,10.40000,12.20000,13.10000,418.12329
2019-10-10 09:57:02 UTC,4631,25.30000,17.30000,23.10000,44.20000,10.40000,12.20000,13.10000,418.83862
2019-10-10 09:58:02 UTC,4632,25.30000,17.30000,23.10000,44.10000,10.30000,12.20000,13.10000,420.45273
2019-10-10 09:59:01 UTC,4633,25.30000,17.30000,23.10000,43.90000,10.30000,12.20000,13.20000,423.59180
2019-10-10 10:00:02 UTC,4634,25.20000,17.30000,23.10000,44.20000,10.40000,12.20000,13.10000,428.14828
2019-10-10 10:01:01 UTC,4635,25.30000,17.30000,23.10000,44.30000,10.40000,12.20000,13.10000,432.43683
2019-10-10 10:02:01 UTC,4636,25.30000,17.30000,23.10000,44.20000,10.40000,12.20000,13.10000,436.16727
2019-10-10 10:03:02 UTC,4637,25.30000,17.30000,23.10000,44.10000,10.40000,12.20000,13.20000,439.72079
2019-10-10 10:04:02 UTC,4638,25.30000,17.30000,23.00000,44.20000,10.40000,12.30000,13.10000,442.63297
2019-10-10 10:05:02 UTC,4639,25.30000,17.30000,23.00000,44.30000,10.40000,12.30000,13.10000,443.86481
2019-10-10 10:06:02 UTC,4640,25.30000,17.40000,23.00000,44.30000,10.40000,12.30000,13.10000,443.87772
2019-10-10 10:07:01 UTC,4641,25.30000,17.40000,23.00000,44.70000,10.50000,12.40000,13.00000,443.79700
2019-10-10 10:08:02 UTC,4642,25.30000,17.30000,23.10000,44.40000,10.40000,12.30000,13.00000,443.71332
2019-10-10 10:09:02 UTC,4643,25.30000,17.30000,23.10000,44.30000,10.40000,12.30000,13.10000,443.87878
2019-10-10 10:10:02 UTC,4644,25.30000,17.40000,23.10000,44.30000,10.40000,12.30000,13.10000,444.07895
2019-10-10 10:11:02 UTC,4645,25.30000,17.40000,23.00000,44.30000,10.40000,12.30000,13.10000,444.40424
2019-10-10 10:12:02 UTC,4646,25.30000,17.40000,23.00000,44.50000,10.50000,12.40000,13.10000,444.76129
2019-10-10 10:13:02 UTC,4647,25.30000,17.40000,23.00000,44.60000,10.50000,12.40000,13.00000,445.35254
2019-10-10 10:14:02 UTC,4648,25.20000,17.30000,23.10000,45.00000,10.50000,12.40000,12.80000,446.06714
2019-10-10 10:15:02 UTC,4649,25.20000,17.30000,23.20000,44.90000,10.50000,12.40000,12.80000,446.82813
2019-10-10 10:16:02 UTC,4650,25.20000,17.30000,23.20000,44.70000,10.50000,12.40000,12.90000,447.38196
2019-10-10 10:17:02 UTC,4651,25.30000,17.30000,23.30000,44.60000,10.40000,12.30000,13.00000,447.98306
2019-10-10 10:18:02 UTC,4652,25.30000,17.30000,23.40000,44.50000,10.40000,12.30000,13.00000,448.43317
2019-10-10 10:19:02 UTC,4653,25.30000,17.40000,23.50000,44.50000,10.40000,12.30000,13.00000,448.37582
2019-10-10 10:20:02 UTC,4654,25.30000,17.40000,23.60000,44.40000,10.50000,12.40000,13.10000,447.97223
2019-10-10 10:21:02 UTC,4655,25.30000,17.40000,23.60000,44.50000,10.50000,12.40000,13.10000,447.31003
2019-10-10 10:22:02 UTC,4656,25.30000,17.40000,23.60000,44.40000,10.40000,12.30000,13.10000,446.26108
2019-10-10 10:23:02 UTC,4657,25.30000,17.40000,23.70000,44.40000,10.50000,12.40000,13.10000,444.88168
2019-10-10 10:24:02 UTC,4658,25.30000,17.40000,23.70000,44.40000,10.50000,12.40000,13.10000,443.45837
2019-10-10 10:25:02 UTC,4659,25.30000,17.40000,23.70000,44.40000,10.50000,12.40000,13.10000,442.01801
2019-10-10 10:26:02 UTC,4660,25.30000,17.40000,23.70000,44.50000,10.50000,12.40000,13.10000,440.56763
2019-10-10 10:27:02 UTC,4661,25.30000,17.40000,23.80000,44.40000,10.50000,12.40000,13.10000,439.45578
2019-10-10 10:28:02 UTC,4662,25.30000,17.40000,23.80000,44.40000,10.50000,12.40000,13.10000,438.42615
2019-10-10 10:29:02 UTC,4663,25.30000,17.40000,23.80000,44.50000,10.50000,12.40000,13.10000,437.43076
2019-10-10 10:30:02 UTC,4664,25.30000,17.40000,23.80000,44.50000,10.50000,12.40000,13.10000,436.39407
2019-10-10 10:31:02 UTC,4665,25.30000,17.40000,23.80000,44.50000,10.50000,12.40000,13.10000,435.75024
2019-10-10 10:32:02 UTC,4666,25.40000,17.40000,23.80000,44.50000,10.50000,12.40000,13.10000,435.12524
2019-10-10 10:33:02 UTC,4667,25.40000,17.40000,23.80000,44.40000,10.50000,12.40000,13.10000,434.88525
2019-10-10 10:34:02 UTC,4668,25.30000,17.40000,23.80000,44.60000,10.50000,12.40000,13.10000,434.56750
2019-10-10 10:35:02 UTC,4669,25.30000,17.40000,23.80000,44.70000,10.50000,12.50000,13.00000,434.26785
2019-10-10 10:36:02 UTC,4670,25.30000,17.40000,23.80000,44.50000,10.50000,12.40000,13.10000,434.08148
2019-10-10 10:37:02 UTC,4671,25.30000,17.40000,23.80000,44.60000,10.50000,12.40000,13.10000,433.81677
2019-10-10 10:38:02 UTC,4672,25.40000,17.40000,23.80000,44.60000,10.50000,12.40000,13.10000,433.78705
2019-10-10 10:39:02 UTC,4673,25.30000,17.40000,23.80000,44.70000,10.50000,12.40000,13.00000,433.81180
2019-10-10 10:40:02 UTC,4674,25.30000,17.40000,23.80000,44.60000,10.50000,12.40000,13.10000,433.72510
2019-10-10 10:41:02 UTC,4675,25.30000,17.40000,23.80000,44.60000,10.50000,12.40000,13.10000,433.55658
2019-10-10 10:42:02 UTC,4676,25.30000,17.40000,23.80000,44.60000,10.50000,12.40000,13.00000,433.39920
2019-10-10 10:43:02 UTC,4677,25.30000,17.40000,23.80000,44.50000,10.50000,12.40000,13.10000,433.36063
2019-10-10 10:44:02 UTC,4678,25.30000,17.40000,23.80000,44.70000,10.50000,12.40000,13.00000,433.32819
2019-10-10 10:45:02 UTC,4679,25.30000,17.40000,23.80000,44.50000,10.50000,12.40000,13.10000,433.29346
2019-10-10 10:46:02 UTC,4680,25.30000,17.40000,23.80000,44.60000,10.50000,12.40000,13.10000,433.19540
2019-10-10 10:47:02 UTC,4681,25.30000,17.40000,23.80000,44.60000,10.50000,12.40000,13.00000,433.00815
2019-10-10 10:48:02 UTC,4682,25.30000,17.40000,23.80000,44.70000,10.50000,12.50000,13.00000,432.70624
2019-10-10 10:49:02 UTC,4683,25.30000,17.40000,23.80000,44.80000,10.50000,12.50000,13.00000,432.44888
2019-10-10 10:50:02 UTC,4684,25.30000,17.40000,23.80000,44.80000,10.50000,12.40000,13.00000,432.08878
2019-10-10 10:51:02 UTC,4685,25.30000,17.40000,23.80000,44.90000,10.50000,12.50000,13.00000,431.62915
2019-10-10 10:52:02 UTC,4686,25.30000,17.40000,23.80000,44.60000,10.50000,12.40000,13.00000,430.88000
2019-10-10 10:53:02 UTC,4687,25.30000,17.40000,23.80000,44.60000,10.50000,12.40000,13.00000,430.27942
2019-10-10 10:54:02 UTC,4688,25.30000,17.40000,23.80000,44.60000,10.50000,12.40000,13.00000,429.94202
2019-10-10 10:55:02 UTC,4689,25.30000,17.40000,23.80000,44.60000,10.50000,12.40000,13.00000,429.62720
2019-10-10 10:56:02 UTC,4690,25.30000,17.40000,23.80000,44.80000,10.50000,12.40000,13.00000,429.33075
2019-10-10 10:57:02 UTC,4691,25.30000,17.40000,23.80000,44.60000,10.50000,12.40000,13.00000,429.21048
2019-10-10 10:58:02 UTC,4692,25.30000,17.40000,23.80000,44.60000,10.50000,12.40000,13.00000,429.22549
2019-10-10 10:59:02 UTC,4693,25.30000,17.40000,23.80000,44.70000,10.50000,12.40000,13.00000,429.31119
2019-10-10 11:00:02 UTC,4694,25.30000,17.40000,23.80000,44.70000,10.50000,12.40000,13.00000,429.46277
2019-10-10 11:01:02 UTC,4695,25.30000,17.40000,23.80000,44.80000,10.50000,12.50000,13.00000,429.49054
2019-10-10 11:02:02 UTC,4696,25.30000,17.40000,23.80000,44.90000,10.60000,12.50000,12.90000,429.34366
2019-10-10 11:03:02 UTC,4697,25.30000,17.40000,23.80000,44.90000,10.60000,12.50000,12.90000,429.18045
2019-10-10 11:04:02 UTC,4698,25.30000,17.40000,23.80000,44.90000,10.50000,12.50000,13.00000,428.94937
2019-10-10 11:05:02 UTC,4699,25.30000,17.40000,23.80000,44.80000,10.50000,12.50000,13.00000,428.70978
2019-10-10 11:06:02 UTC,4700,25.30000,17.40000,23.80000,44.90000,10.50000,12.50000,12.90000,428.36951
2019-10-10 11:07:02 UTC,4701,25.30000,17.40000,23.80000,45.00000,10.60000,12.50000,12.90000,428.00818
2019-10-10 11:08:02 UTC,4702,25.30000,17.40000,23.80000,44.90000,10.60000,12.50000,13.00000,427.73523
2019-10-10 11:09:02 UTC,4703,25.30000,17.40000,23.80000,44.80000,10.50000,12.50000,12.90000,427.46344
2019-10-10 11:10:02 UTC,4704,25.30000,17.40000,23.80000,44.90000,10.50000,12.50000,12.90000,427.41125
2019-10-10 11:11:03 UTC,4705,25.30000,17.40000,23.80000,45.00000,10.60000,12.50000,12.90000,427.35068
2019-10-10 11:12:02 UTC,4706,25.30000,17.40000,23.80000,45.00000,10.50000,12.50000,12.90000,427.33292
2019-10-10 11:13:03 UTC,4707,25.20000,17.40000,23.80000,45.00000,10.50000,12.50000,12.90000,427.47263
2019-10-10 11:14:03 UTC,4708,25.20000,17.40000,23.80000,45.00000,10.50000,12.50000,12.90000,427.57382
2019-10-10 11:15:02 UTC,4709,25.20000,17.40000,23.80000,45.10000,10.60000,12.50000,12.90000,427.68564
2019-10-10 11:16:03 UTC,4710,25.20000,17.40000,23.80000,45.20000,10.60000,12.50000,12.80000,427.70532
2019-10-10 11:17:03 UTC,4711,25.30000,17.40000,23.80000,44.90000,10.50000,12.40000,12.90000,427.68219
2019-10-10 11:18:03 UTC,4712,25.30000,17.40000,23.80000,44.90000,10.50000,12.40000,12.90000,427.59009
2019-10-10 11:19:03 UTC,4713,25.20000,17.40000,23.80000,45.00000,10.50000,12.40000,12.90000,427.54529
2019-10-10 11:20:03 UTC,4714,25.20000,17.40000,23.80000,45.10000,10.50000,12.50000,12.80000,427.50555
2019-10-10 11:21:03 UTC,4715,25.20000,17.40000,23.80000,45.20000,10.60000,12.50000,12.80000,427.42838
2019-10-10 11:22:03 UTC,4716,25.20000,17.40000,23.80000,45.20000,10.60000,12.50000,12.80000,427.29010
2019-10-10 11:23:03 UTC,4717,25.20000,17.40000,23.80000,45.20000,10.60000,12.50000,12.80000,427.20218
2019-10-10 11:24:03 UTC,4718,25.20000,17.40000,23.80000,45.10000,10.50000,12.50000,12.90000,427.11499
2019-10-10 11:25:03 UTC,4719,25.20000,17.40000,23.80000,45.00000,10.50000,12.50000,12.90000,427.04703
2019-10-10 11:26:03 UTC,4720,25.20000,17.40000,23.80000,45.10000,10.50000,12.50000,12.80000,427.06107
2019-10-10 11:27:04 UTC,4721,25.20000,17.40000,23.80000,45.20000,10.60000,12.50000,12.80000,427.02362
2019-10-10 11:28:03 UTC,4722,25.20000,17.40000,23.80000,44.90000,10.50000,12.40000,12.90000,426.94547
2019-10-10 11:29:03 UTC,4723,25.20000,17.40000,23.80000,45.10000,10.50000,12.50000,12.80000,426.81509
2019-10-10 11:30:03 UTC,4724,25.20000,17.40000,23.80000,45.10000,10.50000,12.50000,12.80000,426.77710
2019-10-10 11:31:03 UTC,4725,25.20000,17.40000,23.80000,45.00000,10.50000,12.50000,12.90000,426.76938
2019-10-10 11:32:03 UTC,4726,25.20000,17.40000,23.80000,45.00000,10.50000,12.50000,12.90000,426.66998
2019-10-10 11:33:03 UTC,4727,25.20000,17.40000,23.80000,45.20000,10.60000,12.50000,12.80000,426.45557
2019-10-10 11:34:03 UTC,4728,25.20000,17.40000,23.80000,45.10000,10.50000,12.50000,12.80000,426.18808
2019-10-10 11:35:03 UTC,4729,25.20000,17.40000,23.80000,45.00000,10.50000,12.50000,12.80000,425.84427
2019-10-10 11:36:03 UTC,4730,25.20000,17.40000,23.80000,45.00000,10.50000,12.40000,12.90000,425.46622
2019-10-10 11:37:03 UTC,4731,25.20000,17.40000,23.80000,45.20000,10.60000,12.50000,12.80000,425.25256
2019-10-10 11:38:03 UTC,4732,25.20000,17.40000,23.80000,45.10000,10.60000,12.50000,12.80000,425.11502
2019-10-10 11:39:03 UTC,4733,25.20000,17.40000,23.80000,45.10000,10.50000,12.50000,12.80000,424.81711
2019-10-10 11:40:03 UTC,4734,25.20000,17.40000,23.80000,45.20000,10.60000,12.50000,12.80000,424.52969
2019-10-10 11:41:03 UTC,4735,25.20000,17.40000,23.80000,45.30000,10.60000,12.50000,12.80000,424.36316
2019-10-10 11:42:03 UTC,4736,25.20000,17.40000,23.80000,45.20000,10.60000,12.50000,12.80000,424.23724
2019-10-10 11:43:03 UTC,4737,25.20000,17.40000,23.80000,45.20000,10.50000,12.50000,12.80000,424.12924
2019-10-10 11:44:03 UTC,4738,25.20000,17.40000,23.80000,45.20000,10.50000,12.50000,12.80000,424.13284
2019-10-10 11:45:03 UTC,4739,25.20000,17.40000,23.80000,45.40000,10.60000,12.50000,12.70000,424.18765
2019-10-10 11:46:03 UTC,4740,25.20000,17.40000,23.80000,45.40000,10.60000,12.50000,12.80000,424.19992
2019-10-10 11:47:03 UTC,4741,25.10000,17.40000,23.80000,45.40000,10.60000,12.50000,12.70000,424.24362
2019-10-10 11:48:03 UTC,4742,25.20000,17.40000,23.80000,45.50000,10.60000,12.60000,12.70000,424.25040
2019-10-10 11:49:03 UTC,4743,25.20000,17.40000,23.80000,45.40000,10.60000,12.50000,12.70000,424.13882
2019-10-10 11:50:03 UTC,4744,25.20000,17.40000,23.80000,45.40000,10.60000,12.50000,12.70000,423.99557
2019-10-10 11:51:06 UTC,4745,25.10000,17.40000,23.80000,45.40000,10.60000,12.50000,12.70000,423.77670
2019-10-10 11:52:04 UTC,4746,25.10000,17.40000,23.80000,45.60000,10.60000,12.60000,12.70000,423.53940
2019-10-10 11:53:04 UTC,4747,25.20000,17.40000,23.80000,45.50000,10.60000,12.60000,12.70000,423.17691
2019-10-10 11:54:04 UTC,4748,25.20000,17.40000,23.80000,45.30000,10.60000,12.50000,12.80000,422.73706
2019-10-10 11:55:04 UTC,4749,25.10000,17.40000,23.80000,45.60000,10.60000,12.60000,12.70000,422.20502
2019-10-10 11:56:04 UTC,4750,25.20000,17.40000,23.80000,45.40000,10.60000,12.50000,12.70000,421.59100
2019-10-10 11:57:04 UTC,4751,25.20000,17.40000,23.80000,45.50000,10.60000,12.60000,12.70000,421.37421
2019-10-10 11:58:04 UTC,4752,25.20000,17.50000,23.80000,45.60000,10.60000,12.60000,12.70000,421.37997
2019-10-10 11:59:04 UTC,4753,25.20000,17.50000,23.80000,45.40000,10.60000,12.60000,12.80000,421.45154
2019-10-10 12:00:04 UTC,4754,25.20000,17.50000,23.80000,45.60000,10.60000,12.60000,12.70000,421.36679
2019-10-10 12:01:04 UTC,4755,25.20000,17.40000,23.80000,45.40000,10.60000,12.60000,12.80000,421.23480
2019-10-10 12:02:04 UTC,4756,25.20000,17.40000,23.80000,45.30000,10.60000,12.50000,12.80000,421.21191
2019-10-10 12:03:05 UTC,4757,25.20000,17.40000,23.80000,45.30000,10.60000,12.50000,12.80000,421.19296
2019-10-10 12:04:04 UTC,4758,25.10000,17.40000,23.80000,45.60000,10.60000,12.60000,12.70000,421.17694
2019-10-10 12:05:04 UTC,4759,25.10000,17.40000,23.80000,45.70000,10.60000,12.60000,12.70000,421.09027
2019-10-10 12:06:04 UTC,4760,25.10000,17.40000,23.80000,45.50000,10.60000,12.50000,12.70000,420.95795
2019-10-10 12:07:04 UTC,4761,25.10000,17.40000,23.80000,45.60000,10.60000,12.60000,12.60000,420.77866
2019-10-10 12:08:05 UTC,4762,25.10000,17.40000,23.80000,45.60000,10.60000,12.50000,12.60000,420.70132
2019-10-10 12:09:04 UTC,4763,25.10000,17.40000,23.80000,45.70000,10.60000,12.60000,12.60000,420.57050
2019-10-10 12:10:04 UTC,4764,25.10000,17.40000,23.80000,45.70000,10.60000,12.60000,12.60000,420.44968
2019-10-10 12:11:05 UTC,4765,25.10000,17.40000,23.80000,45.80000,10.60000,12.60000,12.60000,420.33191
2019-10-10 12:12:05 UTC,4766,25.10000,17.40000,23.80000,45.90000,10.70000,12.60000,12.50000,420.28577
2019-10-10 12:13:05 UTC,4767,25.10000,17.40000,23.80000,45.80000,10.60000,12.60000,12.60000,420.35956
2019-10-10 12:14:05 UTC,4768,25.10000,17.40000,23.80000,45.80000,10.60000,12.60000,12.60000,420.43240
2019-10-10 12:15:05 UTC,4769,25.10000,17.40000,23.80000,45.70000,10.60000,12.50000,12.60000,420.48102
2019-10-10 12:16:05 UTC,4770,25.00000,17.40000,23.80000,46.00000,10.60000,12.60000,12.50000,420.55490
2019-10-10 12:17:05 UTC,4771,25.00000,17.40000,23.80000,45.90000,10.60000,12.60000,12.50000,420.58627
2019-10-10 12:18:05 UTC,4772,25.00000,17.40000,23.80000,45.80000,10.60000,12.50000,12.50000,420.54593
2019-10-10 12:19:05 UTC,4773,25.00000,17.40000,23.70000,45.90000,10.60000,12.60000,12.50000,420.45239
2019-10-10 12:20:05 UTC,4774,25.00000,17.40000,23.80000,45.80000,10.60000,12.50000,12.50000,420.29230
2019-10-10 12:21:05 UTC,4775,25.00000,17.40000,23.70000,45.90000,10.60000,12.50000,12.50000,420.18036
2019-10-10 12:22:05 UTC,4776,25.00000,17.40000,23.70000,45.90000,10.60000,12.50000,12.50000,420.09433
2019-10-10 12:23:05 UTC,4777,25.00000,17.40000,23.70000,46.00000,10.60000,12.60000,12.50000,420.09955
2019-10-10 12:24:05 UTC,4778,25.00000,17.40000,23.70000,45.90000,10.60000,12.60000,12.50000,419.99399
2019-10-10 12:25:05 UTC,4779,25.00000,17.40000,23.70000,46.20000,10.70000,12.60000,12.40000,419.93649
2019-10-10 12:26:05 UTC,4780,25.00000,17.40000,23.70000,46.20000,10.70000,12.60000,12.40000,419.95203
2019-10-10 12:27:05 UTC,4781,25.00000,17.40000,23.70000,46.10000,10.60000,12.60000,12.40000,419.98190
2019-10-10 12:28:05 UTC,4782,25.00000,17.30000,23.70000,46.00000,10.60000,12.50000,12.50000,420.03540
2019-10-10 12:29:05 UTC,4783,25.00000,17.30000,23.70000,46.00000,10.60000,12.50000,12.40000,420.02310
2019-10-10 12:30:05 UTC,4784,25.00000,17.40000,23.70000,46.10000,10.60000,12.60000,12.40000,419.96246
2019-10-10 12:31:05 UTC,4785,25.00000,17.40000,23.70000,46.10000,10.60000,12.60000,12.40000,419.91068
2019-10-10 12:32:05 UTC,4786,24.90000,17.40000,23.70000,46.10000,10.60000,12.60000,12.40000,419.91580
2019-10-10 12:33:05 UTC,4787,24.90000,17.40000,23.70000,46.20000,10.60000,12.60000,12.40000,419.93857
2019-10-10 12:34:05 UTC,4788,25.00000,17.30000,23.70000,46.00000,10.60000,12.60000,12.40000,419.84888
2019-10-10 12:35:05 UTC,4789,24.90000,17.40000,23.70000,46.30000,10.60000,12.60000,12.30000,419.79111
2019-10-10 12:36:05 UTC,4790,24.90000,17.40000,23.70000,46.40000,10.70000,12.70000,12.30000,419.69177
2019-10-10 12:37:05 UTC,4791,24.90000,17.40000,23.70000,46.30000,10.60000,12.60000,12.30000,419.51926
2019-10-10 12:38:05 UTC,4792,24.90000,17.30000,23.70000,46.20000,10.60000,12.60000,12.40000,419.25616
2019-10-10 12:39:05 UTC,4793,24.90000,17.40000,23.70000,46.30000,10.60000,12.60000,12.30000,418.82050
2019-10-10 12:40:05 UTC,4794,24.90000,17.30000,23.70000,46.20000,10.60000,12.60000,12.30000,418.14731
2019-10-10 12:41:05 UTC,4795,24.90000,17.30000,23.70000,46.20000,10.60000,12.60000,12.30000,417.35446
2019-10-10 12:42:05 UTC,4796,24.90000,17.30000,23.70000,46.20000,10.60000,12.60000,12.40000,416.80746
2019-10-10 12:43:05 UTC,4797,24.90000,17.30000,23.70000,46.30000,10.60000,12.60000,12.30000,416.54584
2019-10-10 12:44:05 UTC,4798,24.90000,17.30000,23.70000,46.20000,10.60000,12.60000,12.30000,416.49594
2019-10-10 12:45:05 UTC,4799,24.90000,17.30000,23.70000,46.20000,10.60000,12.60000,12.40000,416.76309
2019-10-10 12:46:05 UTC,4800,24.90000,17.30000,23.70000,46.20000,10.60000,12.60000,12.30000,417.18204
2019-10-10 12:47:05 UTC,4801,24.90000,17.30000,23.70000,46.20000,10.60000,12.60000,12.40000,417.72723
2019-10-10 12:48:05 UTC,4802,24.90000,17.30000,23.70000,46.30000,10.60000,12.60000,12.30000,418.47946
2019-10-10 12:49:05 UTC,4803,24.90000,17.30000,23.70000,46.20000,10.60000,12.60000,12.30000,419.17218
2019-10-10 12:50:05 UTC,4804,24.90000,17.30000,23.70000,46.20000,10.60000,12.60000,12.40000,419.50827
2019-10-10 12:51:05 UTC,4805,24.90000,17.30000,23.70000,46.20000,10.60000,12.60000,12.30000,419.48181
2019-10-10 12:52:05 UTC,4806,24.90000,17.30000,23.70000,46.20000,10.60000,12.60000,12.40000,419.31589
2019-10-10 12:53:05 UTC,4807,24.90000,17.30000,23.70000,46.30000,10.60000,12.60000,12.30000,419.02692
2019-10-10 12:54:06 UTC,4808,24.90000,17.30000,23.70000,46.30000,10.60000,12.60000,12.30000,418.76889
2019-10-10 12:55:05 UTC,4809,24.90000,17.30000,23.70000,46.30000,10.60000,12.60000,12.30000,418.42831
2019-10-10 12:56:05 UTC,4810,24.90000,17.40000,23.70000,46.30000,10.60000,12.60000,12.30000,418.08401
2019-10-10 12:57:05 UTC,4811,24.90000,17.30000,23.70000,46.30000,10.60000,12.60000,12.30000,417.71417
2019-10-10 12:58:05 UTC,4812,24.90000,17.30000,23.70000,46.30000,10.60000,12.60000,12.30000,417.35519
2019-10-10 12:59:06 UTC,4813,24.90000,17.30000,23.60000,46.40000,10.60000,12.60000,12.30000,417.03198
2019-10-10 13:00:05 UTC,4814,24.90000,17.30000,23.70000,46.30000,10.60000,12.60000,12.30000,416.69754
2019-10-10 13:01:05 UTC,4815,24.90000,17.30000,23.70000,46.40000,10.60000,12.60000,12.30000,416.47781
2019-10-10 13:02:05 UTC,4816,24.90000,17.40000,23.70000,46.50000,10.70000,12.60000,12.30000,416.22986
2019-10-10 13:03:05 UTC,4817,24.90000,17.40000,23.70000,46.60000,10.70000,12.70000,12.20000,416.08173
2019-10-10 13:04:05 UTC,4818,24.90000,17.40000,23.70000,46.50000,10.70000,12.60000,12.20000,415.95847
2019-10-10 13:05:05 UTC,4819,24.90000,17.40000,23.70000,46.60000,10.70000,12.60000,12.20000,415.84589
2019-10-10 13:06:05 UTC,4820,24.80000,17.40000,23.70000,46.60000,10.70000,12.70000,12.20000,415.78534
2019-10-10 13:07:05 UTC,4821,24.90000,17.40000,23.70000,46.60000,10.70000,12.70000,12.20000,415.80576
2019-10-10 13:08:05 UTC,4822,24.80000,17.30000,23.70000,46.60000,10.70000,12.60000,12.20000,415.93619
2019-10-10 13:09:05 UTC,4823,24.80000,17.40000,23.70000,46.80000,10.70000,12.70000,12.20000,416.00031
2019-10-10 13:10:05 UTC,4824,24.80000,17.40000,23.70000,46.60000,10.70000,12.60000,12.20000,416.11380
2019-10-10 13:11:05 UTC,4825,24.80000,17.30000,23.70000,46.50000,10.70000,12.60000,12.20000,416.25995
2019-10-10 13:12:05 UTC,4826,24.80000,17.30000,23.70000,46.50000,10.60000,12.60000,12.20000,416.49338
2019-10-10 13:13:05 UTC,4827,24.80000,17.30000,23.70000,46.40000,10.60000,12.60000,12.30000,416.82611
2019-10-10 13:14:05 UTC,4828,24.80000,17.30000,23.70000,46.40000,10.60000,12.60000,12.30000,417.16217
2019-10-10 13:15:05 UTC,4829,24.80000,17.30000,23.60000,46.50000,10.60000,12.60000,12.20000,417.47226
2019-10-10 13:16:05 UTC,4830,24.80000,17.30000,23.60000,46.50000,10.60000,12.60000,12.30000,417.82831
2019-10-10 13:17:05 UTC,4831,24.80000,17.30000,23.60000,46.50000,10.60000,12.60000,12.20000,418.08334
2019-10-10 13:18:05 UTC,4832,24.80000,17.30000,23.60000,46.50000,10.60000,12.60000,12.20000,418.30661
2019-10-10 13:19:05 UTC,4833,24.80000,17.30000,23.60000,46.60000,10.60000,12.60000,12.20000,418.60120
2019-10-10 13:20:05 UTC,4834,24.80000,17.30000,23.60000,46.60000,10.60000,12.60000,12.20000,418.82275
2019-10-10 13:21:05 UTC,4835,24.80000,17.30000,23.60000,46.60000,10.60000,12.60000,12.20000,418.95575
2019-10-10 13:22:05 UTC,4836,24.80000,17.30000,23.60000,46.60000,10.60000,12.60000,12.20000,419.15201
2019-10-10 13:23:06 UTC,4837,24.80000,17.30000,23.60000,46.50000,10.60000,12.60000,12.20000,419.35202
2019-10-10 13:24:05 UTC,4838,24.80000,17.30000,23.60000,46.60000,10.70000,12.60000,12.20000,419.54648
2019-10-10 13:25:06 UTC,4839,24.80000,17.30000,23.60000,46.70000,10.70000,12.60000,12.20000,419.62787
2019-10-10 13:26:05 UTC,4840,24.80000,17.30000,23.60000,46.70000,10.70000,12.60000,12.20000,419.62323
2019-10-10 13:27:06 UTC,4841,24.80000,17.30000,23.60000,46.80000,10.70000,12.60000,12.10000,419.63528
2019-10-10 13:28:05 UTC,4842,24.80000,17.30000,23.60000,46.80000,10.70000,12.70000,12.10000,419.70300
2019-10-10 13:29:06 UTC,4843,24.80000,17.30000,23.60000,46.80000,10.70000,12.60000,12.10000,419.75516
2019-10-10 13:30:08 UTC,4844,24.80000,17.30000,23.60000,46.70000,10.70000,12.60000,12.20000,419.77432
2019-10-10 13:31:07 UTC,4845,24.80000,17.30000,23.60000,46.70000,10.70000,12.60000,12.20000,419.77859
2019-10-10 13:32:07 UTC,4846,24.80000,17.30000,23.60000,46.80000,10.70000,12.60000,12.10000,419.77072
2019-10-10 13:33:07 UTC,4847,24.80000,17.30000,23.60000,46.80000,10.70000,12.60000,12.10000,419.78055
2019-10-10 13:34:07 UTC,4848,24.80000,17.30000,23.60000,46.70000,10.70000,12.60000,12.20000,419.81046
2019-10-10 13:35:07 UTC,4849,24.80000,17.30000,23.60000,46.80000,10.70000,12.60000,12.10000,419.87421
2019-10-10 13:36:07 UTC,4850,24.80000,17.30000,23.60000,46.70000,10.70000,12.60000,12.20000,419.83054
2019-10-10 13:37:07 UTC,4851,24.70000,17.30000,23.60000,46.90000,10.70000,12.60000,12.10000,419.78009
2019-10-10 13:38:07 UTC,4852,24.70000,17.30000,23.50000,46.90000,10.70000,12.60000,12.10000,419.73343
2019-10-10 13:39:07 UTC,4853,24.70000,17.30000,23.50000,46.80000,10.70000,12.60000,12.10000,419.70026
2019-10-10 13:40:07 UTC,4854,24.80000,17.30000,23.60000,46.80000,10.70000,12.60000,12.10000,419.69351
2019-10-10 13:41:07 UTC,4855,24.80000,17.30000,23.60000,46.90000,10.70000,12.70000,12.10000,419.65469
2019-10-10 13:42:07 UTC,4856,24.80000,17.30000,23.60000,46.90000,10.70000,12.70000,12.10000,419.63254
2019-10-10 13:43:07 UTC,4857,24.80000,17.30000,23.50000,46.80000,10.70000,12.60000,12.10000,419.68414
2019-10-10 13:44:07 UTC,4858,24.80000,17.30000,23.60000,46.80000,10.70000,12.60000,12.10000,419.74680
2019-10-10 13:45:07 UTC,4859,24.80000,17.30000,23.50000,46.70000,10.60000,12.60000,12.20000,419.84488
2019-10-10 13:46:07 UTC,4860,24.80000,17.30000,23.60000,46.70000,10.60000,12.60000,12.20000,419.94623
2019-10-10 13:47:07 UTC,4861,24.80000,17.30000,23.50000,46.80000,10.70000,12.60000,12.10000,420.06097
2019-10-10 13:48:07 UTC,4862,24.80000,17.30000,23.60000,46.70000,10.70000,12.60000,12.20000,420.09811
2019-10-10 13:49:07 UTC,4863,24.80000,17.30000,23.60000,46.80000,10.70000,12.60000,12.10000,420.13239
2019-10-10 13:50:07 UTC,4864,24.70000,17.30000,23.50000,46.90000,10.70000,12.70000,12.10000,420.21948
2019-10-10 13:51:07 UTC,4865,24.80000,17.30000,23.50000,46.80000,10.70000,12.60000,12.10000,420.32962
2019-10-10 13:52:08 UTC,4866,24.80000,17.30000,23.50000,46.80000,10.70000,12.60000,12.10000,420.39819
2019-10-10 13:53:08 UTC,4867,24.80000,17.30000,23.50000,46.80000,10.70000,12.60000,12.10000,420.40930
2019-10-10 13:54:08 UTC,4868,24.80000,17.30000,23.50000,46.70000,10.70000,12.60000,12.20000,420.37436
2019-10-10 13:55:08 UTC,4869,24.80000,17.30000,23.50000,46.60000,10.60000,12.60000,12.20000,420.33246
2019-10-10 13:56:08 UTC,4870,24.80000,17.30000,23.60000,46.80000,10.70000,12.60000,12.10000,420.25363
2019-10-10 13:57:08 UTC,4871,24.80000,17.30000,23.60000,46.80000,10.70000,12.60000,12.10000,420.17331
2019-10-10 13:58:08 UTC,4872,24.80000,17.30000,23.60000,46.90000,10.70000,12.60000,12.10000,420.10205
2019-10-10 13:59:08 UTC,4873,24.80000,17.30000,23.60000,46.90000,10.70000,12.70000,12.10000,420.01910
2019-10-10 14:00:08 UTC,4874,24.80000,17.30000,23.50000,46.80000,10.70000,12.60000,12.10000,419.89676
2019-10-10 14:01:08 UTC,4875,24.70000,17.30000,23.50000,46.80000,10.60000,12.60000,12.10000,419.75430
2019-10-10 14:02:08 UTC,4876,24.80000,17.30000,23.50000,46.70000,10.60000,12.60000,12.20000,419.69211
2019-10-10 14:03:08 UTC,4877,24.70000,17.30000,23.50000,46.80000,10.70000,12.60000,12.10000,419.74612
2019-10-10 14:04:08 UTC,4878,24.70000,17.30000,23.50000,46.90000,10.70000,12.60000,12.10000,419.82355
2019-10-10 14:05:08 UTC,4879,24.70000,17.30000,23.50000,46.90000,10.60000,12.60000,12.10000,419.82941
2019-10-10 14:06:08 UTC,4880,24.70000,17.30000,23.50000,46.80000,10.60000,12.60000,12.10000,419.79819
2019-10-10 14:07:08 UTC,4881,24.70000,17.30000,23.50000,47.00000,10.70000,12.70000,12.00000,419.62262
2019-10-10 14:08:08 UTC,4882,24.70000,17.30000,23.50000,46.80000,10.60000,12.60000,12.10000,419.43851
2019-10-10 14:09:08 UTC,4883,24.70000,17.30000,23.50000,47.00000,10.70000,12.70000,12.00000,419.30118
2019-10-10 14:10:08 UTC,4884,24.70000,17.30000,23.50000,46.80000,10.60000,12.60000,12.10000,419.19708
2019-10-10 14:11:08 UTC,4885,24.70000,17.30000,23.50000,47.00000,10.70000,12.60000,12.00000,419.00772
2019-10-10 14:12:08 UTC,4886,24.70000,17.30000,23.50000,46.90000,10.70000,12.60000,12.10000,418.80942
2019-10-10 14:13:08 UTC,4887,24.70000,17.30000,23.50000,47.00000,10.70000,12.70000,12.00000,418.64890
2019-10-10 14:14:08 UTC,4888,24.70000,17.30000,23.50000,47.00000,10.70000,12.60000,12.00000,418.54422
2019-10-10 14:15:08 UTC,4889,24.70000,17.30000,23.50000,46.80000,10.60000,12.60000,12.10000,418.49255
2019-10-10 14:16:08 UTC,4890,24.70000,17.30000,23.50000,47.10000,10.70000,12.60000,12.00000,418.45361
2019-10-10 14:17:08 UTC,4891,24.70000,17.30000,23.50000,47.20000,10.70000,12.70000,12.00000,418.34821
2019-10-10 14:18:08 UTC,4892,24.70000,17.30000,23.50000,47.00000,10.70000,12.60000,12.00000,418.23801
2019-10-10 14:19:08 UTC,4893,24.70000,17.30000,23.50000,47.00000,10.70000,12.70000,12.00000,418.08255
2019-10-10 14:20:08 UTC,4894,24.70000,17.30000,23.50000,47.10000,10.70000,12.70000,12.00000,417.99054
2019-10-10 14:21:08 UTC,4895,24.70000,17.30000,23.50000,46.80000,10.60000,12.60000,12.10000,417.97226
2019-10-10 14:22:08 UTC,4896,24.70000,17.30000,23.50000,46.80000,10.60000,12.60000,12.10000,418.04742
2019-10-10 14:23:08 UTC,4897,24.70000,17.30000,23.50000,46.90000,10.60000,12.60000,12.10000,418.17212
2019-10-10 14:24:08 UTC,4898,24.70000,17.30000,23.50000,47.20000,10.70000,12.70000,12.00000,418.30267
2019-10-10 14:25:08 UTC,4899,24.70000,17.30000,23.50000,47.20000,10.70000,12.70000,12.00000,418.48627
2019-10-10 14:26:11 UTC,4900,24.60000,17.30000,23.50000,47.10000,10.70000,12.60000,12.00000,418.75159
2019-10-10 14:27:09 UTC,4901,24.60000,17.30000,23.50000,47.00000,10.70000,12.60000,12.00000,419.07254
2019-10-10 14:28:10 UTC,4902,24.70000,17.30000,23.50000,47.10000,10.70000,12.60000,12.00000,419.27625
2019-10-10 14:29:10 UTC,4903,24.70000,17.30000,23.50000,47.10000,10.70000,12.60000,12.00000,419.44492
2019-10-10 14:30:10 UTC,4904,24.70000,17.30000,23.50000,47.10000,10.70000,12.60000,12.00000,419.59583
2019-10-10 14:31:10 UTC,4905,24.60000,17.30000,23.50000,47.20000,10.70000,12.70000,11.90000,419.66510
2019-10-10 14:32:10 UTC,4906,24.60000,17.30000,23.50000,47.40000,10.70000,12.70000,11.90000,419.84161
2019-10-10 14:33:10 UTC,4907,24.60000,17.30000,23.40000,47.40000,10.70000,12.70000,11.90000,419.99506
2019-10-10 14:34:10 UTC,4908,24.60000,17.30000,23.40000,47.30000,10.70000,12.70000,11.90000,420.10977
2019-10-10 14:35:10 UTC,4909,24.60000,17.30000,23.50000,47.20000,10.70000,12.70000,12.00000,420.35437
2019-10-10 14:36:10 UTC,4910,24.60000,17.30000,23.50000,47.30000,10.70000,12.70000,11.90000,420.70001
2019-10-10 14:37:10 UTC,4911,24.60000,17.30000,23.50000,47.20000,10.70000,12.70000,11.90000,421.13370
2019-10-10 14:38:10 UTC,4912,24.60000,17.30000,23.40000,47.50000,10.70000,12.70000,11.80000,421.49036
2019-10-10 14:39:10 UTC,4913,24.60000,17.30000,23.40000,47.50000,10.70000,12.70000,11.90000,421.91382
2019-10-10 14:40:10 UTC,4914,24.60000,17.30000,23.40000,47.50000,10.70000,12.70000,11.90000,422.06870
2019-10-10 14:41:10 UTC,4915,24.60000,17.30000,23.40000,47.60000,10.80000,12.80000,11.80000,422.21689
2019-10-10 14:42:10 UTC,4916,24.60000,17.30000,23.40000,47.50000,10.70000,12.70000,11.90000,422.43872
2019-10-10 14:43:10 UTC,4917,24.60000,17.30000,23.40000,47.40000,10.70000,12.70000,11.90000,422.61316
2019-10-10 14:44:10 UTC,4918,24.60000,17.30000,23.50000,47.40000,10.70000,12.70000,11.90000,422.61835
2019-10-10 14:45:10 UTC,4919,24.60000,17.30000,23.40000,47.40000,10.70000,12.70000,11.90000,422.63977
2019-10-10 14:46:10 UTC,4920,24.60000,17.30000,23.50000,47.40000,10.70000,12.70000,11.90000,422.67282
2019-10-10 14:47:10 UTC,4921,24.60000,17.30000,23.50000,47.50000,10.70000,12.70000,11.90000,422.61481
2019-10-10 14:48:10 UTC,4922,24.60000,17.30000,23.40000,47.50000,10.70000,12.70000,11.90000,422.52924
2019-10-10 14:49:13 UTC,4923,24.60000,17.30000,23.40000,47.40000,10.70000,12.70000,11.90000,422.52719
2019-10-10 14:50:11 UTC,4924,24.60000,17.30000,23.50000,47.50000,10.70000,12.70000,11.90000,422.55057
2019-10-10 14:51:12 UTC,4925,24.60000,17.30000,23.50000,47.40000,10.70000,12.70000,11.90000,422.48557
2019-10-10 14:52:11 UTC,4926,24.60000,17.30000,23.40000,47.30000,10.70000,12.70000,11.90000,422.46930
2019-10-10 14:53:11 UTC,4927,24.60000,17.30000,23.50000,47.40000,10.70000,12.70000,11.90000,422.48843
2019-10-10 14:54:11 UTC,4928,24.60000,17.30000,23.40000,47.30000,10.70000,12.70000,11.90000,422.49506
2019-10-10 14:55:11 UTC,4929,24.60000,17.30000,23.50000,47.40000,10.70000,12.70000,11.90000,422.52261
2019-10-10 14:56:11 UTC,4930,24.60000,17.30000,23.40000,47.40000,10.70000,12.70000,11.90000,422.55795
2019-10-10 14:57:11 UTC,4931,24.60000,17.30000,23.50000,47.40000,10.70000,12.70000,11.90000,422.56952
2019-10-10 14:58:12 UTC,4932,24.60000,17.30000,23.50000,47.40000,10.70000,12.70000,11.90000,422.52075
2019-10-10 14:59:11 UTC,4933,24.60000,17.30000,23.50000,47.30000,10.70000,12.70000,11.90000,422.43494
2019-10-10 15:00:11 UTC,4934,24.60000,17.30000,23.40000,47.50000,10.70000,12.70000,11.90000,422.41400
2019-10-10 15:01:12 UTC,4935,24.60000,17.30000,23.40000,47.50000,10.70000,12.70000,11.90000,422.33575
2019-10-10 15:02:11 UTC,4936,24.60000,17.30000,23.40000,47.60000,10.80000,12.80000,11.80000,422.17590
2019-10-10 15:03:12 UTC,4937,24.60000,17.30000,23.40000,47.70000,10.80000,12.80000,11.80000,422.04333
2019-10-10 15:04:11 UTC,4938,24.60000,17.30000,23.40000,47.50000,10.70000,12.70000,11.90000,422.01862
2019-10-10 15:05:12 UTC,4939,24.60000,17.30000,23.50000,47.50000,10.80000,12.80000,11.90000,422.09970
2019-10-10 15:06:12 UTC,4940,24.60000,17.30000,23.50000,47.60000,10.80000,12.80000,11.90000,422.22745
2019-10-10 15:07:12 UTC,4941,24.60000,17.30000,23.40000,47.50000,10.70000,12.70000,11.90000,422.42520
2019-10-10 15:08:12 UTC,4942,24.60000,17.30000,23.40000,47.60000,10.80000,12.80000,11.90000,422.54300
2019-10-10 15:09:12 UTC,4943,24.60000,17.30000,23.40000,47.60000,10.80000,12.80000,11.90000,422.58319
2019-10-10 15:10:12 UTC,4944,24.60000,17.30000,23.40000,47.70000,10.80000,12.80000,11.80000,422.71866
2019-10-10 15:11:12 UTC,4945,24.60000,17.30000,23.40000,47.60000,10.70000,12.70000,11.80000,422.89395
2019-10-10 15:12:12 UTC,4946,24.60000,17.30000,23.40000,47.60000,10.70000,12.70000,11.80000,422.98718
2019-10-10 15:13:12 UTC,4947,24.60000,17.30000,23.40000,47.50000,10.70000,12.70000,11.90000,423.03262
2019-10-10 15:14:12 UTC,4948,24.60000,17.30000,23.40000,47.60000,10.70000,12.70000,11.80000,422.99365
2019-10-10 15:15:12 UTC,4949,24.60000,17.30000,23.40000,47.70000,10.80000,12.80000,11.80000,422.86765
2019-10-10 15:16:13 UTC,4950,24.60000,17.30000,23.40000,47.60000,10.70000,12.70000,11.80000,422.71591
2019-10-10 15:17:12 UTC,4951,24.60000,17.30000,23.40000,47.80000,10.80000,12.80000,11.80000,422.63678
2019-10-10 15:18:12 UTC,4952,24.60000,17.30000,23.40000,47.60000,10.70000,12.70000,11.80000,422.58383
2019-10-10 15:19:12 UTC,4953,24.60000,17.30000,23.40000,47.70000,10.80000,12.80000,11.80000,422.44308
2019-10-10 15:20:12 UTC,4954,24.60000,17.30000,23.40000,47.60000,10.70000,12.70000,11.80000,422.32852
2019-10-10 15:21:12 UTC,4955,24.60000,17.30000,23.40000,47.70000,10.80000,12.80000,11.80000,422.12100
2019-10-10 15:22:12 UTC,4956,24.60000,17.30000,23.40000,47.80000,10.80000,12.80000,11.80000,421.90292
2019-10-10 15:23:12 UTC,4957,24.60000,17.30000,23.40000,47.70000,10.80000,12.80000,11.80000,421.71536
2019-10-10 15:24:12 UTC,4958,24.60000,17.30000,23.40000,47.60000,10.70000,12.70000,11.80000,421.46814
2019-10-10 15:25:14 UTC,4959,24.50000,17.30000,23.40000,47.60000,10.70000,12.70000,11.80000,421.20685
2019-10-10 15:26:13 UTC,4960,24.60000,17.30000,23.40000,47.50000,10.70000,12.70000,11.80000,420.87924
2019-10-10 15:27:13 UTC,4961,24.60000,17.30000,23.40000,47.50000,10.70000,12.70000,11.80000,420.58676
2019-10-10 15:28:13 UTC,4962,24.60000,17.30000,23.40000,47.60000,10.70000,12.70000,11.80000,420.41437
2019-10-10 15:29:13 UTC,4963,24.50000,17.30000,23.40000,47.60000,10.70000,12.70000,11.80000,420.31000
2019-10-10 15:30:13 UTC,4964,24.60000,17.30000,23.40000,47.60000,10.70000,12.70000,11.80000,420.37869
2019-10-10 15:31:13 UTC,4965,24.50000,17.30000,23.40000,47.80000,10.80000,12.80000,11.70000,420.43689
2019-10-10 15:32:13 UTC,4966,24.50000,17.30000,23.30000,47.70000,10.70000,12.70000,11.80000,420.61804
2019-10-10 15:33:13 UTC,4967,24.50000,17.30000,23.40000,47.60000,10.70000,12.70000,11.80000,420.89224
2019-10-10 15:34:13 UTC,4968,24.60000,17.30000,23.30000,47.50000,10.70000,12.70000,11.80000,421.19846
2019-10-10 15:35:13 UTC,4969,24.60000,17.30000,23.40000,47.60000,10.70000,12.70000,11.80000,421.56503
2019-10-10 15:36:13 UTC,4970,24.60000,17.30000,23.40000,47.60000,10.70000,12.70000,11.80000,421.92221
2019-10-10 15:37:13 UTC,4971,24.50000,17.30000,23.40000,47.60000,10.70000,12.70000,11.80000,422.25034
2019-10-10 15:38:13 UTC,4972,24.60000,17.30000,23.40000,47.70000,10.70000,12.70000,11.80000,422.39792
2019-10-10 15:39:13 UTC,4973,24.60000,17.30000,23.40000,47.70000,10.70000,12.70000,11.80000,422.41800
2019-10-10 15:40:13 UTC,4974,24.60000,17.30000,23.40000,47.80000,10.80000,12.80000,11.80000,422.41760
2019-10-10 15:41:13 UTC,4975,24.60000,17.30000,23.40000,47.60000,10.70000,12.70000,11.80000,422.32925
2019-10-10 15:42:14 UTC,4976,24.60000,17.30000,23.40000,47.70000,10.80000,12.80000,11.80000,422.16492
2019-10-10 15:43:13 UTC,4977,24.60000,17.30000,23.40000,47.70000,10.80000,12.80000,11.80000,422.00842
2019-10-10 15:44:14 UTC,4978,24.60000,17.30000,23.30000,47.70000,10.80000,12.80000,11.80000,421.89975
2019-10-10 15:45:14 UTC,4979,24.60000,17.30000,23.40000,47.70000,10.80000,12.80000,11.80000,421.67703
2019-10-10 15:46:14 UTC,4980,24.60000,17.30000,23.40000,47.60000,10.70000,12.70000,11.80000,421.52692
2019-10-10 15:47:13 UTC,4981,24.60000,17.30000,23.40000,47.70000,10.80000,12.80000,11.80000,421.54025
2019-10-10 15:48:14 UTC,4982,24.60000,17.30000,23.40000,47.60000,10.80000,12.70000,11.80000,421.66971
2019-10-10 15:49:14 UTC,4983,24.60000,17.30000,23.40000,47.70000,10.80000,12.80000,11.80000,421.78625
2019-10-10 15:50:14 UTC,4984,24.60000,17.30000,23.40000,47.70000,10.80000,12.80000,11.80000,421.89819
2019-10-10 15:51:13 UTC,4985,24.60000,17.30000,23.30000,47.70000,10.80000,12.80000,11.80000,422.15836
2019-10-10 15:52:13 UTC,4986,24.60000,17.30000,23.40000,47.80000,10.80000,12.80000,11.80000,422.37732
2019-10-10 15:53:13 UTC,4987,24.60000,17.30000,23.30000,47.80000,10.80000,12.80000,11.80000,422.63239
2019-10-10 15:54:16 UTC,4988,24.60000,17.30000,23.40000,47.60000,10.70000,12.70000,11.80000,422.93378
2019-10-10 15:55:18 UTC,4989,24.60000,17.30000,23.40000,47.70000,10.80000,12.80000,11.80000,423.21713
2019-10-10 15:56:17 UTC,4990,24.60000,17.30000,23.30000,47.70000,10.80000,12.80000,11.80000,423.36359
2019-10-10 15:57:17 UTC,4991,24.60000,17.30000,23.40000,47.80000,10.80000,12.80000,11.80000,423.54388
2019-10-10 15:58:17 UTC,4992,24.60000,17.30000,23.40000,47.80000,10.80000,12.80000,11.80000,423.72052
2019-10-10 15:59:17 UTC,4993,24.60000,17.30000,23.40000,47.70000,10.80000,12.80000,11.80000,423.80695
2019-10-10 16:00:17 UTC,4994,24.60000,17.30000,23.40000,47.60000,10.70000,12.70000,11.80000,423.79391
2019-10-10 16:01:17 UTC,4995,24.60000,17.30000,23.40000,47.60000,10.70000,12.70000,11.80000,423.90286
2019-10-10 16:02:17 UTC,4996,24.60000,17.30000,23.30000,47.70000,10.80000,12.80000,11.80000,424.06866
2019-10-10 16:03:17 UTC,4997,24.60000,17.30000,23.40000,47.80000,10.80000,12.80000,11.80000,424.20480
2019-10-10 16:04:17 UTC,4998,24.60000,17.30000,23.40000,47.70000,10.70000,12.70000,11.80000,424.26718
2019-10-10 16:05:17 UTC,4999,24.50000,17.30000,23.30000,47.80000,10.80000,12.80000,11.80000,424.34995
2019-10-10 16:06:17 UTC,5000,24.60000,17.30000,23.40000,47.80000,10.80000,12.80000,11.80000,424.40274
2019-10-10 16:07:17 UTC,5001,24.50000,17.30000,23.40000,47.90000,10.80000,12.80000,11.70000,424.51617
2019-10-10 16:08:17 UTC,5002,24.60000,17.30000,23.30000,47.90000,10.80000,12.80000,11.70000,424.74011
2019-10-10 16:09:17 UTC,5003,24.60000,17.30000,23.30000,47.90000,10.80000,12.80000,11.70000,424.86084
2019-10-10 16:10:17 UTC,5004,24.50000,17.30000,23.30000,48.00000,10.80000,12.80000,11.70000,424.87216
2019-10-10 16:11:17 UTC,5005,24.50000,17.30000,23.40000,47.90000,10.80000,12.80000,11.70000,424.95987
2019-10-10 16:12:17 UTC,5006,24.50000,17.30000,23.30000,47.90000,10.80000,12.80000,11.70000,425.07245
2019-10-10 16:13:17 UTC,5007,24.50000,17.30000,23.40000,48.00000,10.80000,12.80000,11.70000,425.18304
2019-10-10 16:14:17 UTC,5008,24.50000,17.30000,23.40000,48.00000,10.80000,12.80000,11.70000,425.18771
2019-10-10 16:15:17 UTC,5009,24.50000,17.30000,23.30000,48.00000,10.80000,12.80000,11.70000,425.14975
2019-10-10 16:16:17 UTC,5010,24.50000,17.30000,23.40000,48.00000,10.80000,12.80000,11.70000,425.09229
2019-10-10 16:17:17 UTC,5011,24.50000,17.30000,23.30000,48.00000,10.80000,12.80000,11.70000,425.05188
2019-10-10 16:18:17 UTC,5012,24.50000,17.30000,23.30000,48.00000,10.80000,12.80000,11.70000,425.04849
2019-10-10 16:19:17 UTC,5013,24.50000,17.30000,23.30000,48.10000,10.80000,12.80000,11.70000,425.03012
2019-10-10 16:20:17 UTC,5014,24.50000,17.30000,23.30000,48.10000,10.80000,12.80000,11.70000,425.03815
2019-10-10 16:21:17 UTC,5015,24.50000,17.30000,23.30000,48.20000,10.80000,12.80000,11.60000,424.99796
2019-10-10 16:22:17 UTC,5016,24.50000,17.40000,23.30000,48.30000,10.90000,12.90000,11.60000,425.00717
2019-10-10 16:23:17 UTC,5017,24.50000,17.30000,23.30000,48.10000,10.80000,12.80000,11.70000,425.04248
2019-10-10 16:24:17 UTC,5018,24.60000,17.30000,23.40000,47.90000,10.80000,12.80000,11.70000,425.06207
2019-10-10 16:25:17 UTC,5019,24.50000,17.30000,23.30000,48.00000,10.80000,12.80000,11.70000,425.14197
2019-10-10 16:26:17 UTC,5020,24.50000,17.30000,23.30000,48.00000,10.80000,12.80000,11.70000,425.16537
2019-10-10 16:27:17 UTC,5021,24.50000,17.30000,23.30000,47.90000,10.80000,12.80000,11.70000,425.17825
2019-10-10 16:28:17 UTC,5022,24.50000,17.30000,23.30000,47.90000,10.80000,12.80000,11.70000,425.13516
2019-10-10 16:29:17 UTC,5023,24.50000,17.30000,23.30000,47.90000,10.80000,12.80000,11.70000,425.07693
2019-10-10 16:30:17 UTC,5024,24.50000,17.30000,23.30000,47.90000,10.80000,12.80000,11.70000,424.97574
2019-10-10 16:31:17 UTC,5025,24.50000,17.30000,23.30000,48.00000,10.80000,12.80000,11.70000,424.96820
2019-10-10 16:32:17 UTC,5026,24.50000,17.30000,23.30000,48.10000,10.80000,12.80000,11.70000,424.96979
2019-10-10 16:33:17 UTC,5027,24.50000,17.30000,23.30000,48.20000,10.80000,12.90000,11.60000,424.94247
2019-10-10 16:34:17 UTC,5028,24.50000,17.30000,23.30000,48.10000,10.80000,12.80000,11.70000,424.89615
2019-10-10 16:35:17 UTC,5029,24.50000,17.30000,23.30000,48.00000,10.80000,12.80000,11.70000,424.83078
2019-10-10 16:36:17 UTC,5030,24.50000,17.30000,23.30000,48.10000,10.80000,12.80000,11.70000,424.72247
2019-10-10 16:37:17 UTC,5031,24.50000,17.30000,23.30000,48.20000,10.80000,12.80000,11.70000,424.64676
2019-10-10 16:38:17 UTC,5032,24.50000,17.30000,23.30000,48.10000,10.80000,12.80000,11.70000,424.59262
2019-10-10 16:39:17 UTC,5033,24.50000,17.30000,23.30000,48.00000,10.80000,12.80000,11.70000,424.51294
2019-10-10 16:40:17 UTC,5034,24.50000,17.30000,23.30000,48.00000,10.80000,12.80000,11.70000,424.30600
2019-10-10 16:41:17 UTC,5035,24.50000,17.30000,23.30000,48.10000,10.80000,12.80000,11.70000,424.00412
2019-10-10 16:42:17 UTC,5036,24.50000,17.30000,23.30000,48.10000,10.80000,12.80000,11.70000,423.77927
2019-10-10 16:43:17 UTC,5037,24.50000,17.30000,23.30000,48.00000,10.80000,12.80000,11.70000,423.63150
2019-10-10 16:44:17 UTC,5038,24.50000,17.30000,23.30000,47.80000,10.80000,12.80000,11.70000,423.46530
2019-10-10 16:45:17 UTC,5039,24.50000,17.30000,23.30000,48.00000,10.80000,12.80000,11.70000,423.24164
2019-10-10 16:46:17 UTC,5040,24.60000,17.30000,23.30000,47.90000,10.80000,12.80000,11.70000,423.12320
2019-10-10 16:47:17 UTC,5041,24.60000,17.30000,23.30000,47.90000,10.80000,12.80000,11.70000,423.02487
2019-10-10 16:48:17 UTC,5042,24.50000,17.30000,23.30000,47.90000,10.80000,12.80000,11.70000,423.00900
2019-10-10 16:49:17 UTC,5043,24.50000,17.30000,23.30000,48.10000,10.80000,12.80000,11.70000,423.11676
2019-10-10 16:50:17 UTC,5044,24.50000,17.30000,23.30000,48.10000,10.80000,12.80000,11.70000,423.14694
2019-10-10 16:51:17 UTC,5045,24.50000,17.30000,23.30000,48.20000,10.80000,12.80000,11.70000,423.12338
2019-10-10 16:52:17 UTC,5046,24.50000,17.40000,23.30000,48.20000,10.80000,12.90000,11.60000,423.11465
2019-10-10 16:53:17 UTC,5047,24.50000,17.30000,23.30000,48.20000,10.80000,12.90000,11.60000,423.16333
2019-10-10 16:54:17 UTC,5048,24.50000,17.40000,23.30000,48.20000,10.90000,12.90000,11.60000,423.17975
2019-10-10 16:55:17 UTC,5049,24.50000,17.40000,23.30000,48.40000,10.90000,12.90000,11.60000,423.15271
2019-10-10 16:56:17 UTC,5050,24.50000,17.40000,23.30000,48.30000,10.90000,12.90000,11.60000,423.13849
2019-10-10 16:57:17 UTC,5051,24.50000,17.40000,23.30000,48.40000,10.90000,12.90000,11.60000,423.08133
2019-10-10 16:58:17 UTC,5052,24.50000,17.40000,23.30000,48.50000,10.90000,12.90000,11.60000,423.01276
2019-10-10 16:59:17 UTC,5053,24.50000,17.40000,23.30000,48.50000,10.90000,12.90000,11.60000,422.99268
2019-10-10 17:00:17 UTC,5054,24.50000,17.40000,23.30000,48.40000,10.90000,12.90000,11.60000,422.95071
2019-10-10 17:01:17 UTC,5055,24.50000,17.40000,23.30000,48.50000,10.90000,12.90000,11.50000,422.83850
2019-10-10 17:02:17 UTC,5056,24.50000,17.30000,23.30000,48.40000,10.90000,12.90000,11.60000,422.74854
2019-10-10 17:03:17 UTC,5057,24.50000,17.30000,23.30000,48.30000,10.80000,12.90000,11.60000,422.63538
2019-10-10 17:04:17 UTC,5058,24.50000,17.30000,23.30000,48.30000,10.80000,12.90000,11.60000,422.46231
2019-10-10 17:05:17 UTC,5059,24.50000,17.30000,23.30000,48.30000,10.80000,12.90000,11.60000,422.25644
2019-10-10 17:06:17 UTC,5060,24.50000,17.30000,23.30000,48.30000,10.80000,12.90000,11.60000,422.05630
2019-10-10 17:07:17 UTC,5061,24.50000,17.40000,23.30000,48.50000,10.90000,12.90000,11.60000,421.79419
2019-10-10 17:08:17 UTC,5062,24.50000,17.40000,23.30000,48.40000,10.90000,12.90000,11.60000,421.51031
2019-10-10 17:09:17 UTC,5063,24.50000,17.40000,23.30000,48.50000,10.90000,12.90000,11.60000,421.50235
2019-10-10 17:10:18 UTC,5064,24.50000,17.40000,23.30000,48.50000,10.90000,12.90000,11.60000,421.46576
2019-10-10 17:11:18 UTC,5065,24.50000,17.40000,23.30000,48.50000,10.90000,12.90000,11.50000,421.31281
2019-10-10 17:12:17 UTC,5066,24.50000,17.40000,23.30000,48.50000,10.90000,12.90000,11.50000,421.18634
2019-10-10 17:13:18 UTC,5067,24.50000,17.30000,23.30000,48.30000,10.80000,12.90000,11.60000,420.98175
2019-10-10 17:14:18 UTC,5068,24.50000,17.40000,23.20000,48.50000,10.90000,12.90000,11.50000,420.89590
2019-10-10 17:15:18 UTC,5069,24.50000,17.30000,23.20000,48.50000,10.90000,12.90000,11.50000,420.81302
2019-10-10 17:16:18 UTC,5070,24.50000,17.30000,23.20000,48.40000,10.80000,12.90000,11.60000,420.66077
2019-10-10 17:17:18 UTC,5071,24.50000,17.30000,23.20000,48.40000,10.80000,12.90000,11.60000,420.42908
2019-10-10 17:18:18 UTC,5072,24.50000,17.30000,23.20000,48.30000,10.80000,12.90000,11.60000,420.02008
2019-10-10 17:19:18 UTC,5073,24.50000,17.30000,23.20000,48.20000,10.80000,12.90000,11.60000,419.72943
2019-10-10 17:20:18 UTC,5074,24.50000,17.30000,23.20000,48.50000,10.90000,12.90000,11.50000,419.60910
2019-10-10 17:21:18 UTC,5075,24.50000,17.40000,23.20000,48.50000,10.90000,12.90000,11.50000,419.65747
2019-10-10 17:22:18 UTC,5076,24.50000,17.40000,23.20000,48.50000,10.90000,12.90000,11.50000,419.65027
2019-10-10 17:23:18 UTC,5077,24.50000,17.40000,23.20000,48.60000,10.90000,12.90000,11.50000,419.51541
2019-10-10 17:24:18 UTC,5078,24.50000,17.40000,23.20000,48.70000,10.90000,13.00000,11.50000,419.39429
2019-10-10 17:25:18 UTC,5079,24.50000,17.30000,23.30000,48.40000,10.90000,12.90000,11.60000,419.24011
2019-10-10 17:26:18 UTC,5080,24.50000,17.30000,23.30000,48.40000,10.90000,12.90000,11.60000,419.17545
2019-10-10 17:27:18 UTC,5081,24.50000,17.40000,23.30000,48.50000,10.90000,12.90000,11.50000,419.09769
2019-10-10 17:28:18 UTC,5082,24.50000,17.40000,23.30000,48.50000,10.90000,12.90000,11.50000,418.92178
2019-10-10 17:29:18 UTC,5083,24.50000,17.40000,23.30000,48.50000,10.90000,12.90000,11.60000,418.71848
2019-10-10 17:30:18 UTC,5084,24.50000,17.40000,23.20000,48.60000,10.90000,13.00000,11.50000,418.51865
2019-10-10 17:31:18 UTC,5085,24.50000,17.40000,23.30000,48.40000,10.90000,12.90000,11.60000,418.48761
2019-10-10 17:32:18 UTC,5086,24.50000,17.30000,23.20000,48.40000,10.90000,12.90000,11.60000,418.55954
2019-10-10 17:33:18 UTC,5087,24.50000,17.30000,23.30000,48.50000,10.90000,12.90000,11.60000,418.67947
2019-10-10 17:34:18 UTC,5088,24.50000,17.30000,23.30000,48.30000,10.80000,12.90000,11.60000,418.82462
2019-10-10 17:35:18 UTC,5089,24.50000,17.30000,23.30000,48.40000,10.90000,12.90000,11.60000,418.93695
2019-10-10 17:36:18 UTC,5090,24.50000,17.30000,23.20000,48.40000,10.90000,12.90000,11.60000,419.17917
2019-10-10 17:37:18 UTC,5091,24.50000,17.40000,23.30000,48.40000,10.90000,12.90000,11.60000,419.40582
2019-10-10 17:38:18 UTC,5092,24.50000,17.30000,23.30000,48.30000,10.80000,12.90000,11.60000,419.65305
2019-10-10 17:39:18 UTC,5093,24.50000,17.30000,23.30000,48.30000,10.80000,12.90000,11.60000,419.84183
2019-10-10 17:40:18 UTC,5094,24.50000,17.40000,23.20000,48.40000,10.90000,12.90000,11.60000,419.91260
2019-10-10 17:41:18 UTC,5095,24.50000,17.40000,23.20000,48.30000,10.90000,12.90000,11.60000,419.92038
2019-10-10 17:42:18 UTC,5096,24.50000,17.40000,23.20000,48.40000,10.90000,12.90000,11.60000,419.92691
2019-10-10 17:43:18 UTC,5097,24.50000,17.30000,23.30000,48.20000,10.80000,12.90000,11.70000,419.95166
2019-10-10 17:44:18 UTC,5098,24.50000,17.30000,23.20000,48.20000,10.80000,12.90000,11.60000,419.97327
2019-10-10 17:45:18 UTC,5099,24.50000,17.40000,23.30000,48.50000,10.90000,12.90000,11.60000,419.99799
2019-10-10 17:46:18 UTC,5100,24.50000,17.40000,23.20000,48.40000,10.90000,12.90000,11.60000,420.09949
2019-10-10 17:47:18 UTC,5101,24.50000,17.40000,23.30000,48.50000,10.90000,12.90000,11.60000,420.17786
2019-10-10 17:48:18 UTC,5102,24.50000,17.40000,23.30000,48.60000,10.90000,13.00000,11.50000,420.20477
2019-10-10 17:49:18 UTC,5103,24.50000,17.40000,23.30000,48.60000,10.90000,12.90000,11.50000,420.25659
2019-10-10 17:50:18 UTC,5104,24.50000,17.40000,23.30000,48.70000,10.90000,13.00000,11.50000,420.29321
2019-10-10 17:51:18 UTC,5105,24.50000,17.40000,23.20000,48.80000,10.90000,13.00000,11.50000,420.31638
2019-10-10 17:52:18 UTC,5106,24.50000,17.40000,23.30000,48.70000,10.90000,13.00000,11.50000,420.36783
2019-10-10 17:53:18 UTC,5107,24.50000,17.40000,23.30000,48.60000,10.90000,13.00000,11.50000,420.41556
2019-10-10 17:54:18 UTC,5108,24.50000,17.40000,23.30000,48.60000,10.90000,12.90000,11.50000,420.41531
2019-10-10 17:55:18 UTC,5109,24.50000,17.40000,23.30000,48.70000,10.90000,13.00000,11.50000,420.32257
2019-10-10 17:56:18 UTC,5110,24.50000,17.30000,23.30000,48.40000,10.80000,12.90000,11.60000,420.18497
2019-10-10 17:57:18 UTC,5111,24.50000,17.30000,23.30000,48.60000,10.90000,12.90000,11.50000,419.92209
2019-10-10 17:58:18 UTC,5112,24.40000,17.40000,23.30000,48.70000,10.90000,13.00000,11.50000,419.45514
2019-10-10 17:59:18 UTC,5113,24.40000,17.30000,23.30000,48.60000,10.90000,12.90000,11.50000,418.86194
2019-10-10 18:00:18 UTC,5114,24.40000,17.30000,23.30000,48.50000,10.90000,12.90000,11.50000,418.20132
2019-10-10 18:01:18 UTC,5115,24.40000,17.30000,23.30000,48.50000,10.90000,12.90000,11.50000,417.46252
2019-10-10 18:02:18 UTC,5116,24.40000,17.30000,23.30000,48.50000,10.80000,12.90000,11.50000,416.76385
2019-10-10 18:03:18 UTC,5117,24.40000,17.30000,23.30000,48.60000,10.90000,12.90000,11.50000,416.36270
2019-10-10 18:04:18 UTC,5118,24.40000,17.30000,23.30000,48.50000,10.90000,12.90000,11.50000,416.19580
2019-10-10 18:05:18 UTC,5119,24.40000,17.30000,23.30000,48.70000,10.90000,12.90000,11.50000,416.21463
2019-10-10 18:06:18 UTC,5120,24.40000,17.30000,23.30000,48.60000,10.90000,12.90000,11.50000,416.39587
2019-10-10 18:07:18 UTC,5121,24.40000,17.30000,23.30000,48.60000,10.90000,12.90000,11.50000,416.62976
2019-10-10 18:08:18 UTC,5122,24.40000,17.30000,23.30000,48.50000,10.90000,12.90000,11.50000,416.89276
2019-10-10 18:09:18 UTC,5123,24.40000,17.30000,23.30000,48.50000,10.80000,12.90000,11.50000,417.22781
2019-10-10 18:10:18 UTC,5124,24.40000,17.30000,23.30000,48.60000,10.90000,12.90000,11.50000,417.82401
2019-10-10 18:11:18 UTC,5125,24.40000,17.30000,23.20000,48.70000,10.90000,12.90000,11.50000,418.33926
2019-10-10 18:12:18 UTC,5126,24.40000,17.30000,23.20000,48.70000,10.90000,12.90000,11.50000,418.86264
2019-10-10 18:13:18 UTC,5127,24.40000,17.30000,23.20000,48.40000,10.80000,12.90000,11.60000,419.35999
2019-10-10 18:14:18 UTC,5128,24.40000,17.30000,23.20000,48.50000,10.80000,12.90000,11.50000,419.85233
2019-10-10 18:15:18 UTC,5129,24.40000,17.30000,23.20000,48.70000,10.90000,12.90000,11.50000,420.14926
2019-10-10 18:16:18 UTC,5130,24.40000,17.30000,23.20000,48.70000,10.90000,12.90000,11.50000,420.26804
2019-10-10 18:17:18 UTC,5131,24.40000,17.30000,23.20000,48.70000,10.90000,12.90000,11.40000,420.24454
2019-10-10 18:18:18 UTC,5132,24.40000,17.30000,23.20000,48.70000,10.90000,12.90000,11.50000,420.09927
2019-10-10 18:19:18 UTC,5133,24.40000,17.30000,23.20000,48.60000,10.80000,12.90000,11.50000,419.75864
2019-10-10 18:20:18 UTC,5134,24.40000,17.30000,23.20000,48.50000,10.80000,12.90000,11.50000,419.48019
2019-10-10 18:21:18 UTC,5135,24.40000,17.30000,23.20000,48.70000,10.90000,12.90000,11.50000,419.16141
2019-10-10 18:22:18 UTC,5136,24.40000,17.30000,23.20000,48.60000,10.90000,12.90000,11.50000,418.75742
2019-10-10 18:23:19 UTC,5137,24.40000,17.30000,23.20000,48.60000,10.90000,12.90000,11.50000,418.49329
2019-10-10 18:24:18 UTC,5138,24.40000,17.30000,23.20000,48.50000,10.80000,12.80000,11.50000,418.33136
2019-10-10 18:25:19 UTC,5139,24.40000,17.30000,23.20000,48.60000,10.80000,12.90000,11.50000,418.26505
2019-10-10 18:26:18 UTC,5140,24.40000,17.30000,23.20000,48.60000,10.80000,12.90000,11.50000,418.23727
2019-10-10 18:27:18 UTC,5141,24.40000,17.30000,23.20000,48.50000,10.80000,12.90000,11.50000,418.37051
2019-10-10 18:28:19 UTC,5142,24.40000,17.30000,23.20000,48.50000,10.80000,12.90000,11.50000,418.47076
2019-10-10 18:29:18 UTC,5143,24.40000,17.30000,23.20000,48.50000,10.80000,12.90000,11.50000,418.46548
2019-10-10 18:30:19 UTC,5144,24.40000,17.30000,23.20000,48.60000,10.90000,12.90000,11.50000,418.48969
2019-10-10 18:31:18 UTC,5145,24.40000,17.30000,23.20000,48.70000,10.90000,12.90000,11.50000,418.45618
2019-10-10 18:32:18 UTC,5146,24.40000,17.30000,23.20000,48.70000,10.90000,12.90000,11.50000,418.31842
2019-10-10 18:33:18 UTC,5147,24.40000,17.30000,23.20000,48.60000,10.90000,12.90000,11.50000,418.12573
2019-10-10 18:34:19 UTC,5148,24.40000,17.30000,23.20000,48.70000,10.90000,12.90000,11.50000,417.88846
2019-10-10 18:35:19 UTC,5149,24.40000,17.30000,23.20000,48.50000,10.90000,12.90000,11.50000,417.54272
2019-10-10 18:36:19 UTC,5150,24.40000,17.30000,23.20000,48.50000,10.80000,12.90000,11.50000,417.17279
2019-10-10 18:37:19 UTC,5151,24.40000,17.30000,23.20000,48.50000,10.80000,12.90000,11.50000,416.78653
2019-10-10 18:38:20 UTC,5152,24.40000,17.30000,23.20000,48.60000,10.90000,12.90000,11.50000,416.49814
2019-10-10 18:39:19 UTC,5153,24.40000,17.30000,23.20000,48.50000,10.80000,12.90000,11.50000,416.32404
2019-10-10 18:40:19 UTC,5154,24.40000,17.30000,23.20000,48.70000,10.90000,12.90000,11.50000,416.17599
2019-10-10 18:41:19 UTC,5155,24.40000,17.30000,23.20000,48.60000,10.90000,12.90000,11.50000,416.06833
2019-10-10 18:42:19 UTC,5156,24.40000,17.30000,23.20000,48.60000,10.80000,12.90000,11.50000,415.96841
2019-10-10 18:43:19 UTC,5157,24.40000,17.30000,23.20000,48.50000,10.80000,12.90000,11.50000,416.01932
2019-10-10 18:44:19 UTC,5158,24.40000,17.30000,23.20000,48.60000,10.90000,12.90000,11.50000,416.13992
2019-10-10 18:45:19 UTC,5159,24.40000,17.30000,23.20000,48.80000,10.90000,12.90000,11.40000,416.21658
2019-10-10 18:46:19 UTC,5160,24.40000,17.30000,23.20000,48.70000,10.90000,12.90000,11.40000,416.34277
2019-10-10 18:47:19 UTC,5161,24.40000,17.30000,23.20000,48.60000,10.90000,12.90000,11.50000,416.24152
2019-10-10 18:48:19 UTC,5162,24.40000,17.30000,23.20000,48.60000,10.90000,12.90000,11.50000,416.13657
2019-10-10 18:49:19 UTC,5163,24.40000,17.30000,23.20000,48.70000,10.90000,12.90000,11.50000,415.96213
2019-10-10 18:50:19 UTC,5164,24.40000,17.30000,23.20000,48.60000,10.90000,12.90000,11.50000,415.93756
2019-10-10 18:51:19 UTC,5165,24.40000,17.30000,23.20000,48.60000,10.90000,12.90000,11.50000,415.90964
2019-10-10 18:52:19 UTC,5166,24.40000,17.30000,23.20000,48.60000,10.80000,12.90000,11.50000,415.82773
2019-10-10 18:53:19 UTC,5167,24.40000,17.30000,23.20000,48.70000,10.90000,12.90000,11.50000,415.75986
2019-10-10 18:54:19 UTC,5168,24.40000,17.30000,23.20000,48.70000,10.90000,12.90000,11.40000,415.73474
2019-10-10 18:55:19 UTC,5169,24.40000,17.30000,23.20000,48.70000,10.90000,12.90000,11.40000,415.73602
2019-10-10 18:56:19 UTC,5170,24.40000,17.30000,23.20000,48.70000,10.90000,12.90000,11.40000,415.77585
2019-10-10 18:57:19 UTC,5171,24.40000,17.30000,23.20000,48.60000,10.80000,12.90000,11.50000,415.88486
2019-10-10 18:58:19 UTC,5172,24.40000,17.30000,23.20000,48.70000,10.90000,12.90000,11.40000,415.93121
2019-10-10 18:59:19 UTC,5173,24.40000,17.30000,23.20000,48.70000,10.90000,12.90000,11.50000,415.90350
2019-10-10 19:00:19 UTC,5174,24.40000,17.30000,23.20000,48.80000,10.90000,12.90000,11.40000,415.88889
2019-10-10 19:01:19 UTC,5175,24.40000,17.30000,23.20000,48.70000,10.90000,12.90000,11.40000,415.93066
2019-10-10 19:02:19 UTC,5176,24.40000,17.30000,23.20000,48.80000,10.90000,12.90000,11.40000,415.93469
2019-10-10 19:03:19 UTC,5177,24.40000,17.30000,23.20000,48.70000,10.80000,12.90000,11.40000,415.98038
2019-10-10 19:04:19 UTC,5178,24.40000,17.30000,23.20000,48.80000,10.90000,12.90000,11.40000,416.05652
2019-10-10 19:05:19 UTC,5179,24.40000,17.30000,23.20000,48.90000,10.90000,12.90000,11.40000,416.07202
2019-10-10 19:06:19 UTC,5180,24.40000,17.30000,23.20000,48.90000,10.90000,12.90000,11.40000,416.10446
2019-10-10 19:07:19 UTC,5181,24.40000,17.30000,23.20000,48.80000,10.90000,12.90000,11.40000,416.13910
2019-10-10 19:08:19 UTC,5182,24.40000,17.30000,23.20000,48.50000,10.80000,12.80000,11.50000,416.21716
2019-10-10 19:09:19 UTC,5183,24.40000,17.30000,23.20000,48.60000,10.80000,12.80000,11.50000,416.21436
2019-10-10 19:10:19 UTC,5184,24.40000,17.30000,23.20000,48.50000,10.80000,12.80000,11.50000,416.23819
2019-10-10 19:11:19 UTC,5185,24.40000,17.30000,23.20000,48.60000,10.80000,12.80000,11.40000,416.27762
2019-10-10 19:12:19 UTC,5186,24.40000,17.30000,23.20000,48.70000,10.90000,12.90000,11.40000,416.24152
2019-10-10 19:13:19 UTC,5187,24.40000,17.30000,23.20000,48.70000,10.80000,12.90000,11.40000,416.22076
2019-10-10 19:14:19 UTC,5188,24.40000,17.30000,23.20000,48.70000,10.90000,12.90000,11.40000,416.23459
2019-10-10 19:15:19 UTC,5189,24.40000,17.30000,23.20000,48.70000,10.90000,12.90000,11.40000,416.22324
2019-10-10 19:16:19 UTC,5190,24.40000,17.30000,23.20000,48.80000,10.90000,12.90000,11.40000,416.21280
2019-10-10 19:17:19 UTC,5191,24.30000,17.30000,23.20000,49.00000,10.90000,13.00000,11.30000,416.19174
2019-10-10 19:18:19 UTC,5192,24.30000,17.30000,23.20000,49.10000,10.90000,13.00000,11.30000,416.13742
2019-10-10 19:19:19 UTC,5193,24.40000,17.30000,23.20000,49.00000,10.90000,13.00000,11.30000,416.03955
2019-10-10 19:20:19 UTC,5194,24.40000,17.30000,23.20000,48.90000,10.90000,12.90000,11.40000,415.94003
2019-10-10 19:21:19 UTC,5195,24.40000,17.30000,23.20000,48.90000,10.90000,13.00000,11.40000,415.84018
2019-10-10 19:22:19 UTC,5196,24.30000,17.30000,23.20000,49.00000,10.90000,12.90000,11.40000,415.74600
2019-10-10 19:23:19 UTC,5197,24.30000,17.30000,23.20000,49.00000,10.90000,13.00000,11.40000,415.70349
2019-10-10 19:24:19 UTC,5198,24.30000,17.30000,23.20000,49.00000,10.90000,12.90000,11.40000,415.66397
2019-10-10 19:25:19 UTC,5199,24.30000,17.30000,23.20000,49.00000,10.90000,13.00000,11.30000,415.53470
2019-10-10 19:26:19 UTC,5200,24.30000,17.30000,23.20000,49.00000,10.90000,13.00000,11.30000,415.34967
2019-10-10 19:27:19 UTC,5201,24.40000,17.30000,23.20000,48.80000,10.90000,12.90000,11.40000,415.13428
2019-10-10 19:28:19 UTC,5202,24.40000,17.30000,23.20000,48.80000,10.90000,12.90000,11.40000,414.99426
2019-10-10 19:29:19 UTC,5203,24.30000,17.30000,23.20000,49.00000,10.90000,12.90000,11.30000,414.80734
2019-10-10 19:30:19 UTC,5204,24.30000,17.30000,23.20000,49.00000,10.90000,13.00000,11.30000,414.49988
2019-10-10 19:31:19 UTC,5205,24.30000,17.30000,23.20000,49.00000,10.90000,13.00000,11.40000,414.12823
2019-10-10 19:32:19 UTC,5206,24.40000,17.30000,23.20000,49.00000,10.90000,13.00000,11.40000,413.68817
2019-10-10 19:33:19 UTC,5207,24.30000,17.30000,23.20000,49.10000,10.90000,13.00000,11.30000,413.22382
2019-10-10 19:34:19 UTC,5208,24.40000,17.30000,23.20000,49.00000,10.90000,13.00000,11.40000,413.06677
2019-10-10 19:35:19 UTC,5209,24.40000,17.30000,23.20000,48.90000,10.90000,13.00000,11.40000,413.11548
2019-10-10 19:36:20 UTC,5210,24.40000,17.30000,23.20000,48.80000,10.90000,12.90000,11.40000,413.30823
2019-10-10 19:37:19 UTC,5211,24.40000,17.30000,23.20000,48.80000,10.90000,12.90000,11.40000,413.54285
2019-10-10 19:38:19 UTC,5212,24.40000,17.30000,23.20000,48.90000,10.90000,12.90000,11.40000,413.89865
2019-10-10 19:39:20 UTC,5213,24.40000,17.30000,23.20000,48.90000,10.90000,13.00000,11.40000,414.18954
2019-10-10 19:40:19 UTC,5214,24.40000,17.30000,23.20000,48.80000,10.90000,12.90000,11.40000,414.52225
2019-10-10 19:41:19 UTC,5215,24.30000,17.30000,23.20000,49.00000,10.90000,12.90000,11.40000,414.82162
2019-10-10 19:42:19 UTC,5216,24.30000,17.30000,23.20000,49.00000,10.90000,12.90000,11.30000,415.08542
2019-10-10 19:43:19 UTC,5217,24.40000,17.30000,23.20000,48.80000,10.90000,12.90000,11.40000,415.29376
2019-10-10 19:44:19 UTC,5218,24.30000,17.30000,23.20000,48.90000,10.90000,12.90000,11.40000,415.42227
2019-10-10 19:45:19 UTC,5219,24.40000,17.30000,23.20000,48.60000,10.80000,12.90000,11.40000,415.38516
2019-10-10 19:46:20 UTC,5220,24.40000,17.30000,23.20000,48.80000,10.90000,12.90000,11.40000,415.17084
2019-10-10 19:47:19 UTC,5221,24.40000,17.30000,23.20000,48.80000,10.90000,12.90000,11.40000,414.97882
2019-10-10 19:48:19 UTC,5222,24.40000,17.30000,23.10000,48.70000,10.80000,12.90000,11.40000,414.80872
2019-10-10 19:49:19 UTC,5223,24.40000,17.30000,23.10000,48.80000,10.90000,12.90000,11.40000,414.62357
2019-10-10 19:50:19 UTC,5224,24.40000,17.30000,23.20000,48.90000,10.90000,12.90000,11.40000,414.38736
2019-10-10 19:51:19 UTC,5225,24.30000,17.30000,23.20000,49.00000,10.90000,13.00000,11.30000,414.07916
2019-10-10 19:52:19 UTC,5226,24.30000,17.30000,23.10000,49.00000,10.90000,13.00000,11.30000,413.87061
2019-10-10 19:53:19 UTC,5227,24.30000,17.30000,23.20000,48.90000,10.90000,12.90000,11.40000,413.66803
2019-10-10 19:54:20 UTC,5228,24.30000,17.30000,23.10000,49.00000,10.90000,13.00000,11.30000,413.48962
2019-10-10 19:55:19 UTC,5229,24.30000,17.30000,23.10000,49.00000,10.90000,12.90000,11.30000,413.36053
2019-10-10 19:56:19 UTC,5230,24.30000,17.30000,23.10000,48.90000,10.90000,12.90000,11.40000,413.22333
2019-10-10 19:57:19 UTC,5231,24.30000,17.30000,23.10000,49.00000,10.90000,12.90000,11.30000,413.10352
2019-10-10 19:58:20 UTC,5232,24.30000,17.30000,23.10000,48.90000,10.90000,12.90000,11.40000,412.99893
2019-10-10 19:59:19 UTC,5233,24.30000,17.30000,23.20000,49.00000,10.90000,12.90000,11.40000,412.99893
2019-10-10 20:00:20 UTC,5234,24.30000,17.30000,23.10000,49.10000,10.90000,13.00000,11.30000,412.99893
2019-10-10 20:01:20 UTC,5235,24.30000,17.30000,23.10000,49.10000,10.90000,13.00000,11.30000,412.99893
2019-10-10 20:02:20 UTC,5236,24.30000,17.30000,23.10000,49.10000,10.90000,13.00000,11.30000,413.08359
2019-10-10 20:03:20 UTC,5237,24.30000,17.30000,23.10000,49.20000,10.90000,13.00000,11.30000,413.22440
2019-10-10 20:04:20 UTC,5238,24.30000,17.30000,23.10000,49.20000,10.90000,13.00000,11.30000,413.43951
2019-10-10 20:05:20 UTC,5239,24.30000,17.30000,23.10000,49.20000,10.90000,13.00000,11.30000,413.52393
2019-10-10 20:06:20 UTC,5240,24.30000,17.30000,23.10000,49.20000,10.90000,13.00000,11.30000,413.56763
2019-10-10 20:07:20 UTC,5241,24.30000,17.30000,23.10000,49.10000,10.90000,13.00000,11.30000,413.58112
2019-10-10 20:08:20 UTC,5242,24.30000,17.30000,23.10000,49.20000,10.90000,13.00000,11.30000,413.60510
2019-10-10 20:09:20 UTC,5243,24.30000,17.30000,23.10000,49.20000,10.90000,13.00000,11.30000,413.56390
2019-10-10 20:10:20 UTC,5244,24.30000,17.30000,23.10000,49.10000,10.90000,13.00000,11.30000,413.52664
2019-10-10 20:11:20 UTC,5245,24.30000,17.30000,23.10000,49.10000,10.90000,13.00000,11.30000,413.52518
2019-10-10 20:12:20 UTC,5246,24.30000,17.30000,23.10000,49.10000,10.90000,13.00000,11.30000,413.58066
2019-10-10 20:13:20 UTC,5247,24.30000,17.30000,23.10000,49.10000,10.90000,12.90000,11.30000,413.66907
2019-10-10 20:14:20 UTC,5248,24.30000,17.30000,23.10000,49.00000,10.90000,12.90000,11.30000,413.89124
2019-10-10 20:15:20 UTC,5249,24.30000,17.30000,23.10000,49.20000,10.90000,13.00000,11.30000,414.16309
2019-10-10 20:16:20 UTC,5250,24.30000,17.30000,23.10000,49.20000,10.90000,13.00000,11.30000,414.42917
2019-10-10 20:17:20 UTC,5251,24.30000,17.30000,23.10000,49.10000,10.90000,12.90000,11.30000,414.84464
2019-10-10 20:18:20 UTC,5252,24.30000,17.30000,23.10000,49.10000,10.90000,13.00000,11.30000,415.31088
2019-10-10 20:19:20 UTC,5253,24.30000,17.30000,23.10000,49.10000,10.90000,13.00000,11.30000,415.79410
2019-10-10 20:20:20 UTC,5254,24.30000,17.30000,23.10000,49.10000,10.90000,13.00000,11.30000,416.12537
2019-10-10 20:21:20 UTC,5255,24.30000,17.30000,23.10000,49.10000,10.90000,12.90000,11.30000,416.33835
2019-10-10 20:22:20 UTC,5256,24.30000,17.30000,23.10000,49.10000,10.90000,12.90000,11.30000,416.37653
2019-10-10 20:23:20 UTC,5257,24.30000,17.30000,23.10000,49.10000,10.90000,13.00000,11.30000,416.20551
2019-10-10 20:24:20 UTC,5258,24.30000,17.30000,23.10000,49.20000,10.90000,13.00000,11.30000,416.03958
2019-10-10 20:25:20 UTC,5259,24.30000,17.30000,23.10000,49.20000,10.90000,13.00000,11.30000,415.87744
2019-10-10 20:26:20 UTC,5260,24.30000,17.30000,23.10000,49.10000,10.90000,12.90000,11.30000,415.68207
2019-10-10 20:27:20 UTC,5261,24.30000,17.30000,23.10000,49.10000,10.90000,12.90000,11.30000,415.50842
2019-10-10 20:28:20 UTC,5262,24.30000,17.30000,23.10000,49.00000,10.90000,12.90000,11.30000,415.35522
2019-10-10 20:29:20 UTC,5263,24.30000,17.30000,23.10000,49.20000,10.90000,13.00000,11.30000,415.22919
2019-10-10 20:30:20 UTC,5264,24.30000,17.30000,23.10000,49.10000,10.90000,13.00000,11.30000,415.16000
2019-10-10 20:31:20 UTC,5265,24.30000,17.30000,23.10000,49.10000,10.90000,13.00000,11.30000,415.28265
2019-10-10 20:32:20 UTC,5266,24.30000,17.30000,23.10000,49.30000,10.90000,13.00000,11.20000,415.54431
2019-10-10 20:33:20 UTC,5267,24.30000,17.30000,23.10000,49.10000,10.90000,13.00000,11.30000,415.69998
2019-10-10 20:34:20 UTC,5268,24.30000,17.30000,23.10000,49.10000,10.90000,13.00000,11.30000,415.99213
2019-10-10 20:35:20 UTC,5269,24.30000,17.40000,23.10000,49.20000,10.90000,13.00000,11.30000,416.20593
2019-10-10 20:36:20 UTC,5270,24.30000,17.30000,23.10000,49.00000,10.90000,12.90000,11.30000,416.31094
2019-10-10 20:37:20 UTC,5271,24.30000,17.30000,23.10000,49.00000,10.90000,12.90000,11.30000,416.47638
2019-10-10 20:38:20 UTC,5272,24.30000,17.30000,23.10000,49.10000,10.90000,13.00000,11.30000,416.52591
2019-10-10 20:39:20 UTC,5273,24.30000,17.30000,23.10000,49.10000,10.90000,13.00000,11.30000,416.56796
2019-10-10 20:40:20 UTC,5274,24.30000,17.30000,23.10000,49.00000,10.90000,13.00000,11.30000,416.60400
2019-10-10 20:41:20 UTC,5275,24.30000,17.30000,23.10000,49.10000,10.90000,13.00000,11.30000,416.64194
2019-10-10 20:42:20 UTC,5276,24.30000,17.30000,23.10000,49.00000,10.90000,12.90000,11.30000,416.63733
2019-10-10 20:43:20 UTC,5277,24.30000,17.30000,23.10000,48.90000,10.90000,12.90000,11.40000,416.56064
2019-10-10 20:44:20 UTC,5278,24.30000,17.30000,23.10000,48.90000,10.90000,12.90000,11.30000,416.36948
2019-10-10 20:45:20 UTC,5279,24.30000,17.30000,23.10000,49.00000,10.90000,12.90000,11.30000,416.18173
2019-10-10 20:46:20 UTC,5280,24.30000,17.30000,23.10000,48.90000,10.90000,12.90000,11.30000,416.04422
2019-10-10 20:47:20 UTC,5281,24.30000,17.30000,23.10000,49.10000,10.90000,12.90000,11.30000,416.00061
2019-10-10 20:48:20 UTC,5282,24.30000,17.30000,23.10000,49.00000,10.90000,12.90000,11.30000,415.89651
2019-10-10 20:49:20 UTC,5283,24.30000,17.30000,23.10000,49.00000,10.90000,12.90000,11.30000,415.75378
2019-10-10 20:50:20 UTC,5284,24.30000,17.30000,23.10000,49.20000,10.90000,13.00000,11.30000,415.69485
2019-10-10 20:51:20 UTC,5285,24.30000,17.30000,23.10000,49.20000,10.90000,13.00000,11.30000,415.74304
2019-10-10 20:52:20 UTC,5286,24.30000,17.30000,23.10000,49.20000,10.90000,13.00000,11.30000,415.90076
2019-10-10 20:53:20 UTC,5287,24.30000,17.30000,23.00000,49.30000,10.90000,13.00000,11.20000,416.06546
2019-10-10 20:54:20 UTC,5288,24.30000,17.30000,23.00000,49.10000,10.90000,12.90000,11.30000,416.18701
2019-10-10 20:55:20 UTC,5289,24.30000,17.30000,23.00000,49.10000,10.90000,12.90000,11.30000,416.26471
2019-10-10 20:56:20 UTC,5290,24.30000,17.30000,23.00000,49.10000,10.90000,12.90000,11.30000,416.24457
2019-10-10 20:57:20 UTC,5291,24.30000,17.30000,23.00000,49.30000,10.90000,13.00000,11.20000,416.22705
2019-10-10 20:58:20 UTC,5292,24.30000,17.30000,23.00000,49.30000,10.90000,13.00000,11.20000,416.18298
2019-10-10 20:59:20 UTC,5293,24.30000,17.30000,23.00000,49.00000,10.90000,12.90000,11.30000,416.03226
2019-10-10 21:00:20 UTC,5294,24.30000,17.30000,23.00000,49.30000,10.90000,13.00000,11.20000,415.74582
2019-10-10 21:01:20 UTC,5295,24.30000,17.30000,23.10000,49.20000,10.90000,13.00000,11.30000,415.53818
2019-10-10 21:02:20 UTC,5296,24.30000,17.30000,23.00000,49.30000,10.90000,13.00000,11.20000,415.46509
2019-10-10 21:03:20 UTC,5297,24.30000,17.30000,23.00000,49.30000,10.90000,13.00000,11.20000,415.39288
2019-10-10 21:04:20 UTC,5298,24.30000,17.30000,23.00000,49.30000,10.90000,13.00000,11.20000,415.32898
2019-10-10 21:05:20 UTC,5299,24.30000,17.30000,23.00000,49.30000,10.90000,13.00000,11.20000,415.33545
2019-10-10 21:06:20 UTC,5300,24.30000,17.30000,23.00000,49.20000,10.90000,12.90000,11.30000,415.35358
2019-10-10 21:07:20 UTC,5301,24.30000,17.30000,23.00000,49.20000,10.90000,12.90000,11.30000,415.37576
2019-10-10 21:08:20 UTC,5302,24.30000,17.30000,23.00000,49.00000,10.90000,12.90000,11.30000,415.47739
2019-10-10 21:09:20 UTC,5303,24.30000,17.30000,23.00000,49.10000,10.90000,12.90000,11.30000,415.52505
2019-10-10 21:10:20 UTC,5304,24.30000,17.30000,23.00000,49.00000,10.90000,12.90000,11.30000,415.55676
2019-10-10 21:11:20 UTC,5305,24.30000,17.30000,23.00000,49.10000,10.90000,12.90000,11.30000,415.55328
2019-10-10 21:12:20 UTC,5306,24.30000,17.30000,23.00000,49.30000,10.90000,13.00000,11.20000,415.57056
2019-10-10 21:13:20 UTC,5307,24.30000,17.30000,23.00000,49.30000,10.90000,13.00000,11.20000,415.53622
2019-10-10 21:14:20 UTC,5308,24.30000,17.30000,23.00000,49.30000,10.90000,13.00000,11.20000,415.50485
2019-10-10 21:15:21 UTC,5309,24.20000,17.30000,23.00000,49.40000,10.90000,13.00000,11.20000,415.52832
2019-10-10 21:16:20 UTC,5310,24.30000,17.30000,23.00000,49.30000,10.90000,13.00000,11.20000,415.53595
2019-10-10 21:17:20 UTC,5311,24.20000,17.30000,23.00000,49.40000,10.90000,13.00000,11.20000,415.59317
2019-10-10 21:18:21 UTC,5312,24.30000,17.30000,23.00000,49.20000,10.90000,12.90000,11.20000,415.67117
2019-10-10 21:19:20 UTC,5313,24.20000,17.30000,23.00000,49.30000,10.90000,13.00000,11.20000,415.71750
2019-10-10 21:20:21 UTC,5314,24.20000,17.30000,23.00000,49.30000,10.90000,12.90000,11.20000,415.75613
2019-10-10 21:21:21 UTC,5315,24.20000,17.30000,23.00000,49.40000,10.90000,13.00000,11.20000,415.75119
2019-10-10 21:22:21 UTC,5316,24.20000,17.30000,23.00000,49.50000,10.90000,13.00000,11.20000,415.71143
2019-10-10 21:23:21 UTC,5317,24.20000,17.30000,23.00000,49.50000,10.90000,13.00000,11.20000,415.67416
2019-10-10 21:24:21 UTC,5318,24.20000,17.30000,23.00000,49.60000,11.00000,13.00000,11.10000,415.65234
2019-10-10 21:25:21 UTC,5319,24.20000,17.30000,23.00000,49.60000,11.00000,13.00000,11.10000,415.60623
2019-10-10 21:26:21 UTC,5320,24.20000,17.30000,23.00000,49.60000,11.00000,13.00000,11.10000,415.54938
2019-10-10 21:27:21 UTC,5321,24.20000,17.30000,23.00000,49.60000,11.00000,13.00000,11.10000,415.50821
2019-10-10 21:28:21 UTC,5322,24.20000,17.30000,23.00000,49.20000,10.90000,12.90000,11.20000,415.43851
2019-10-10 21:29:21 UTC,5323,24.30000,17.30000,23.00000,49.30000,10.90000,13.00000,11.20000,415.45059
2019-10-10 21:30:21 UTC,5324,24.20000,17.30000,23.00000,49.50000,10.90000,13.00000,11.20000,415.47861
2019-10-10 21:31:21 UTC,5325,24.30000,17.30000,23.00000,49.50000,11.00000,13.00000,11.20000,415.49628
2019-10-10 21:32:21 UTC,5326,24.30000,17.30000,23.00000,49.40000,10.90000,13.00000,11.20000,415.46780
2019-10-10 21:33:21 UTC,5327,24.30000,17.30000,23.00000,49.30000,10.90000,13.00000,11.20000,415.38226
2019-10-10 21:34:21 UTC,5328,24.30000,17.30000,23.00000,49.50000,11.00000,13.00000,11.20000,415.28354
2019-10-10 21:35:21 UTC,5329,24.30000,17.30000,23.00000,49.40000,10.90000,13.00000,11.20000,415.15588
2019-10-10 21:36:21 UTC,5330,24.30000,17.30000,23.00000,49.30000,10.90000,13.00000,11.20000,415.07346
2019-10-10 21:37:21 UTC,5331,24.30000,17.30000,23.00000,49.30000,10.90000,13.00000,11.20000,414.94720
2019-10-10 21:38:21 UTC,5332,24.20000,17.30000,23.00000,49.40000,10.90000,13.00000,11.20000,414.84476
2019-10-10 21:39:21 UTC,5333,24.30000,17.30000,23.00000,49.30000,10.90000,13.00000,11.20000,414.83875
2019-10-10 21:40:21 UTC,5334,24.20000,17.30000,23.00000,49.40000,10.90000,13.00000,11.20000,414.82825
2019-10-10 21:41:21 UTC,5335,24.20000,17.30000,23.00000,49.50000,10.90000,13.00000,11.20000,414.82382
2019-10-10 21:42:21 UTC,5336,24.30000,17.30000,23.00000,49.40000,10.90000,13.00000,11.20000,414.82440
2019-10-10 21:43:21 UTC,5337,24.20000,17.30000,23.00000,49.50000,11.00000,13.00000,11.20000,414.83386
2019-10-10 21:44:21 UTC,5338,24.20000,17.30000,23.00000,49.40000,10.90000,13.00000,11.20000,414.80768
2019-10-10 21:45:21 UTC,5339,24.20000,17.30000,23.00000,49.30000,10.90000,13.00000,11.20000,414.74841
2019-10-10 21:46:21 UTC,5340,24.30000,17.30000,23.00000,49.30000,10.90000,13.00000,11.20000,414.66873
2019-10-10 21:47:21 UTC,5341,24.30000,17.30000,23.00000,49.30000,10.90000,13.00000,11.20000,414.56717
2019-10-10 21:48:21 UTC,5342,24.20000,17.30000,23.00000,49.50000,11.00000,13.00000,11.20000,414.50659
2019-10-10 21:49:21 UTC,5343,24.20000,17.30000,23.00000,49.50000,11.00000,13.00000,11.20000,414.47336
2019-10-10 21:50:21 UTC,5344,24.30000,17.30000,23.00000,49.50000,11.00000,13.00000,11.20000,414.48871
2019-10-10 21:51:21 UTC,5345,24.30000,17.30000,23.00000,49.40000,10.90000,13.00000,11.20000,414.52982
2019-10-10 21:52:21 UTC,5346,24.30000,17.30000,23.00000,49.40000,10.90000,13.00000,11.20000,414.61456
2019-10-10 21:53:21 UTC,5347,24.30000,17.30000,23.00000,49.30000,10.90000,13.00000,11.20000,414.69232
2019-10-10 21:54:21 UTC,5348,24.20000,17.30000,23.00000,49.40000,10.90000,13.00000,11.20000,414.79208
2019-10-10 21:55:21 UTC,5349,24.20000,17.30000,23.00000,49.50000,11.00000,13.00000,11.20000,414.89990
2019-10-10 21:56:21 UTC,5350,24.20000,17.30000,23.00000,49.60000,11.00000,13.00000,11.10000,415.00500
2019-10-10 21:57:21 UTC,5351,24.20000,17.30000,23.00000,49.80000,11.00000,13.10000,11.10000,415.12332
2019-10-10 21:58:21 UTC,5352,24.20000,17.30000,23.00000,49.80000,11.00000,13.10000,11.10000,415.24954
2019-10-10 21:59:21 UTC,5353,24.20000,17.30000,23.00000,49.80000,11.00000,13.10000,11.10000,415.40186
2019-10-10 22:00:21 UTC,5354,24.20000,17.30000,23.00000,49.80000,11.00000,13.10000,11.10000,415.54352
2019-10-10 22:01:21 UTC,5355,24.20000,17.30000,23.00000,49.70000,11.00000,13.10000,11.10000,415.80881
2019-10-10 22:02:21 UTC,5356,24.20000,17.30000,23.00000,49.80000,11.00000,13.10000,11.10000,416.16550
2019-10-10 22:03:21 UTC,5357,24.20000,17.30000,23.00000,49.80000,11.00000,13.10000,11.10000,416.45032
2019-10-10 22:04:21 UTC,5358,24.20000,17.30000,23.00000,49.90000,11.00000,13.10000,11.10000,416.79437
2019-10-10 22:05:21 UTC,5359,24.20000,17.30000,23.00000,49.80000,11.00000,13.10000,11.10000,417.13177
2019-10-10 22:06:21 UTC,5360,24.20000,17.30000,23.00000,49.80000,11.00000,13.10000,11.10000,417.35333
2019-10-10 22:07:21 UTC,5361,24.20000,17.30000,23.00000,49.70000,11.00000,13.10000,11.10000,417.53723
2019-10-10 22:08:21 UTC,5362,24.20000,17.30000,23.00000,49.80000,11.00000,13.10000,11.10000,417.77261
2019-10-10 22:09:21 UTC,5363,24.20000,17.30000,23.00000,49.70000,11.00000,13.00000,11.10000,417.94330
2019-10-10 22:10:21 UTC,5364,24.20000,17.30000,23.00000,49.70000,11.00000,13.00000,11.10000,418.01883
2019-10-10 22:11:21 UTC,5365,24.20000,17.30000,23.00000,49.60000,11.00000,13.00000,11.20000,417.90112
2019-10-10 22:12:21 UTC,5366,24.20000,17.30000,23.00000,49.60000,11.00000,13.00000,11.10000,417.81516
2019-10-10 22:13:21 UTC,5367,24.20000,17.30000,23.00000,49.70000,11.00000,13.00000,11.10000,417.73318
2019-10-10 22:14:21 UTC,5368,24.20000,17.30000,23.00000,49.50000,11.00000,13.00000,11.20000,417.66910
2019-10-10 22:15:21 UTC,5369,24.30000,17.30000,23.00000,49.40000,10.90000,13.00000,11.20000,417.61334
2019-10-10 22:16:21 UTC,5370,24.20000,17.30000,23.00000,49.70000,11.00000,13.10000,11.10000,417.55780
2019-10-10 22:17:21 UTC,5371,24.20000,17.30000,23.00000,49.70000,11.00000,13.10000,11.10000,417.47598
2019-10-10 22:18:21 UTC,5372,24.20000,17.30000,23.00000,49.60000,11.00000,13.00000,11.10000,417.36258
2019-10-10 22:19:21 UTC,5373,24.20000,17.30000,23.00000,49.70000,11.00000,13.00000,11.10000,417.29712
2019-10-10 22:20:21 UTC,5374,24.20000,17.30000,23.00000,49.60000,11.00000,13.00000,11.20000,417.30606
2019-10-10 22:21:21 UTC,5375,24.20000,17.30000,23.00000,49.60000,11.00000,13.00000,11.10000,417.37286
2019-10-10 22:22:21 UTC,5376,24.20000,17.30000,23.00000,49.60000,11.00000,13.00000,11.20000,417.36423
2019-10-10 22:23:21 UTC,5377,24.20000,17.30000,23.00000,49.60000,11.00000,13.00000,11.10000,417.45187
2019-10-10 22:24:21 UTC,5378,24.20000,17.30000,23.00000,49.60000,11.00000,13.00000,11.10000,417.67410
2019-10-10 22:25:21 UTC,5379,24.20000,17.30000,23.00000,49.70000,11.00000,13.10000,11.10000,417.75412
2019-10-10 22:26:21 UTC,5380,24.20000,17.30000,23.00000,49.60000,11.00000,13.00000,11.10000,418.00580
2019-10-10 22:27:21 UTC,5381,24.20000,17.30000,23.10000,49.50000,11.00000,13.00000,11.20000,418.30624
2019-10-10 22:28:21 UTC,5382,24.20000,17.30000,23.10000,49.60000,11.00000,13.10000,11.10000,418.55707
2019-10-10 22:29:21 UTC,5383,24.30000,17.30000,23.10000,49.50000,11.00000,13.00000,11.20000,418.65335
2019-10-10 22:30:21 UTC,5384,24.30000,17.30000,23.10000,49.50000,11.00000,13.00000,11.20000,418.72186
2019-10-10 22:31:21 UTC,5385,24.20000,17.30000,23.10000,49.60000,11.00000,13.00000,11.20000,418.68829
2019-10-10 22:32:21 UTC,5386,24.30000,17.30000,23.10000,49.60000,11.00000,13.10000,11.20000,418.56839
2019-10-10 22:33:21 UTC,5387,24.30000,17.30000,23.10000,49.50000,11.00000,13.00000,11.20000,418.62411
2019-10-10 22:34:21 UTC,5388,24.20000,17.30000,23.10000,49.60000,11.00000,13.10000,11.10000,418.54761
2019-10-10 22:35:22 UTC,5389,24.30000,17.40000,23.10000,49.60000,11.00000,13.10000,11.10000,418.35529
2019-10-10 22:36:22 UTC,5390,24.30000,17.30000,23.10000,49.50000,11.00000,13.00000,11.20000,418.24332
2019-10-10 22:37:22 UTC,5391,24.30000,17.30000,23.10000,49.50000,11.00000,13.00000,11.20000,418.09912
2019-10-10 22:38:22 UTC,5392,24.30000,17.30000,23.10000,49.40000,10.90000,13.00000,11.20000,417.99435
2019-10-10 22:39:22 UTC,5393,24.30000,17.30000,23.10000,49.30000,10.90000,13.00000,11.20000,417.93420
2019-10-10 22:40:21 UTC,5394,24.30000,17.30000,23.10000,49.40000,10.90000,13.00000,11.20000,417.80701
2019-10-10 22:41:22 UTC,5395,24.30000,17.30000,23.10000,49.50000,11.00000,13.00000,11.20000,417.53796
2019-10-10 22:42:22 UTC,5396,24.30000,17.30000,23.10000,49.30000,10.90000,13.00000,11.20000,417.34985
2019-10-10 22:43:22 UTC,5397,24.30000,17.30000,23.10000,49.30000,10.90000,13.00000,11.20000,417.19833
2019-10-10 22:44:22 UTC,5398,24.30000,17.30000,23.10000,49.20000,10.90000,13.00000,11.30000,417.04498
2019-10-10 22:45:22 UTC,5399,24.30000,17.30000,23.10000,49.20000,10.90000,12.90000,11.30000,416.90573
2019-10-10 22:46:22 UTC,5400,24.30000,17.30000,23.10000,49.40000,10.90000,13.00000,11.20000,416.89954
2019-10-10 22:47:22 UTC,5401,24.30000,17.30000,23.10000,49.40000,11.00000,13.00000,11.20000,416.96930
2019-10-10 22:48:22 UTC,5402,24.30000,17.30000,23.10000,49.50000,11.00000,13.00000,11.20000,417.05133
2019-10-10 22:49:22 UTC,5403,24.30000,17.30000,23.10000,49.30000,11.00000,13.00000,11.20000,417.05374
2019-10-10 22:50:22 UTC,5404,24.30000,17.30000,23.10000,49.30000,10.90000,13.00000,11.20000,417.04993
2019-10-10 22:51:22 UTC,5405,24.30000,17.30000,23.10000,49.30000,10.90000,13.00000,11.20000,417.09741
2019-10-10 22:52:22 UTC,5406,24.30000,17.40000,23.10000,49.50000,11.00000,13.00000,11.20000,417.15732
2019-10-10 22:53:22 UTC,5407,24.30000,17.30000,23.20000,49.30000,10.90000,13.00000,11.20000,417.19574
2019-10-10 22:54:22 UTC,5408,24.30000,17.40000,23.20000,49.40000,11.00000,13.00000,11.20000,417.15161
2019-10-10 22:55:22 UTC,5409,24.30000,17.40000,23.20000,49.50000,11.00000,13.10000,11.20000,417.07932
2019-10-10 22:56:22 UTC,5410,24.30000,17.40000,23.20000,49.50000,11.00000,13.10000,11.20000,417.02777
2019-10-10 22:57:22 UTC,5411,24.30000,17.40000,23.20000,49.60000,11.00000,13.10000,11.20000,417.11954
2019-10-10 22:58:22 UTC,5412,24.30000,17.40000,23.20000,49.50000,11.00000,13.10000,11.20000,417.30371
2019-10-10 22:59:22 UTC,5413,24.30000,17.30000,23.20000,49.30000,10.90000,13.00000,11.30000,417.42215
2019-10-10 23:00:22 UTC,5414,24.30000,17.40000,23.20000,49.40000,11.00000,13.10000,11.20000,417.51620
2019-10-10 23:01:22 UTC,5415,24.30000,17.40000,23.20000,49.30000,11.00000,13.00000,11.30000,417.65320
2019-10-10 23:02:22 UTC,5416,24.30000,17.40000,23.20000,49.50000,11.00000,13.10000,11.20000,417.83011
2019-10-10 23:03:22 UTC,5417,24.30000,17.40000,23.20000,49.50000,11.00000,13.10000,11.20000,417.99445
2019-10-10 23:04:22 UTC,5418,24.30000,17.30000,23.20000,49.20000,10.90000,13.00000,11.30000,418.07428
2019-10-10 23:05:22 UTC,5419,24.30000,17.30000,23.20000,49.20000,10.90000,13.00000,11.30000,418.06866
2019-10-10 23:06:22 UTC,5420,24.30000,17.40000,23.20000,49.50000,11.00000,13.10000,11.20000,418.03400
2019-10-10 23:07:22 UTC,5421,24.30000,17.40000,23.20000,49.40000,11.00000,13.10000,11.20000,418.03171
2019-10-10 23:08:22 UTC,5422,24.30000,17.40000,23.20000,49.40000,11.00000,13.00000,11.20000,418.01907
2019-10-10 23:09:22 UTC,5423,24.30000,17.40000,23.20000,49.40000,11.00000,13.10000,11.30000,418.06400
2019-10-10 23:10:22 UTC,5424,24.30000,17.40000,23.20000,49.30000,11.00000,13.00000,11.30000,418.17889
2019-10-10 23:11:22 UTC,5425,24.30000,17.40000,23.20000,49.30000,11.00000,13.10000,11.30000,418.33081
2019-10-10 23:12:22 UTC,5426,24.30000,17.40000,23.20000,49.30000,11.00000,13.00000,11.30000,418.51831
2019-10-10 23:13:22 UTC,5427,24.30000,17.40000,23.20000,49.40000,11.00000,13.10000,11.30000,418.62726
2019-10-10 23:14:22 UTC,5428,24.40000,17.40000,23.20000,49.40000,11.00000,13.10000,11.30000,418.78046
2019-10-10 23:15:22 UTC,5429,24.30000,17.40000,23.20000,49.40000,11.00000,13.10000,11.20000,418.88669
2019-10-10 23:16:22 UTC,5430,24.30000,17.40000,23.20000,49.40000,11.00000,13.10000,11.30000,419.06552
2019-10-10 23:17:22 UTC,5431,24.30000,17.40000,23.20000,49.50000,11.00000,13.10000,11.20000,419.31049
2019-10-10 23:18:22 UTC,5432,24.30000,17.40000,23.30000,49.40000,11.00000,13.10000,11.30000,419.48050
2019-10-10 23:19:22 UTC,5433,24.30000,17.40000,23.30000,49.40000,11.00000,13.10000,11.30000,419.48904
2019-10-10 23:20:22 UTC,5434,24.40000,17.40000,23.30000,49.30000,11.00000,13.10000,11.30000,419.40756
2019-10-10 23:21:22 UTC,5435,24.30000,17.40000,23.30000,49.20000,11.00000,13.00000,11.30000,419.46201
2019-10-10 23:22:22 UTC,5436,24.40000,17.40000,23.30000,49.30000,11.00000,13.10000,11.30000,419.54965
2019-10-10 23:23:22 UTC,5437,24.40000,17.40000,23.30000,49.20000,11.00000,13.00000,11.30000,419.67569
2019-10-10 23:24:22 UTC,5438,24.40000,17.40000,23.30000,49.40000,11.00000,13.10000,11.30000,419.63007
2019-10-10 23:25:22 UTC,5439,24.40000,17.40000,23.30000,48.90000,10.90000,13.00000,11.40000,419.52609
2019-10-10 23:26:22 UTC,5440,24.40000,17.40000,23.30000,49.20000,11.00000,13.10000,11.30000,419.50592
2019-10-10 23:27:22 UTC,5441,24.40000,17.40000,23.30000,49.40000,11.00000,13.10000,11.30000,419.52908
2019-10-10 23:28:22 UTC,5442,24.40000,17.40000,23.30000,49.30000,11.00000,13.10000,11.30000,419.58426
2019-10-10 23:29:22 UTC,5443,24.40000,17.40000,23.30000,49.20000,11.00000,13.10000,11.40000,419.55035
2019-10-10 23:30:22 UTC,5444,24.50000,17.40000,23.30000,49.20000,11.00000,13.10000,11.40000,419.41122
2019-10-10 23:31:22 UTC,5445,24.50000,17.50000,23.30000,49.20000,11.00000,13.10000,11.40000,419.16721
2019-10-10 23:32:22 UTC,5446,24.50000,17.50000,23.30000,49.10000,11.00000,13.10000,11.40000,418.99557
2019-10-10 23:33:22 UTC,5447,24.50000,17.50000,23.30000,49.10000,11.00000,13.10000,11.40000,418.86063
2019-10-10 23:34:22 UTC,5448,24.50000,17.50000,23.30000,49.00000,11.00000,13.10000,11.50000,418.72882
2019-10-10 23:35:22 UTC,5449,24.50000,17.50000,23.30000,49.00000,11.00000,13.10000,11.40000,418.58600
2019-10-10 23:36:22 UTC,5450,24.50000,17.50000,23.30000,49.30000,11.10000,13.20000,11.40000,418.45386
2019-10-10 23:37:22 UTC,5451,24.50000,17.50000,23.40000,49.20000,11.10000,13.20000,11.40000,418.39633
2019-10-10 23:38:22 UTC,5452,24.50000,17.50000,23.40000,49.20000,11.10000,13.20000,11.40000,418.43713
2019-10-10 23:39:22 UTC,5453,24.60000,17.50000,23.40000,49.20000,11.10000,13.20000,11.40000,418.52417
2019-10-10 23:40:22 UTC,5454,24.60000,17.50000,23.40000,49.10000,11.10000,13.20000,11.50000,418.52206
2019-10-10 23:41:22 UTC,5455,24.60000,17.50000,23.40000,49.00000,11.10000,13.20000,11.50000,418.57980
2019-10-10 23:42:22 UTC,5456,24.60000,17.50000,23.40000,49.00000,11.00000,13.20000,11.50000,418.60294
2019-10-10 23:43:22 UTC,5457,24.60000,17.50000,23.40000,48.90000,11.00000,13.10000,11.50000,418.56305
2019-10-10 23:44:22 UTC,5458,24.60000,17.50000,23.40000,49.10000,11.10000,13.20000,11.50000,418.52698
2019-10-10 23:45:22 UTC,5459,24.50000,17.50000,23.40000,49.10000,11.10000,13.20000,11.50000,418.52530
2019-10-10 23:46:22 UTC,5460,24.50000,17.50000,23.40000,49.00000,11.00000,13.10000,11.50000,418.53894
2019-10-10 23:47:22 UTC,5461,24.60000,17.50000,23.40000,48.90000,11.00000,13.10000,11.50000,418.50708
2019-10-10 23:48:22 UTC,5462,24.60000,17.50000,23.40000,49.00000,11.00000,13.10000,11.50000,418.46829
2019-10-10 23:49:22 UTC,5463,24.60000,17.50000,23.40000,49.00000,11.10000,13.20000,11.50000,418.42169
2019-10-10 23:50:22 UTC,5464,24.60000,17.50000,23.40000,49.00000,11.10000,13.20000,11.50000,418.27640
2019-10-10 23:51:22 UTC,5465,24.60000,17.50000,23.50000,49.00000,11.10000,13.20000,11.50000,418.12994
2019-10-10 23:52:22 UTC,5466,24.60000,17.50000,23.40000,48.90000,11.00000,13.20000,11.50000,418.03775
2019-10-10 23:53:22 UTC,5467,24.60000,17.50000,23.40000,48.90000,11.00000,13.20000,11.50000,417.90988
2019-10-10 23:54:22 UTC,5468,24.60000,17.50000,23.40000,48.90000,11.00000,13.20000,11.50000,417.68524
2019-10-10 23:55:22 UTC,5469,24.60000,17.50000,23.40000,48.80000,11.00000,13.10000,11.60000,417.42188
2019-10-10 23:56:22 UTC,5470,24.60000,17.50000,23.50000,49.00000,11.10000,13.20000,11.50000,417.17340
2019-10-10 23:57:22 UTC,5471,24.60000,17.50000,23.40000,48.90000,11.00000,13.20000,11.50000,416.85779
2019-10-10 23:58:22 UTC,5472,24.50000,17.50000,23.20000,49.10000,11.10000,13.20000,11.40000,416.73364
2019-10-10 23:59:22 UTC,5473,24.50000,17.50000,22.90000,49.10000,11.10000,13.20000,11.50000,416.66504
2019-10-11 00:00:22 UTC,5474,24.50000,17.50000,22.80000,49.20000,11.10000,13.20000,11.40000,416.58337
2019-10-11 00:01:22 UTC,5475,24.50000,17.50000,22.50000,49.20000,11.00000,13.10000,11.40000,416.51917
2019-10-11 00:02:22 UTC,5476,24.40000,17.50000,22.50000,49.40000,11.00000,13.10000,11.30000,416.59314
2019-10-11 00:03:22 UTC,5477,24.40000,17.50000,22.50000,49.50000,11.10000,13.20000,11.30000,416.79288
2019-10-11 00:04:22 UTC,5478,24.40000,17.50000,22.40000,49.40000,11.00000,13.20000,11.30000,417.17590
2019-10-11 00:05:22 UTC,5479,24.40000,17.50000,22.30000,49.50000,11.10000,13.20000,11.30000,417.99835
2019-10-11 00:06:22 UTC,5480,24.50000,17.50000,22.30000,49.50000,11.10000,13.20000,11.30000,419.47977
2019-10-11 00:07:22 UTC,5481,24.50000,17.50000,22.30000,49.60000,11.10000,13.20000,11.30000,421.69196
2019-10-11 00:08:22 UTC,5482,24.50000,17.50000,22.20000,49.50000,11.10000,13.20000,11.30000,424.61856
2019-10-11 00:09:23 UTC,5483,24.50000,17.50000,22.20000,49.70000,11.10000,13.30000,11.30000,427.67508
2019-10-11 00:10:22 UTC,5484,24.50000,17.50000,22.10000,49.70000,11.10000,13.30000,11.30000,430.30542
2019-10-11 00:11:22 UTC,5485,24.50000,17.50000,22.10000,49.70000,11.10000,13.30000,11.30000,432.67444
2019-10-11 00:12:23 UTC,5486,24.40000,17.50000,22.00000,49.80000,11.10000,13.30000,11.20000,434.09164
2019-10-11 00:13:22 UTC,5487,24.40000,17.50000,22.00000,49.80000,11.10000,13.30000,11.20000,434.94550
2019-10-11 00:14:23 UTC,5488,24.40000,17.50000,22.10000,49.80000,11.10000,13.30000,11.20000,435.63992
2019-10-11 00:15:23 UTC,5489,24.40000,17.50000,22.00000,49.80000,11.20000,13.30000,11.20000,436.11273
2019-10-11 00:16:23 UTC,5490,24.40000,17.50000,22.00000,49.80000,11.10000,13.30000,11.20000,436.41159
2019-10-11 00:17:23 UTC,5491,24.50000,17.50000,22.00000,49.70000,11.10000,13.30000,11.30000,436.61270
2019-10-11 00:18:23 UTC,5492,24.50000,17.50000,22.00000,49.60000,11.10000,13.30000,11.30000,436.72324
2019-10-11 00:19:23 UTC,5493,24.50000,17.50000,22.00000,49.70000,11.10000,13.30000,11.30000,436.88956
2019-10-11 00:20:23 UTC,5494,24.50000,17.50000,22.00000,49.70000,11.10000,13.30000,11.30000,437.03320
2019-10-11 00:21:23 UTC,5495,24.50000,17.60000,22.00000,49.80000,11.20000,13.30000,11.30000,437.34171
2019-10-11 00:22:23 UTC,5496,24.50000,17.60000,21.90000,49.80000,11.20000,13.30000,11.30000,437.46179
2019-10-11 00:23:23 UTC,5497,24.50000,17.60000,21.90000,49.70000,11.20000,13.30000,11.30000,437.46625
2019-10-11 00:24:23 UTC,5498,24.50000,17.60000,22.00000,49.70000,11.20000,13.30000,11.30000,437.49551
2019-10-11 00:25:23 UTC,5499,24.50000,17.60000,22.00000,49.90000,11.20000,13.40000,11.30000,437.52039
2019-10-11 00:26:23 UTC,5500,24.50000,17.60000,22.00000,49.90000,11.20000,13.40000,11.30000,437.55621
2019-10-11 00:27:23 UTC,5501,24.50000,17.60000,22.00000,49.70000,11.20000,13.30000,11.30000,437.57300
2019-10-11 00:28:23 UTC,5502,24.50000,17.60000,22.00000,49.60000,11.20000,13.30000,11.30000,437.64856
2019-10-11 00:29:23 UTC,5503,24.50000,17.60000,22.00000,49.70000,11.20000,13.30000,11.30000,437.68909
2019-10-11 00:30:23 UTC,5504,24.60000,17.60000,22.00000,49.50000,11.10000,13.30000,11.40000,437.63675
2019-10-11 00:31:23 UTC,5505,24.50000,17.60000,22.00000,49.70000,11.20000,13.30000,11.30000,437.60852
2019-10-11 00:32:23 UTC,5506,24.50000,17.60000,22.00000,49.80000,11.20000,13.40000,11.30000,437.44803
2019-10-11 00:33:23 UTC,5507,24.50000,17.60000,22.00000,49.60000,11.20000,13.30000,11.30000,437.31262
2019-10-11 00:34:23 UTC,5508,24.50000,17.60000,22.00000,49.70000,11.20000,13.30000,11.30000,437.13742
2019-10-11 00:35:23 UTC,5509,24.50000,17.60000,21.90000,49.80000,11.20000,13.30000,11.30000,436.78119
2019-10-11 00:36:23 UTC,5510,24.50000,17.60000,21.90000,50.00000,11.20000,13.40000,11.20000,436.07776
2019-10-11 00:37:23 UTC,5511,24.20000,17.50000,22.00000,50.70000,11.20000,13.30000,10.90000,434.96826
2019-10-11 00:38:23 UTC,5512,24.40000,17.60000,22.00000,50.20000,11.20000,13.40000,11.10000,433.56439
2019-10-11 00:39:23 UTC,5513,24.10000,17.50000,22.10000,51.20000,11.20000,13.40000,10.70000,432.04535
2019-10-11 00:40:23 UTC,5514,24.20000,17.50000,22.00000,50.70000,11.20000,13.40000,10.90000,430.38889
2019-10-11 00:41:23 UTC,5515,24.40000,17.50000,22.10000,50.30000,11.20000,13.40000,11.10000,428.47314
2019-10-11 00:42:23 UTC,5516,24.30000,17.50000,22.20000,50.60000,11.20000,13.40000,11.00000,426.62601
2019-10-11 00:43:23 UTC,5517,24.50000,17.60000,22.20000,49.90000,11.20000,13.30000,11.20000,424.78781
2019-10-11 00:44:23 UTC,5518,24.40000,17.60000,22.20000,50.60000,11.30000,13.50000,11.00000,423.49103
2019-10-11 00:45:23 UTC,5519,24.40000,17.60000,22.10000,50.40000,11.20000,13.40000,11.10000,422.77014
2019-10-11 00:46:23 UTC,5520,24.40000,17.60000,22.20000,50.20000,11.20000,13.40000,11.20000,422.45840
2019-10-11 00:47:23 UTC,5521,24.60000,17.60000,22.20000,49.60000,11.20000,13.40000,11.40000,422.26230
2019-10-11 00:48:23 UTC,5522,24.60000,17.70000,22.20000,49.60000,11.20000,13.40000,11.40000,422.19199
2019-10-11 00:49:23 UTC,5523,24.70000,17.70000,22.20000,49.60000,11.20000,13.40000,11.40000,422.28546
2019-10-11 00:50:23 UTC,5524,24.70000,17.70000,22.30000,49.60000,11.30000,13.50000,11.40000,422.51669
2019-10-11 00:51:23 UTC,5525,24.80000,17.80000,22.20000,49.60000,11.30000,13.50000,11.50000,422.83228
2019-10-11 00:52:23 UTC,5526,24.70000,17.80000,22.30000,49.80000,11.30000,13.50000,11.40000,423.25464
2019-10-11 00:53:23 UTC,5527,24.60000,17.70000,22.30000,49.90000,11.30000,13.50000,11.30000,423.57968
2019-10-11 00:54:23 UTC,5528,24.80000,17.80000,22.40000,49.60000,11.30000,13.50000,11.50000,423.76505
2019-10-11 00:55:23 UTC,5529,24.90000,17.80000,22.50000,49.30000,11.30000,13.50000,11.60000,423.94919
2019-10-11 00:56:23 UTC,5530,25.00000,17.90000,22.50000,49.20000,11.30000,13.60000,11.70000,424.27127
2019-10-11 00:57:24 UTC,5531,25.10000,17.90000,22.50000,49.00000,11.40000,13.60000,11.80000,424.56720
2019-10-11 00:58:23 UTC,5532,25.10000,18.00000,22.60000,49.10000,11.40000,13.70000,11.80000,424.85806
2019-10-11 00:59:23 UTC,5533,24.90000,17.90000,22.60000,49.60000,11.40000,13.70000,11.60000,425.37051
2019-10-11 01:00:23 UTC,5534,24.90000,17.90000,22.70000,49.80000,11.40000,13.70000,11.50000,425.97125
2019-10-11 01:01:23 UTC,5535,25.00000,18.00000,22.70000,49.40000,11.40000,13.70000,11.70000,426.63065
2019-10-11 01:02:23 UTC,5536,25.00000,18.00000,22.70000,49.50000,11.50000,13.80000,11.70000,427.57910
2019-10-11 01:03:23 UTC,5537,24.90000,17.90000,22.70000,49.80000,11.40000,13.70000,11.50000,428.44089
2019-10-11 01:04:23 UTC,5538,25.00000,18.00000,22.70000,49.50000,11.50000,13.70000,11.70000,429.25330
2019-10-11 01:05:23 UTC,5539,25.10000,18.00000,22.70000,49.60000,11.50000,13.80000,11.70000,429.98288
2019-10-11 01:06:23 UTC,5540,25.10000,18.00000,22.70000,49.30000,11.50000,13.80000,11.80000,430.64557
2019-10-11 01:07:23 UTC,5541,25.20000,18.00000,22.70000,49.20000,11.50000,13.80000,11.90000,430.85440
2019-10-11 01:08:23 UTC,5542,25.10000,18.00000,22.70000,49.30000,11.50000,13.80000,11.80000,430.78601
2019-10-11 01:09:23 UTC,5543,25.10000,18.00000,22.70000,49.40000,11.50000,13.80000,11.70000,430.67648
2019-10-11 01:10:23 UTC,5544,25.20000,18.00000,22.70000,49.00000,11.40000,13.70000,11.90000,430.52557
2019-10-11 01:11:23 UTC,5545,25.20000,18.00000,22.70000,49.20000,11.50000,13.70000,11.90000,430.42276
2019-10-11 01:12:24 UTC,5546,25.30000,18.10000,22.80000,48.90000,11.50000,13.80000,12.00000,430.28122
2019-10-11 01:13:23 UTC,5547,25.30000,18.10000,22.80000,49.00000,11.50000,13.80000,12.00000,430.00900
2019-10-11 01:14:23 UTC,5548,25.20000,18.10000,22.90000,49.40000,11.50000,13.90000,11.80000,429.60071
2019-10-11 01:15:23 UTC,5549,25.30000,18.10000,22.90000,49.20000,11.60000,13.90000,11.90000,429.15234
2019-10-11 01:16:23 UTC,5550,25.40000,18.20000,22.90000,48.90000,11.60000,13.90000,12.10000,428.87726
2019-10-11 01:17:23 UTC,5551,25.40000,18.20000,23.00000,49.10000,11.60000,14.00000,12.00000,428.83185
2019-10-11 01:18:23 UTC,5552,25.30000,18.20000,23.00000,49.40000,11.60000,14.00000,11.90000,428.76672
2019-10-11 01:19:23 UTC,5553,25.40000,18.20000,23.00000,49.30000,11.60000,14.00000,12.00000,428.72147
2019-10-11 01:20:23 UTC,5554,25.20000,18.20000,23.00000,50.00000,11.70000,14.00000,11.70000,428.56689
2019-10-11 01:21:23 UTC,5555,25.10000,18.10000,23.10000,50.30000,11.70000,14.00000,11.50000,428.41330
2019-10-11 01:22:23 UTC,5556,25.30000,18.20000,23.10000,49.80000,11.70000,14.10000,11.80000,428.33444
2019-10-11 01:23:23 UTC,5557,24.90000,18.10000,23.10000,51.20000,11.70000,14.10000,11.20000,428.39453
2019-10-11 01:24:23 UTC,5558,24.90000,18.10000,23.10000,51.10000,11.80000,14.10000,11.30000,428.43188
2019-10-11 01:25:23 UTC,5559,24.80000,18.10000,23.10000,51.40000,11.80000,14.10000,11.10000,428.34851
2019-10-11 01:26:24 UTC,5560,24.90000,18.10000,23.20000,51.30000,11.80000,14.10000,11.20000,428.10947
2019-10-11 01:27:23 UTC,5561,25.10000,18.20000,23.20000,50.80000,11.80000,14.20000,11.40000,427.77023
2019-10-11 01:28:23 UTC,5562,25.10000,18.30000,23.10000,51.10000,11.80000,14.30000,11.40000,427.48553
2019-10-11 01:29:23 UTC,5563,25.20000,18.30000,23.10000,50.60000,11.80000,14.20000,11.60000,427.23611
2019-10-11 01:30:23 UTC,5564,25.00000,18.20000,23.20000,51.10000,11.80000,14.20000,11.30000,427.16965
2019-10-11 01:31:23 UTC,5565,24.90000,18.20000,23.20000,51.60000,11.80000,14.20000,11.10000,427.05640
2019-10-11 01:32:23 UTC,5566,25.10000,18.20000,23.20000,50.60000,11.80000,14.10000,11.50000,426.83380
2019-10-11 01:33:23 UTC,5567,25.30000,18.30000,23.20000,50.40000,11.90000,14.30000,11.60000,426.44833
2019-10-11 01:34:23 UTC,5568,25.20000,18.30000,23.20000,50.50000,11.80000,14.30000,11.60000,426.23810
2019-10-11 01:35:23 UTC,5569,25.10000,18.20000,23.10000,50.60000,11.80000,14.20000,11.50000,426.10727
2019-10-11 01:36:24 UTC,5570,25.10000,18.30000,23.10000,50.70000,11.80000,14.20000,11.50000,425.95984
2019-10-11 01:37:24 UTC,5571,25.30000,18.30000,23.10000,50.40000,11.80000,14.20000,11.60000,425.85672
2019-10-11 01:38:24 UTC,5572,25.30000,18.30000,23.20000,50.10000,11.70000,14.10000,11.70000,425.76688
2019-10-11 01:39:24 UTC,5573,25.40000,18.30000,23.20000,49.60000,11.70000,14.10000,11.90000,425.53500
2019-10-11 01:40:24 UTC,5574,25.20000,18.30000,23.30000,50.40000,11.80000,14.20000,11.60000,425.23102
2019-10-11 01:41:24 UTC,5575,25.30000,18.30000,23.30000,49.90000,11.80000,14.20000,11.80000,425.07965
2019-10-11 01:42:24 UTC,5576,25.30000,18.30000,23.40000,50.10000,11.80000,14.10000,11.70000,424.92987
2019-10-11 01:43:24 UTC,5577,25.50000,18.40000,23.40000,49.30000,11.70000,14.10000,12.10000,424.64948
2019-10-11 01:44:24 UTC,5578,25.50000,18.40000,23.40000,49.70000,11.80000,14.30000,12.00000,424.52350
2019-10-11 01:45:24 UTC,5579,25.50000,18.30000,23.40000,49.60000,11.80000,14.20000,12.00000,424.43121
2019-10-11 01:46:24 UTC,5580,25.50000,18.40000,23.30000,49.50000,11.80000,14.20000,12.00000,424.31155
2019-10-11 01:47:24 UTC,5581,25.60000,18.40000,23.40000,49.20000,11.80000,14.20000,12.10000,424.28369
2019-10-11 01:48:24 UTC,5582,25.30000,18.30000,23.40000,50.30000,11.80000,14.30000,11.70000,424.48260
2019-10-11 01:49:24 UTC,5583,25.30000,18.30000,23.40000,50.30000,11.80000,14.20000,11.70000,424.59705
2019-10-11 01:50:24 UTC,5584,25.40000,18.40000,23.50000,50.10000,11.80000,14.30000,11.80000,424.69125
2019-10-11 01:51:24 UTC,5585,25.40000,18.40000,23.60000,50.20000,11.80000,14.30000,11.70000,424.83392
2019-10-11 01:52:24 UTC,5586,25.50000,18.40000,23.60000,49.60000,11.80000,14.20000,12.00000,424.95667
2019-10-11 01:53:24 UTC,5587,25.60000,18.50000,23.60000,49.90000,11.90000,14.30000,12.00000,425.09726
2019-10-11 01:54:24 UTC,5588,25.80000,18.50000,23.60000,49.00000,11.80000,14.30000,12.30000,425.26331
2019-10-11 01:55:24 UTC,5589,25.80000,18.60000,23.70000,49.30000,11.90000,14.40000,12.20000,425.46332
2019-10-11 01:56:24 UTC,5590,25.90000,18.60000,23.70000,49.00000,11.90000,14.40000,12.40000,425.60278
2019-10-11 01:57:24 UTC,5591,26.00000,18.60000,23.70000,48.90000,11.90000,14.40000,12.50000,425.84830
2019-10-11 01:58:24 UTC,5592,26.10000,18.70000,23.70000,48.70000,11.90000,14.40000,12.60000,426.35367
2019-10-11 01:59:24 UTC,5593,25.90000,18.70000,23.80000,49.10000,12.00000,14.50000,12.40000,427.11328
2019-10-11 02:00:24 UTC,5594,25.90000,18.60000,23.90000,49.20000,12.00000,14.40000,12.40000,428.28824
2019-10-11 02:01:24 UTC,5595,25.90000,18.60000,24.00000,49.10000,12.00000,14.40000,12.40000,430.13873
2019-10-11 02:02:24 UTC,5596,25.90000,18.60000,24.10000,49.20000,12.00000,14.40000,12.40000,432.53705
2019-10-11 02:03:24 UTC,5597,26.10000,18.70000,24.20000,48.80000,12.00000,14.50000,12.60000,434.63998
2019-10-11 02:04:24 UTC,5598,26.00000,18.70000,24.10000,49.10000,12.00000,14.50000,12.40000,436.21036
2019-10-11 02:05:24 UTC,5599,25.90000,18.60000,24.00000,49.00000,11.90000,14.40000,12.40000,436.81476
2019-10-11 02:06:24 UTC,5600,25.90000,18.60000,24.00000,49.00000,11.90000,14.40000,12.40000,437.16672
2019-10-11 02:07:24 UTC,5601,25.90000,18.60000,24.10000,48.90000,11.90000,14.30000,12.40000,437.13547
2019-10-11 02:08:24 UTC,5602,26.00000,18.70000,24.10000,48.70000,11.90000,14.40000,12.60000,436.89487
2019-10-11 02:09:24 UTC,5603,26.10000,18.70000,24.20000,48.50000,11.90000,14.40000,12.70000,436.60593
2019-10-11 02:10:24 UTC,5604,26.20000,18.70000,24.20000,48.20000,11.90000,14.40000,12.80000,436.47302
2019-10-11 02:11:24 UTC,5605,26.40000,18.80000,24.30000,47.50000,11.90000,14.40000,13.20000,436.43344
2019-10-11 02:12:25 UTC,5606,26.40000,18.80000,24.30000,47.90000,12.00000,14.50000,13.00000,436.34344
2019-10-11 02:13:24 UTC,5607,26.40000,18.80000,24.30000,47.90000,12.00000,14.50000,13.00000,436.35168
2019-10-11 02:14:24 UTC,5608,26.30000,18.80000,24.40000,48.20000,12.00000,14.50000,12.90000,436.48621
2019-10-11 02:15:24 UTC,5609,26.30000,18.80000,24.40000,48.30000,12.00000,14.50000,12.90000,436.81705
2019-10-11 02:16:24 UTC,5610,26.30000,18.90000,24.30000,48.40000,12.10000,14.60000,12.80000,437.33444
2019-10-11 02:17:24 UTC,5611,26.10000,18.80000,24.30000,48.80000,12.00000,14.50000,12.60000,437.94913
2019-10-11 02:18:24 UTC,5612,26.20000,18.80000,24.30000,48.50000,12.00000,14.50000,12.70000,438.35901
2019-10-11 02:19:24 UTC,5613,26.20000,18.80000,24.30000,48.60000,12.00000,14.60000,12.70000,438.37717
2019-10-11 02:20:24 UTC,5614,26.10000,18.80000,24.20000,49.10000,12.10000,14.60000,12.50000,438.00070
2019-10-11 02:21:24 UTC,5615,26.20000,18.80000,24.30000,48.70000,12.00000,14.50000,12.70000,437.26163
2019-10-11 02:22:24 UTC,5616,26.00000,18.80000,24.30000,49.30000,12.10000,14.60000,12.40000,436.08234
2019-10-11 02:23:24 UTC,5617,26.10000,18.80000,24.20000,49.00000,12.10000,14.60000,12.60000,434.52594
2019-10-11 02:24:24 UTC,5618,26.00000,18.70000,24.20000,49.30000,12.10000,14.60000,12.40000,432.46494
2019-10-11 02:25:24 UTC,5619,26.00000,18.70000,24.20000,48.90000,12.00000,14.50000,12.50000,429.97885
2019-10-11 02:26:24 UTC,5620,26.10000,18.80000,24.20000,48.90000,12.00000,14.60000,12.60000,427.68076
2019-10-11 02:27:24 UTC,5621,26.10000,18.80000,24.20000,49.00000,12.00000,14.60000,12.50000,425.53116
2019-10-11 02:28:24 UTC,5622,26.20000,18.80000,24.10000,48.80000,12.00000,14.60000,12.60000,424.06421
2019-10-11 02:29:24 UTC,5623,26.10000,18.70000,24.20000,49.10000,12.00000,14.50000,12.50000,422.94656
2019-10-11 02:30:24 UTC,5624,26.20000,18.80000,24.30000,48.80000,12.10000,14.60000,12.70000,421.77841
2019-10-11 02:31:24 UTC,5625,26.40000,18.80000,24.30000,48.20000,12.00000,14.50000,12.90000,420.69586
2019-10-11 02:32:24 UTC,5626,26.30000,18.80000,24.40000,48.50000,12.00000,14.60000,12.80000,419.53918
2019-10-11 02:33:24 UTC,5627,26.30000,18.80000,24.40000,48.10000,12.00000,14.50000,12.90000,418.80991
2019-10-11 02:34:24 UTC,5628,26.30000,18.80000,24.40000,48.50000,12.10000,14.60000,12.80000,418.41852
2019-10-11 02:35:24 UTC,5629,26.30000,18.80000,24.40000,48.40000,12.00000,14.60000,12.80000,417.82773
2019-10-11 02:36:24 UTC,5630,26.10000,18.80000,24.30000,48.90000,12.10000,14.60000,12.60000,417.03931
2019-10-11 02:37:24 UTC,5631,26.00000,18.80000,24.30000,49.40000,12.10000,14.60000,12.40000,416.42017
2019-10-11 02:38:24 UTC,5632,25.80000,18.70000,24.30000,49.70000,12.00000,14.50000,12.20000,416.03119
2019-10-11 02:39:24 UTC,5633,26.00000,18.70000,24.30000,49.10000,12.00000,14.50000,12.50000,415.44983
2019-10-11 02:40:24 UTC,5634,26.00000,18.70000,24.30000,48.90000,12.00000,14.50000,12.50000,414.72809
2019-10-11 02:41:24 UTC,5635,25.80000,18.70000,24.30000,50.30000,12.10000,14.70000,12.00000,414.01328
2019-10-11 02:42:24 UTC,5636,25.50000,18.50000,24.30000,50.70000,12.00000,14.50000,11.70000,412.82678
2019-10-11 02:43:24 UTC,5637,25.70000,18.60000,24.30000,49.90000,12.00000,14.50000,12.00000,410.97919
2019-10-11 02:44:24 UTC,5638,25.80000,18.60000,24.30000,49.70000,12.00000,14.50000,12.10000,409.23813
2019-10-11 02:45:25 UTC,5639,25.90000,18.70000,24.50000,49.30000,12.00000,14.50000,12.40000,407.73236
2019-10-11 02:46:24 UTC,5640,26.10000,18.80000,24.50000,49.10000,12.10000,14.60000,12.50000,406.14792
2019-10-11 02:47:24 UTC,5641,26.30000,18.80000,24.60000,48.40000,12.00000,14.50000,12.80000,405.09641
2019-10-11 02:48:24 UTC,5642,26.40000,18.90000,24.60000,48.00000,12.00000,14.60000,13.00000,404.81165
2019-10-11 02:49:24 UTC,5643,26.50000,18.90000,24.60000,48.00000,12.10000,14.60000,13.00000,405.02576
2019-10-11 02:50:24 UTC,5644,26.30000,18.80000,24.60000,48.40000,12.00000,14.60000,12.80000,405.38531
2019-10-11 02:51:25 UTC,5645,26.30000,18.80000,24.60000,48.20000,12.00000,14.50000,12.90000,406.10794
2019-10-11 02:52:24 UTC,5646,26.30000,18.90000,24.60000,48.30000,12.00000,14.60000,12.90000,407.28891
2019-10-11 02:53:25 UTC,5647,26.30000,18.80000,24.60000,48.30000,12.00000,14.60000,12.90000,408.50262
2019-10-11 02:54:24 UTC,5648,26.40000,18.90000,24.60000,48.00000,12.00000,14.50000,13.00000,409.52484
2019-10-11 02:55:24 UTC,5649,26.30000,18.90000,24.60000,48.60000,12.10000,14.60000,12.80000,410.61267
2019-10-11 02:56:25 UTC,5650,26.20000,18.80000,24.50000,48.60000,12.00000,14.50000,12.70000,411.57498
2019-10-11 02:57:25 UTC,5651,26.10000,18.70000,24.50000,49.10000,12.00000,14.50000,12.50000,412.34109
2019-10-11 02:58:24 UTC,5652,26.00000,18.80000,24.50000,49.20000,12.10000,14.60000,12.50000,412.53372
2019-10-11 02:59:25 UTC,5653,25.80000,18.60000,24.40000,49.60000,12.00000,14.50000,12.20000,412.71237
2019-10-11 03:00:24 UTC,5654,26.00000,18.70000,24.40000,49.00000,12.00000,14.50000,12.50000,412.71771
2019-10-11 03:01:25 UTC,5655,26.10000,18.70000,24.50000,48.50000,12.00000,14.50000,12.70000,412.44479
2019-10-11 03:02:25 UTC,5656,26.10000,18.70000,24.50000,48.70000,12.00000,14.50000,12.60000,412.11282
2019-10-11 03:03:25 UTC,5657,26.00000,18.70000,24.50000,48.90000,12.00000,14.50000,12.50000,411.71118
2019-10-11 03:04:26 UTC,5658,26.10000,18.70000,24.50000,48.70000,12.00000,14.50000,12.60000,411.45743
2019-10-11 03:05:25 UTC,5659,26.20000,18.80000,24.50000,48.50000,12.00000,14.50000,12.70000,411.35684
2019-10-11 03:06:25 UTC,5660,26.20000,18.80000,24.60000,48.50000,12.00000,14.50000,12.80000,411.33490
2019-10-11 03:07:25 UTC,5661,26.20000,18.70000,24.60000,48.50000,12.00000,14.40000,12.70000,411.39709
2019-10-11 03:08:25 UTC,5662,26.30000,18.80000,24.70000,47.90000,11.90000,14.40000,13.00000,411.35767
2019-10-11 03:09:27 UTC,5663,26.40000,18.80000,24.70000,47.70000,11.90000,14.40000,13.10000,411.29355
2019-10-11 03:10:26 UTC,5664,26.60000,18.80000,24.70000,47.20000,11.90000,14.40000,13.30000,411.34119
2019-10-11 03:11:26 UTC,5665,26.60000,18.90000,24.80000,47.00000,11.90000,14.40000,13.40000,411.39633
2019-10-11 03:12:26 UTC,5666,26.70000,18.90000,24.80000,47.00000,11.90000,14.50000,13.40000,411.49942
2019-10-11 03:13:26 UTC,5667,26.70000,18.90000,24.80000,46.90000,11.90000,14.40000,13.50000,411.47250
2019-10-11 03:14:26 UTC,5668,26.70000,18.90000,24.80000,46.90000,11.90000,14.50000,13.50000,411.35767
2019-10-11 03:15:26 UTC,5669,26.80000,19.00000,24.80000,46.60000,11.90000,14.50000,13.70000,411.31122
2019-10-11 03:16:26 UTC,5670,26.80000,18.90000,24.80000,46.90000,12.00000,14.50000,13.60000,411.33145
2019-10-11 03:17:26 UTC,5671,26.80000,18.90000,24.80000,46.70000,11.90000,14.50000,13.60000,411.51038
2019-10-11 03:18:26 UTC,5672,26.50000,18.90000,24.80000,47.50000,12.00000,14.50000,13.20000,411.79156
2019-10-11 03:19:26 UTC,5673,26.50000,18.90000,24.80000,47.50000,12.00000,14.50000,13.20000,412.13412
2019-10-11 03:20:26 UTC,5674,26.50000,18.90000,24.90000,47.50000,12.00000,14.50000,13.20000,412.60919
2019-10-11 03:21:26 UTC,5675,26.60000,18.80000,24.90000,47.00000,11.90000,14.40000,13.40000,412.99722
2019-10-11 03:22:26 UTC,5676,26.40000,18.80000,24.90000,47.40000,11.90000,14.40000,13.20000,413.34836
2019-10-11 03:23:26 UTC,5677,26.60000,18.80000,24.90000,46.90000,11.80000,14.30000,13.40000,413.59976
2019-10-11 03:24:26 UTC,5678,26.70000,18.90000,24.90000,47.10000,12.00000,14.50000,13.50000,413.78577
2019-10-11 03:25:26 UTC,5679,26.50000,18.90000,24.90000,47.80000,12.00000,14.50000,13.10000,413.96326
2019-10-11 03:26:29 UTC,5680,26.40000,18.80000,24.90000,47.60000,11.90000,14.40000,13.10000,414.08655
2019-10-11 03:27:28 UTC,5681,26.30000,18.70000,24.90000,47.80000,11.90000,14.40000,12.90000,414.08585
2019-10-11 03:28:28 UTC,5682,26.40000,18.80000,24.90000,47.40000,11.90000,14.30000,13.20000,413.91202
2019-10-11 03:29:28 UTC,5683,26.50000,18.80000,25.00000,47.30000,11.90000,14.40000,13.30000,413.61597
2019-10-11 03:30:28 UTC,5684,26.50000,18.80000,25.00000,47.20000,11.90000,14.40000,13.30000,413.36575
2019-10-11 03:31:28 UTC,5685,26.50000,18.80000,25.00000,47.10000,11.90000,14.30000,13.30000,413.01337
2019-10-11 03:32:28 UTC,5686,26.50000,18.80000,24.90000,47.30000,11.90000,14.40000,13.20000,412.69418
2019-10-11 03:33:28 UTC,5687,26.60000,18.90000,25.00000,47.00000,11.90000,14.40000,13.40000,412.14279
2019-10-11 03:34:28 UTC,5688,26.60000,18.80000,24.90000,46.90000,11.90000,14.40000,13.40000,411.52731
2019-10-11 03:35:28 UTC,5689,26.60000,18.80000,24.90000,46.90000,11.90000,14.40000,13.50000,410.84735
2019-10-11 03:36:28 UTC,5690,26.60000,18.80000,25.00000,46.70000,11.90000,14.30000,13.50000,410.44568
2019-10-11 03:37:28 UTC,5691,26.60000,18.80000,25.00000,47.10000,11.90000,14.40000,13.40000,409.78497
2019-10-11 03:38:28 UTC,5692,26.50000,18.80000,25.00000,47.30000,11.90000,14.40000,13.30000,408.70700
2019-10-11 03:39:28 UTC,5693,26.40000,18.80000,25.00000,47.70000,11.90000,14.40000,13.10000,407.45172
2019-10-11 03:40:28 UTC,5694,26.40000,18.80000,25.00000,47.70000,12.00000,14.50000,13.10000,406.06549
2019-10-11 03:41:28 UTC,5695,26.40000,18.80000,25.00000,47.90000,12.00000,14.50000,13.00000,404.69626
2019-10-11 03:42:28 UTC,5696,26.40000,18.80000,25.00000,48.00000,12.00000,14.50000,13.00000,403.59317
2019-10-11 03:43:28 UTC,5697,26.30000,18.90000,25.00000,48.60000,12.10000,14.60000,12.80000,402.78046
2019-10-11 03:44:28 UTC,5698,26.40000,18.80000,25.00000,48.00000,12.00000,14.50000,13.00000,402.19275
2019-10-11 03:45:28 UTC,5699,26.40000,18.80000,25.00000,48.10000,12.00000,14.50000,12.90000,401.76605
2019-10-11 03:46:28 UTC,5700,26.50000,18.90000,25.00000,47.60000,12.00000,14.50000,13.20000,401.45145
2019-10-11 03:47:28 UTC,5701,26.60000,18.90000,25.10000,47.30000,12.00000,14.50000,13.30000,401.21503
2019-10-11 03:48:28 UTC,5702,26.70000,18.90000,25.10000,46.80000,11.90000,14.40000,13.50000,401.03369
2019-10-11 03:49:28 UTC,5703,26.70000,18.90000,25.10000,46.60000,11.90000,14.40000,13.60000,400.89200
2019-10-11 03:50:28 UTC,5704,26.70000,18.90000,25.10000,46.70000,11.90000,14.40000,13.60000,400.77924
2019-10-11 03:51:28 UTC,5705,26.70000,18.90000,25.10000,46.60000,11.90000,14.30000,13.60000,400.68805
2019-10-11 03:52:28 UTC,5706,26.60000,18.90000,25.00000,47.10000,11.90000,14.40000,13.40000,400.61322
2019-10-11 03:53:28 UTC,5707,26.50000,18.80000,25.10000,47.30000,11.90000,14.40000,13.20000,400.55106
2019-10-11 03:54:28 UTC,5708,26.30000,18.80000,25.00000,47.80000,11.90000,14.40000,13.00000,400.49869
2019-10-11 03:55:28 UTC,5709,26.30000,18.70000,25.00000,47.70000,11.90000,14.40000,13.10000,400.45425
2019-10-11 03:56:28 UTC,5710,26.40000,18.80000,25.00000,47.50000,11.90000,14.30000,13.10000,400.41614
2019-10-11 03:57:28 UTC,5711,26.40000,18.80000,25.00000,47.50000,11.90000,14.40000,13.10000,400.38321
2019-10-11 03:58:28 UTC,5712,26.50000,18.80000,25.00000,47.30000,11.90000,14.40000,13.30000,400.35446
2019-10-11 03:59:28 UTC,5713,26.50000,18.80000,25.10000,47.30000,11.90000,14.40000,13.30000,400.32925
2019-10-11 04:00:28 UTC,5714,26.40000,18.80000,25.10000,47.60000,11.90000,14.40000,13.10000,400.30698
2019-10-11 04:01:31 UTC,5715,26.40000,18.80000,25.10000,47.50000,11.90000,14.30000,13.10000,400.28720
2019-10-11 04:02:30 UTC,5716,26.30000,18.70000,25.10000,47.80000,11.90000,14.40000,13.00000,400.26953
2019-10-11 04:03:30 UTC,5717,26.30000,18.70000,25.10000,47.50000,11.80000,14.30000,13.10000,400.25366
2019-10-11 04:04:30 UTC,5718,26.40000,18.70000,25.10000,47.40000,11.90000,14.30000,13.10000,400.23932
2019-10-11 04:05:30 UTC,5719,26.50000,18.70000,25.10000,46.80000,11.80000,14.20000,13.40000,400.22635
2019-10-11 04:06:30 UTC,5720,26.50000,18.70000,25.10000,46.70000,11.70000,14.20000,13.40000,400.21454
2019-10-11 04:07:30 UTC,5721,26.40000,18.60000,25.10000,46.80000,11.70000,14.10000,13.30000,400.20380
2019-10-11 04:08:30 UTC,5722,26.40000,18.60000,25.20000,46.50000,11.60000,14.00000,13.40000,400.19394
2019-10-11 04:09:30 UTC,5723,26.40000,18.60000,25.10000,46.50000,11.60000,14.00000,13.40000,400.18491
2019-10-11 04:10:30 UTC,5724,26.40000,18.70000,25.10000,46.80000,11.70000,14.20000,13.30000,400.17661
2019-10-11 04:11:30 UTC,5725,26.40000,18.60000,25.10000,46.80000,11.70000,14.10000,13.30000,400.16895
2019-10-11 04:12:30 UTC,5726,26.40000,18.60000,25.10000,46.60000,11.70000,14.10000,13.40000,400.16183
2019-10-11 04:13:30 UTC,5727,26.50000,18.70000,25.10000,46.40000,11.70000,14.10000,13.50000,400.15521
2019-10-11 04:14:30 UTC,5728,26.50000,18.70000,25.10000,46.60000,11.70000,14.10000,13.40000,400.14911
2019-10-11 04:15:30 UTC,5729,26.40000,18.60000,25.10000,46.90000,11.70000,14.10000,13.30000,400.14340
2019-10-11 04:16:30 UTC,5730,26.30000,18.60000,25.10000,46.80000,11.70000,14.10000,13.20000,400.13806
2019-10-11 04:17:30 UTC,5731,26.30000,18.60000,25.10000,46.90000,11.70000,14.10000,13.20000,400.13306
2019-10-11 04:18:30 UTC,5732,26.40000,18.60000,25.10000,46.80000,11.70000,14.10000,13.30000,400.12836
2019-10-11 04:19:30 UTC,5733,26.40000,18.70000,25.10000,46.70000,11.70000,14.10000,13.30000,400.12396
2019-10-11 04:20:30 UTC,5734,26.40000,18.70000,25.10000,46.70000,11.70000,14.10000,13.40000,400.11987
2019-10-11 04:21:30 UTC,5735,26.40000,18.70000,25.10000,46.90000,11.70000,14.20000,13.30000,400.11597
2019-10-11 04:22:30 UTC,5736,26.40000,18.70000,25.10000,47.00000,11.80000,14.20000,13.20000,400.11230
2019-10-11 04:23:30 UTC,5737,26.30000,18.70000,25.10000,47.30000,11.80000,14.20000,13.10000,400.10886
2019-10-11 04:24:30 UTC,5738,26.20000,18.60000,25.10000,47.40000,11.70000,14.10000,13.00000,400.10556
2019-10-11 04:25:30 UTC,5739,26.30000,18.60000,25.10000,47.10000,11.70000,14.10000,13.20000,400.10245
2019-10-11 04:26:30 UTC,5740,26.30000,18.60000,25.10000,47.20000,11.70000,14.20000,13.10000,400.09952
2019-10-11 04:27:30 UTC,5741,26.30000,18.60000,25.10000,47.20000,11.70000,14.20000,13.10000,400.09665
2019-10-11 04:28:30 UTC,5742,26.20000,18.60000,25.20000,47.70000,11.80000,14.30000,12.90000,400.09409
2019-10-11 04:29:30 UTC,5743,26.30000,18.70000,25.20000,47.50000,11.80000,14.30000,13.10000,400.09152
2019-10-11 04:30:30 UTC,5744,26.30000,18.70000,25.20000,47.70000,11.80000,14.30000,13.00000,400.08905
2019-10-11 04:31:30 UTC,5745,26.40000,18.70000,25.10000,47.20000,11.80000,14.30000,13.20000,400.08685
2019-10-11 04:32:30 UTC,5746,26.40000,18.70000,25.10000,47.20000,11.80000,14.30000,13.20000,400.08466
2019-10-11 04:33:30 UTC,5747,26.40000,18.70000,25.10000,47.20000,11.80000,14.20000,13.20000,400.08246
2019-10-11 04:34:31 UTC,5748,26.40000,18.70000,25.10000,47.10000,11.80000,14.20000,13.20000,400.08047
2019-10-11 04:35:30 UTC,5749,26.50000,18.70000,25.10000,46.80000,11.80000,14.20000,13.30000,400.07864
2019-10-11 04:36:30 UTC,5750,26.50000,18.70000,25.20000,46.70000,11.80000,14.20000,13.40000,400.08267
2019-10-11 04:37:30 UTC,5751,26.40000,18.70000,25.10000,47.00000,11.80000,14.20000,13.30000,400.14471
2019-10-11 04:38:30 UTC,5752,26.40000,18.70000,25.10000,46.90000,11.70000,14.20000,13.30000,400.29510
2019-10-11 04:39:30 UTC,5753,26.50000,18.70000,25.10000,46.70000,11.70000,14.20000,13.40000,400.57819
2019-10-11 04:40:30 UTC,5754,26.40000,18.70000,25.10000,47.00000,11.80000,14.20000,13.30000,400.94711
2019-10-11 04:41:30 UTC,5755,26.30000,18.70000,25.10000,47.30000,11.80000,14.20000,13.10000,401.35239
2019-10-11 04:42:30 UTC,5756,26.40000,18.70000,25.10000,47.10000,11.80000,14.20000,13.20000,401.64069
2019-10-11 04:43:30 UTC,5757,26.30000,18.70000,25.10000,47.50000,11.80000,14.30000,13.00000,401.85974
2019-10-11 04:44:31 UTC,5758,26.40000,18.70000,25.10000,47.60000,11.90000,14.40000,13.10000,401.94995
2019-10-11 04:45:30 UTC,5759,26.40000,18.80000,25.10000,47.30000,11.80000,14.30000,13.20000,401.81119
2019-10-11 04:46:31 UTC,5760,26.60000,18.80000,25.20000,46.80000,11.80000,14.30000,13.40000,401.64697
2019-10-11 04:47:30 UTC,5761,26.50000,18.80000,25.20000,47.10000,11.90000,14.30000,13.30000,401.49710
2019-10-11 04:48:30 UTC,5762,26.60000,18.80000,25.20000,46.90000,11.80000,14.30000,13.40000,401.36151
2019-10-11 04:49:30 UTC,5763,26.50000,18.80000,25.20000,47.20000,11.90000,14.30000,13.20000,401.39111
2019-10-11 04:50:30 UTC,5764,26.50000,18.80000,25.20000,46.80000,11.80000,14.30000,13.40000,402.22205
2019-10-11 04:51:30 UTC,5765,26.60000,18.70000,25.20000,46.50000,11.70000,14.20000,13.50000,404.96286
2019-10-11 04:52:30 UTC,5766,26.50000,18.70000,25.20000,46.30000,11.70000,14.10000,13.50000,410.19141
2019-10-11 04:53:30 UTC,5767,26.50000,18.60000,25.20000,46.20000,11.60000,14.00000,13.50000,415.49332
2019-10-11 04:54:30 UTC,5768,26.50000,18.60000,25.20000,46.40000,11.70000,14.10000,13.50000,419.37766
2019-10-11 04:55:30 UTC,5769,26.30000,18.60000,25.20000,46.90000,11.70000,14.10000,13.20000,422.11621
2019-10-11 04:56:31 UTC,5770,26.30000,18.60000,25.20000,46.80000,11.70000,14.10000,13.20000,423.33044
2019-10-11 04:57:31 UTC,5771,26.30000,18.60000,25.20000,46.70000,11.60000,14.10000,13.30000,422.41855
2019-10-11 04:58:30 UTC,5772,26.40000,18.60000,25.20000,46.50000,11.60000,14.00000,13.40000,420.77576
2019-10-11 04:59:31 UTC,5773,26.40000,18.60000,25.20000,46.80000,11.70000,14.10000,13.30000,419.08524
2019-10-11 05:00:31 UTC,5774,26.40000,18.60000,25.20000,46.80000,11.70000,14.10000,13.30000,417.54163
2019-10-11 05:01:31 UTC,5775,26.30000,18.60000,25.20000,47.20000,11.70000,14.20000,13.10000,416.54715
2019-10-11 05:02:31 UTC,5776,26.20000,18.60000,25.30000,47.20000,11.70000,14.10000,13.10000,415.55060
2019-10-11 05:03:31 UTC,5777,26.30000,18.60000,25.20000,46.90000,11.70000,14.10000,13.20000,414.55313
2019-10-11 05:04:30 UTC,5778,26.40000,18.60000,25.20000,46.90000,11.70000,14.10000,13.20000,413.76370
2019-10-11 05:05:31 UTC,5779,26.40000,18.60000,25.20000,46.60000,11.70000,14.10000,13.40000,413.26050
2019-10-11 05:06:31 UTC,5780,26.40000,18.60000,25.20000,46.70000,11.70000,14.10000,13.40000,413.00970
2019-10-11 05:07:31 UTC,5781,26.40000,18.70000,25.20000,46.90000,11.70000,14.10000,13.30000,413.20251
2019-10-11 05:08:31 UTC,5782,26.30000,18.60000,25.20000,47.20000,11.70000,14.20000,13.10000,413.32211
2019-10-11 05:09:31 UTC,5783,26.30000,18.70000,25.20000,47.20000,11.80000,14.20000,13.20000,413.36841
2019-10-11 05:10:31 UTC,5784,26.50000,18.70000,25.20000,46.80000,11.70000,14.20000,13.40000,413.53009
2019-10-11 05:11:31 UTC,5785,26.40000,18.70000,25.20000,47.10000,11.80000,14.20000,13.20000,413.80905
2019-10-11 05:12:31 UTC,5786,26.40000,18.70000,25.20000,47.30000,11.80000,14.20000,13.20000,414.07422
2019-10-11 05:13:31 UTC,5787,26.50000,18.70000,25.20000,46.90000,11.80000,14.20000,13.30000,414.57965
2019-10-11 05:14:31 UTC,5788,26.40000,18.70000,25.30000,47.20000,11.80000,14.30000,13.20000,415.25244
2019-10-11 05:15:31 UTC,5789,26.40000,18.70000,25.30000,47.10000,11.80000,14.20000,13.20000,415.46484
2019-10-11 05:16:31 UTC,5790,26.40000,18.70000,25.20000,46.90000,11.80000,14.20000,13.30000,415.30170
2019-10-11 05:17:31 UTC,5791,26.40000,18.70000,25.30000,47.00000,11.80000,14.20000,13.30000,415.00436
2019-10-11 05:18:31 UTC,5792,26.30000,18.60000,25.30000,47.10000,11.70000,14.20000,13.20000,414.54141
2019-10-11 05:19:31 UTC,5793,26.30000,18.60000,25.30000,47.10000,11.70000,14.10000,13.10000,413.84363
2019-10-11 05:20:31 UTC,5794,26.20000,18.60000,25.30000,47.40000,11.70000,14.10000,13.00000,412.93073
2019-10-11 05:21:31 UTC,5795,26.10000,18.50000,25.30000,47.30000,11.70000,14.10000,13.00000,411.92441
2019-10-11 05:22:31 UTC,5796,26.20000,18.50000,25.30000,47.00000,11.60000,14.00000,13.20000,410.56329
2019-10-11 05:23:31 UTC,5797,26.30000,18.50000,25.30000,46.80000,11.60000,14.00000,13.20000,408.74445
2019-10-11 05:24:31 UTC,5798,26.30000,18.50000,25.30000,46.70000,11.60000,14.00000,13.20000,406.76706
2019-10-11 05:25:31 UTC,5799,26.30000,18.60000,25.30000,46.70000,11.60000,14.00000,13.30000,404.91983
2019-10-11 05:26:31 UTC,5800,26.40000,18.60000,25.30000,46.70000,11.70000,14.10000,13.30000,403.59552
2019-10-11 05:27:31 UTC,5801,26.40000,18.60000,25.30000,46.70000,11.70000,14.10000,13.30000,402.69235
2019-10-11 05:28:31 UTC,5802,26.40000,18.70000,25.30000,46.70000,11.70000,14.10000,13.40000,402.07709
2019-10-11 05:29:31 UTC,5803,26.40000,18.60000,25.40000,46.90000,11.70000,14.20000,13.20000,401.64914
2019-10-11 05:30:31 UTC,5804,26.30000,18.60000,25.40000,47.00000,11.70000,14.10000,13.20000,401.34308
2019-10-11 05:31:31 UTC,5805,26.30000,18.60000,25.40000,47.30000,11.70000,14.20000,13.10000,401.11789
2019-10-11 05:32:31 UTC,5806,26.30000,18.60000,25.40000,47.00000,11.70000,14.10000,13.20000,400.94778
2019-10-11 05:33:31 UTC,5807,26.30000,18.60000,25.40000,47.00000,11.70000,14.10000,13.20000,400.81622
2019-10-11 05:34:31 UTC,5808,26.20000,18.50000,25.30000,47.00000,11.60000,14.00000,13.10000,400.71234
2019-10-11 05:35:31 UTC,5809,26.20000,18.50000,25.30000,47.00000,11.60000,14.00000,13.10000,400.62875
2019-10-11 05:36:31 UTC,5810,26.20000,18.50000,25.30000,47.00000,11.60000,14.00000,13.10000,400.56039
2019-10-11 05:37:31 UTC,5811,26.20000,18.50000,25.30000,47.00000,11.70000,14.10000,13.10000,400.50381
2019-10-11 05:38:31 UTC,5812,26.30000,18.50000,25.30000,46.70000,11.60000,14.00000,13.20000,400.45633
2019-10-11 05:39:31 UTC,5813,26.30000,18.60000,25.30000,46.70000,11.60000,14.00000,13.30000,400.41602
2019-10-11 05:40:31 UTC,5814,26.30000,18.50000,25.30000,46.60000,11.60000,14.00000,13.30000,400.38144
2019-10-11 05:41:31 UTC,5815,26.40000,18.60000,25.30000,46.50000,11.60000,14.00000,13.40000,400.35156
2019-10-11 05:42:31 UTC,5816,26.30000,18.50000,25.30000,46.60000,11.60000,14.00000,13.30000,400.32550
2019-10-11 05:43:31 UTC,5817,26.30000,18.50000,25.30000,46.70000,11.60000,14.00000,13.20000,400.30264
2019-10-11 05:44:31 UTC,5818,26.30000,18.50000,25.30000,46.40000,11.60000,13.90000,13.30000,400.32724
2019-10-11 05:45:31 UTC,5819,26.40000,18.50000,25.30000,46.30000,11.60000,13.90000,13.40000,400.39334
2019-10-11 05:46:31 UTC,5820,26.30000,18.50000,25.40000,46.60000,11.60000,14.00000,13.30000,400.52869
2019-10-11 05:47:31 UTC,5821,26.30000,18.50000,25.40000,46.40000,11.60000,13.90000,13.30000,400.66629
2019-10-11 05:48:31 UTC,5822,26.30000,18.50000,25.40000,46.40000,11.60000,13.90000,13.40000,400.73703
2019-10-11 05:49:31 UTC,5823,26.30000,18.50000,25.40000,46.50000,11.60000,14.00000,13.30000,400.73199
2019-10-11 05:50:31 UTC,5824,26.40000,18.50000,25.40000,46.20000,11.60000,13.90000,13.40000,400.68347
2019-10-11 05:51:31 UTC,5825,26.40000,18.60000,25.30000,46.20000,11.60000,14.00000,13.50000,400.63931
2019-10-11 05:52:31 UTC,5826,26.50000,18.60000,25.30000,46.00000,11.60000,13.90000,13.60000,400.59906
2019-10-11 05:53:31 UTC,5827,26.40000,18.60000,25.40000,46.20000,11.60000,14.00000,13.50000,400.61349
2019-10-11 05:54:31 UTC,5828,26.50000,18.60000,25.40000,46.10000,11.60000,14.00000,13.60000,400.61169
2019-10-11 05:55:31 UTC,5829,26.60000,18.60000,25.30000,45.90000,11.60000,14.00000,13.70000,400.64346
2019-10-11 05:56:31 UTC,5830,26.50000,18.60000,25.40000,46.10000,11.60000,14.00000,13.60000,400.66333
2019-10-11 05:57:31 UTC,5831,26.50000,18.60000,25.40000,46.00000,11.60000,14.00000,13.60000,400.73700
2019-10-11 05:58:31 UTC,5832,26.50000,18.60000,25.40000,46.10000,11.60000,14.00000,13.60000,400.81274
2019-10-11 05:59:31 UTC,5833,26.50000,18.60000,25.30000,46.20000,11.60000,14.00000,13.50000,400.97766
2019-10-11 06:00:31 UTC,5834,26.40000,18.60000,25.40000,46.30000,11.60000,14.00000,13.50000,401.27414
2019-10-11 06:01:31 UTC,5835,26.40000,18.60000,25.40000,46.30000,11.60000,14.00000,13.50000,401.64270
2019-10-11 06:02:31 UTC,5836,26.40000,18.60000,25.40000,46.50000,11.60000,14.00000,13.40000,402.10754
2019-10-11 06:03:31 UTC,5837,26.40000,18.60000,25.40000,46.40000,11.60000,14.00000,13.40000,402.63477
2019-10-11 06:04:31 UTC,5838,26.50000,18.60000,25.40000,46.20000,11.60000,14.00000,13.50000,403.17303
2019-10-11 06:05:31 UTC,5839,26.50000,18.60000,25.30000,46.10000,11.60000,14.00000,13.60000,403.62085
2019-10-11 06:06:31 UTC,5840,26.50000,18.60000,25.30000,46.00000,11.60000,14.00000,13.60000,404.15607
2019-10-11 06:07:31 UTC,5841,26.50000,18.60000,25.30000,45.80000,11.60000,13.90000,13.70000,404.67328
2019-10-11 06:08:31 UTC,5842,26.50000,18.60000,25.30000,46.00000,11.60000,13.90000,13.60000,404.96506
2019-10-11 06:09:31 UTC,5843,26.40000,18.50000,25.40000,46.00000,11.50000,13.90000,13.50000,405.08359
2019-10-11 06:10:31 UTC,5844,26.50000,18.60000,25.40000,46.10000,11.60000,14.00000,13.60000,404.85715
2019-10-11 06:11:31 UTC,5845,26.50000,18.60000,25.30000,46.20000,11.60000,14.00000,13.50000,404.61365
2019-10-11 06:12:31 UTC,5846,26.60000,18.60000,25.40000,45.70000,11.60000,13.90000,13.70000,404.28693
2019-10-11 06:13:31 UTC,5847,26.50000,18.60000,25.30000,46.20000,11.60000,14.00000,13.50000,404.01102
2019-10-11 06:14:31 UTC,5848,26.50000,18.60000,25.30000,46.10000,11.60000,14.00000,13.50000,403.75146
2019-10-11 06:15:31 UTC,5849,26.60000,18.60000,25.40000,45.90000,11.60000,14.00000,13.70000,403.29608
2019-10-11 06:16:31 UTC,5850,26.50000,18.60000,25.30000,46.20000,11.60000,14.00000,13.50000,403.10910
2019-10-11 06:17:31 UTC,5851,26.50000,18.60000,25.30000,46.00000,11.60000,13.90000,13.50000,403.09625
2019-10-11 06:18:31 UTC,5852,26.50000,18.60000,25.30000,46.00000,11.50000,13.90000,13.50000,403.17584
2019-10-11 06:19:31 UTC,5853,26.40000,18.50000,25.30000,45.90000,11.50000,13.90000,13.60000,403.19144
2019-10-11 06:20:31 UTC,5854,26.40000,18.50000,25.30000,46.10000,11.50000,13.90000,13.50000,403.16589
2019-10-11 06:21:31 UTC,5855,26.30000,18.50000,25.30000,46.40000,11.60000,13.90000,13.40000,403.01700
2019-10-11 06:22:31 UTC,5856,26.40000,18.50000,25.30000,46.10000,11.50000,13.90000,13.50000,402.75400
2019-10-11 06:23:31 UTC,5857,26.50000,18.50000,25.30000,45.50000,11.50000,13.80000,13.70000,402.48483
2019-10-11 06:24:31 UTC,5858,26.50000,18.50000,25.30000,45.50000,11.50000,13.80000,13.70000,402.23160
2019-10-11 06:25:32 UTC,5859,26.50000,18.50000,25.40000,45.70000,11.50000,13.80000,13.60000,401.99860
2019-10-11 06:26:32 UTC,5860,26.50000,18.60000,25.30000,45.80000,11.50000,13.90000,13.60000,401.78809
2019-10-11 06:27:32 UTC,5861,26.40000,18.50000,25.40000,46.00000,11.50000,13.90000,13.50000,401.60028
2019-10-11 06:28:32 UTC,5862,26.60000,18.60000,25.30000,45.80000,11.60000,14.00000,13.70000,401.43439
2019-10-11 06:29:33 UTC,5863,26.60000,18.60000,25.30000,45.80000,11.60000,14.00000,13.70000,401.28873
2019-10-11 06:30:32 UTC,5864,26.50000,18.60000,25.40000,46.00000,11.60000,13.90000,13.60000,401.16122
2019-10-11 06:31:32 UTC,5865,26.40000,18.60000,25.40000,46.50000,11.60000,14.10000,13.40000,401.04980
2019-10-11 06:32:32 UTC,5866,26.40000,18.60000,25.40000,46.20000,11.60000,14.00000,13.50000,401.11642
2019-10-11 06:33:32 UTC,5867,26.50000,18.60000,25.40000,46.20000,11.60000,14.00000,13.50000,401.31516
2019-10-11 06:34:32 UTC,5868,26.50000,18.60000,25.40000,46.40000,11.60000,14.10000,13.40000,401.52338
2019-10-11 06:35:32 UTC,5869,26.50000,18.60000,25.40000,46.30000,11.60000,14.00000,13.50000,401.69812
2019-10-11 06:36:32 UTC,5870,26.50000,18.60000,25.40000,46.50000,11.70000,14.10000,13.40000,401.75772
2019-10-11 06:37:32 UTC,5871,26.40000,18.60000,25.40000,46.60000,11.70000,14.10000,13.40000,401.94055
2019-10-11 06:38:32 UTC,5872,26.30000,18.60000,25.40000,46.80000,11.70000,14.10000,13.20000,402.31274
2019-10-11 06:39:32 UTC,5873,26.30000,18.50000,25.40000,46.70000,11.60000,14.00000,13.20000,402.84195
2019-10-11 06:40:32 UTC,5874,26.40000,18.60000,25.40000,46.50000,11.60000,14.00000,13.30000,403.33807
2019-10-11 06:41:32 UTC,5875,26.40000,18.60000,25.40000,46.30000,11.60000,14.00000,13.50000,403.60477
2019-10-11 06:42:32 UTC,5876,26.40000,18.60000,25.40000,46.10000,11.60000,13.90000,13.50000,403.80975
2019-10-11 06:43:32 UTC,5877,26.40000,18.50000,25.40000,45.90000,11.50000,13.90000,13.60000,403.95129
2019-10-11 06:44:32 UTC,5878,26.50000,18.50000,25.40000,45.90000,11.50000,13.90000,13.60000,404.14722
2019-10-11 06:45:32 UTC,5879,26.50000,18.60000,25.40000,45.60000,11.50000,13.90000,13.70000,404.31622
2019-10-11 06:46:32 UTC,5880,26.50000,18.50000,25.40000,45.80000,11.50000,13.90000,13.60000,404.28302
2019-10-11 06:47:32 UTC,5881,26.40000,18.50000,25.30000,46.10000,11.50000,13.90000,13.50000,404.21481
2019-10-11 06:48:32 UTC,5882,26.30000,18.40000,25.40000,45.90000,11.40000,13.70000,13.40000,403.90820
2019-10-11 06:49:32 UTC,5883,26.30000,18.40000,25.40000,45.80000,11.40000,13.70000,13.50000,403.58640
2019-10-11 06:50:32 UTC,5884,26.40000,18.40000,25.30000,45.70000,11.40000,13.80000,13.60000,403.18405
2019-10-11 06:51:32 UTC,5885,26.40000,18.50000,25.30000,45.80000,11.40000,13.80000,13.50000,402.80328
2019-10-11 06:52:32 UTC,5886,26.40000,18.50000,25.30000,45.90000,11.50000,13.80000,13.50000,402.45563
2019-10-11 06:53:32 UTC,5887,26.40000,18.40000,25.40000,45.70000,11.40000,13.70000,13.60000,402.14691
2019-10-11 06:54:32 UTC,5888,26.30000,18.40000,25.40000,45.80000,11.40000,13.70000,13.50000,401.87820
2019-10-11 06:55:32 UTC,5889,26.20000,18.40000,25.40000,46.00000,11.40000,13.70000,13.40000,401.64725
2019-10-11 06:56:32 UTC,5890,26.20000,18.30000,25.40000,45.90000,11.30000,13.60000,13.40000,401.45020
2019-10-11 06:57:32 UTC,5891,26.20000,18.30000,25.40000,46.00000,11.40000,13.70000,13.30000,401.28265
2019-10-11 06:58:32 UTC,5892,26.30000,18.40000,25.30000,45.70000,11.40000,13.70000,13.50000,401.14035
2019-10-11 06:59:32 UTC,5893,26.30000,18.40000,25.30000,45.80000,11.40000,13.70000,13.50000,401.01920
2019-10-11 07:00:32 UTC,5894,26.40000,18.40000,25.40000,45.60000,11.40000,13.70000,13.60000,400.91574
2019-10-11 07:01:32 UTC,5895,26.40000,18.40000,25.40000,45.30000,11.40000,13.70000,13.70000,400.82690
2019-10-11 07:02:32 UTC,5896,26.40000,18.40000,25.30000,45.30000,11.30000,13.60000,13.70000,400.75049
2019-10-11 07:03:32 UTC,5897,26.40000,18.40000,25.30000,45.40000,11.30000,13.60000,13.60000,400.68433
2019-10-11 07:04:32 UTC,5898,26.40000,18.40000,25.30000,45.20000,11.30000,13.60000,13.70000,400.69754
2019-10-11 07:05:32 UTC,5899,26.40000,18.40000,25.30000,45.10000,11.30000,13.60000,13.80000,400.89133
2019-10-11 07:06:32 UTC,5900,26.30000,18.30000,25.30000,45.30000,11.30000,13.60000,13.60000,401.29373
2019-10-11 07:07:33 UTC,5901,26.30000,18.30000,25.20000,45.40000,11.30000,13.60000,13.60000,402.25052
2019-10-11 07:08:32 UTC,5902,26.30000,18.30000,25.20000,45.10000,11.20000,13.50000,13.70000,403.32208
2019-10-11 07:09:32 UTC,5903,26.40000,18.30000,25.20000,44.80000,11.20000,13.50000,13.80000,404.14563
2019-10-11 07:10:32 UTC,5904,26.40000,18.30000,25.20000,45.10000,11.30000,13.50000,13.70000,404.53867
2019-10-11 07:11:32 UTC,5905,26.30000,18.30000,25.20000,45.30000,11.30000,13.50000,13.60000,404.59714
2019-10-11 07:12:32 UTC,5906,26.20000,18.30000,25.20000,45.60000,11.30000,13.60000,13.50000,404.04742
2019-10-11 07:14:12 UTC,5907,26.20000,18.40000,25.30000,46.20000,11.40000,13.80000,13.30000,407.74261
2019-10-11 07:17:26 UTC,5908,26.60000,18.90000,25.20000,47.70000,12.10000,14.60000,13.20000,407.74261
2019-10-11 07:18:26 UTC,5909,26.40000,18.60000,25.10000,46.50000,11.60000,14.00000,13.40000,539.70984
2019-10-11 07:19:26 UTC,5910,26.30000,18.50000,25.00000,46.00000,11.50000,13.80000,13.50000,550.34772
2019-10-11 07:20:26 UTC,5911,26.30000,18.40000,25.00000,46.20000,11.50000,13.80000,13.40000,552.62177
2019-10-11 07:21:26 UTC,5912,26.30000,18.50000,24.90000,46.40000,11.50000,13.90000,13.30000,550.80719
2019-10-11 07:22:26 UTC,5913,26.20000,18.30000,24.90000,45.90000,11.40000,13.70000,13.40000,536.51953
2019-10-11 07:23:26 UTC,5914,26.20000,18.30000,24.90000,45.90000,11.30000,13.60000,13.30000,499.37439
2019-10-11 07:24:26 UTC,5915,26.10000,18.30000,24.90000,45.80000,11.30000,13.60000,13.40000,468.16156
2019-10-11 07:25:26 UTC,5916,26.20000,18.30000,24.80000,45.30000,11.20000,13.50000,13.50000,451.50256
2019-10-11 07:26:26 UTC,5917,26.20000,18.30000,24.80000,45.50000,11.30000,13.50000,13.50000,440.21143
2019-10-11 07:27:26 UTC,5918,26.30000,18.30000,24.80000,45.50000,11.30000,13.60000,13.50000,431.84708
2019-10-11 07:28:26 UTC,5919,26.30000,18.30000,24.80000,45.30000,11.30000,13.60000,13.60000,426.98318
2019-10-11 07:29:26 UTC,5920,26.40000,18.40000,24.80000,45.10000,11.30000,13.60000,13.70000,424.83786
2019-10-11 07:30:26 UTC,5921,26.40000,18.40000,24.80000,45.20000,11.30000,13.60000,13.70000,423.55933
2019-10-11 07:31:26 UTC,5922,26.40000,18.40000,24.80000,45.60000,11.40000,13.70000,13.60000,422.76712
2019-10-11 07:32:26 UTC,5923,26.40000,18.40000,24.80000,45.30000,11.40000,13.70000,13.70000,422.80273
2019-10-11 07:33:26 UTC,5924,26.50000,18.40000,24.80000,45.20000,11.30000,13.70000,13.80000,423.61005
2019-10-11 07:34:26 UTC,5925,26.50000,18.50000,24.70000,45.10000,11.40000,13.70000,13.80000,425.20609
2019-10-11 07:35:26 UTC,5926,26.40000,18.50000,24.70000,45.70000,11.40000,13.80000,13.60000,427.13849
2019-10-11 07:36:26 UTC,5927,26.40000,18.40000,24.80000,45.70000,11.40000,13.80000,13.60000,429.25208
2019-10-11 07:37:26 UTC,5928,26.40000,18.50000,24.80000,45.90000,11.50000,13.80000,13.50000,430.79462
2019-10-11 07:38:26 UTC,5929,26.50000,18.50000,24.80000,45.60000,11.50000,13.90000,13.70000,431.68616
2019-10-11 07:39:26 UTC,5930,26.50000,18.60000,24.80000,45.60000,11.50000,13.90000,13.70000,432.74789
2019-10-11 07:40:26 UTC,5931,26.50000,18.60000,24.80000,45.80000,11.50000,13.90000,13.70000,433.82550
2019-10-11 07:41:26 UTC,5932,26.50000,18.60000,24.90000,46.00000,11.60000,13.90000,13.60000,435.16537
2019-10-11 07:42:26 UTC,5933,26.60000,18.60000,24.90000,45.70000,11.50000,13.90000,13.70000,437.00430
2019-10-11 07:43:29 UTC,5934,26.50000,18.60000,24.90000,45.90000,11.60000,13.90000,13.70000,439.68002
2019-10-11 07:44:28 UTC,5935,26.50000,18.60000,24.90000,46.00000,11.60000,14.00000,13.60000,443.08411
2019-10-11 07:45:28 UTC,5936,26.50000,18.60000,24.90000,46.10000,11.60000,14.00000,13.60000,446.32071
2019-10-11 07:46:28 UTC,5937,26.60000,18.60000,24.90000,46.00000,11.60000,14.00000,13.60000,449.44431
2019-10-11 07:47:29 UTC,5938,26.50000,18.70000,24.90000,46.20000,11.60000,14.10000,13.60000,451.94168
2019-10-11 07:48:28 UTC,5939,26.60000,18.70000,24.80000,46.30000,11.70000,14.10000,13.60000,453.94308
2019-10-11 07:49:28 UTC,5940,26.60000,18.70000,24.80000,46.20000,11.70000,14.10000,13.60000,455.46628
2019-10-11 07:50:28 UTC,5941,26.60000,18.70000,24.90000,46.30000,11.70000,14.10000,13.60000,456.92987
2019-10-11 07:51:28 UTC,5942,26.60000,18.70000,24.90000,46.40000,11.70000,14.20000,13.50000,458.41653
2019-10-11 07:52:28 UTC,5943,26.50000,18.70000,24.90000,46.60000,11.70000,14.20000,13.50000,459.90277
2019-10-11 07:53:28 UTC,5944,26.50000,18.70000,24.90000,46.60000,11.70000,14.20000,13.40000,461.35480
2019-10-11 07:54:28 UTC,5945,26.50000,18.70000,24.90000,46.40000,11.70000,14.10000,13.50000,463.17743
2019-10-11 07:55:28 UTC,5946,26.50000,18.70000,24.90000,46.60000,11.70000,14.10000,13.40000,465.06195
2019-10-11 07:56:28 UTC,5947,26.50000,18.70000,24.90000,46.90000,11.80000,14.20000,13.30000,466.83792
2019-10-11 07:57:28 UTC,5948,26.50000,18.70000,24.90000,46.70000,11.80000,14.20000,13.40000,468.50406
2019-10-11 07:58:28 UTC,5949,26.50000,18.70000,24.90000,46.80000,11.80000,14.20000,13.40000,469.85159
2019-10-11 07:59:28 UTC,5950,26.50000,18.70000,24.90000,46.70000,11.70000,14.20000,13.40000,470.75131
2019-10-11 08:00:28 UTC,5951,26.50000,18.70000,25.00000,46.70000,11.80000,14.20000,13.40000,471.67441
2019-10-11 08:01:28 UTC,5952,26.40000,18.70000,24.90000,47.10000,11.80000,14.20000,13.30000,472.76230
2019-10-11 08:02:28 UTC,5953,26.40000,18.70000,24.90000,47.30000,11.80000,14.30000,13.20000,473.78101
2019-10-11 08:03:28 UTC,5954,26.40000,18.70000,24.90000,47.30000,11.80000,14.30000,13.20000,474.68106
2019-10-11 08:04:28 UTC,5955,26.40000,18.70000,24.90000,47.10000,11.80000,14.30000,13.20000,475.86368
2019-10-11 08:05:28 UTC,5956,26.40000,18.70000,24.90000,47.30000,11.80000,14.30000,13.20000,477.18027
2019-10-11 08:06:28 UTC,5957,26.40000,18.70000,25.00000,47.10000,11.80000,14.30000,13.30000,478.32974
2019-10-11 08:07:28 UTC,5958,26.50000,18.80000,25.00000,47.20000,11.90000,14.30000,13.20000,479.76740
2019-10-11 08:08:29 UTC,5959,26.50000,18.80000,25.00000,47.20000,11.90000,14.30000,13.30000,481.85510
2019-10-11 08:09:28 UTC,5960,26.50000,18.80000,25.00000,47.40000,11.90000,14.40000,13.20000,484.41425
2019-10-11 08:10:29 UTC,5961,26.50000,18.80000,25.00000,47.30000,11.90000,14.40000,13.20000,487.45551
2019-10-11 08:11:28 UTC,5962,26.50000,18.80000,25.00000,47.30000,11.90000,14.40000,13.30000,490.83578
2019-10-11 08:12:28 UTC,5963,26.50000,18.80000,25.00000,47.30000,11.90000,14.40000,13.30000,493.61984
2019-10-11 08:13:29 UTC,5964,26.50000,18.80000,25.00000,47.40000,11.90000,14.40000,13.20000,496.20950
2019-10-11 08:14:29 UTC,5965,26.50000,18.80000,24.90000,47.60000,11.90000,14.40000,13.20000,498.58853
2019-10-11 08:15:29 UTC,5966,26.40000,18.80000,24.90000,47.80000,12.00000,14.50000,13.10000,500.59485
2019-10-11 08:16:28 UTC,5967,26.40000,18.80000,24.90000,47.90000,12.00000,14.50000,13.00000,501.75415
2019-10-11 08:17:29 UTC,5968,26.40000,18.80000,24.90000,47.90000,12.00000,14.50000,13.10000,502.38937
2019-10-11 08:18:29 UTC,5969,26.40000,18.80000,24.90000,47.70000,11.90000,14.40000,13.10000,502.78207
2019-10-11 08:19:29 UTC,5970,26.50000,18.80000,24.90000,47.60000,12.00000,14.50000,13.10000,502.82321
2019-10-11 08:20:28 UTC,5971,26.50000,18.80000,24.80000,47.70000,12.00000,14.50000,13.10000,502.94675
2019-10-11 08:21:28 UTC,5972,26.40000,18.80000,24.80000,48.00000,12.00000,14.50000,13.00000,503.28012
2019-10-11 08:22:28 UTC,5973,26.40000,18.90000,24.80000,48.00000,12.00000,14.50000,13.00000,503.35703
2019-10-11 08:23:29 UTC,5974,26.40000,18.90000,24.80000,48.10000,12.00000,14.60000,13.00000,503.31168
2019-10-11 08:24:29 UTC,5975,26.40000,18.90000,24.80000,47.90000,12.00000,14.50000,13.10000,503.45078
2019-10-11 08:25:29 UTC,5976,26.40000,18.80000,24.80000,48.00000,12.00000,14.50000,13.00000,503.49216
2019-10-11 08:26:29 UTC,5977,26.50000,18.80000,24.80000,47.70000,12.00000,14.50000,13.10000,503.47559
2019-10-11 08:27:29 UTC,5978,26.50000,18.90000,24.90000,47.80000,12.00000,14.50000,13.10000,503.42206
2019-10-11 08:28:29 UTC,5979,26.40000,18.90000,24.90000,48.00000,12.00000,14.50000,13.00000,503.43689
2019-10-11 08:29:29 UTC,5980,26.50000,18.90000,24.90000,47.90000,12.00000,14.50000,13.10000,503.47769
2019-10-11 08:30:29 UTC,5981,26.50000,18.90000,24.90000,47.90000,12.00000,14.50000,13.10000,503.49326
2019-10-11 08:31:29 UTC,5982,26.40000,18.80000,24.90000,48.00000,12.00000,14.50000,13.00000,503.57178
2019-10-11 08:32:29 UTC,5983,26.40000,18.90000,24.90000,48.00000,12.00000,14.50000,13.00000,503.60394
2019-10-11 08:33:29 UTC,5984,26.40000,18.80000,24.90000,48.20000,12.00000,14.50000,12.90000,503.63275
2019-10-11 08:34:29 UTC,5985,26.30000,18.80000,24.90000,48.60000,12.10000,14.60000,12.80000,503.68173
2019-10-11 08:35:29 UTC,5986,26.30000,18.90000,24.80000,48.80000,12.10000,14.60000,12.70000,503.60056
2019-10-11 08:36:29 UTC,5987,26.30000,18.90000,24.80000,48.70000,12.10000,14.60000,12.80000,503.36414
2019-10-11 08:37:29 UTC,5988,26.40000,18.90000,24.80000,48.40000,12.10000,14.60000,12.90000,503.04892
2019-10-11 08:38:29 UTC,5989,26.40000,18.90000,24.80000,48.30000,12.10000,14.60000,12.90000,502.80548
2019-10-11 08:39:29 UTC,5990,26.40000,18.90000,24.90000,48.50000,12.10000,14.60000,12.90000,502.49615
2019-10-11 08:40:29 UTC,5991,26.20000,18.90000,24.80000,48.90000,12.10000,14.70000,12.70000,502.15076
2019-10-11 08:41:29 UTC,5992,26.20000,18.90000,24.90000,49.20000,12.10000,14.70000,12.50000,501.71014
2019-10-11 08:42:29 UTC,5993,26.20000,18.80000,24.90000,49.00000,12.10000,14.60000,12.60000,501.10538
2019-10-11 08:43:29 UTC,5994,26.10000,18.80000,24.90000,49.10000,12.10000,14.60000,12.50000,500.28235
2019-10-11 08:44:29 UTC,5995,26.10000,18.80000,24.90000,49.10000,12.10000,14.60000,12.50000,499.37125
2019-10-11 08:45:29 UTC,5996,26.10000,18.80000,24.90000,48.90000,12.10000,14.60000,12.60000,498.49597
2019-10-11 08:46:29 UTC,5997,26.10000,18.80000,24.90000,48.90000,12.10000,14.60000,12.60000,496.86545
2019-10-11 08:47:29 UTC,5998,26.10000,18.80000,24.90000,49.10000,12.10000,14.60000,12.50000,494.34033
2019-10-11 08:48:29 UTC,5999,26.10000,18.80000,24.90000,49.20000,12.10000,14.60000,12.50000,491.60266
2019-10-11 08:49:29 UTC,6000,26.00000,18.80000,24.90000,49.40000,12.10000,14.60000,12.40000,488.75323
2019-10-11 08:50:29 UTC,6001,26.00000,18.80000,24.90000,49.30000,12.10000,14.60000,12.40000,486.58801
2019-10-11 08:51:29 UTC,6002,26.10000,18.80000,24.90000,49.30000,12.10000,14.60000,12.40000,485.16559
2019-10-11 08:52:29 UTC,6003,26.00000,18.80000,24.90000,49.60000,12.10000,14.60000,12.30000,484.19751
2019-10-11 08:53:29 UTC,6004,26.00000,18.80000,24.90000,49.50000,12.10000,14.70000,12.40000,483.35104
2019-10-11 08:54:29 UTC,6005,25.90000,18.80000,24.90000,49.90000,12.10000,14.70000,12.20000,482.44495
2019-10-11 08:55:29 UTC,6006,25.90000,18.80000,24.90000,50.00000,12.10000,14.70000,12.20000,481.53116
2019-10-11 08:56:29 UTC,6007,25.90000,18.80000,24.90000,49.80000,12.10000,14.60000,12.20000,480.81247
2019-10-11 08:57:29 UTC,6008,25.90000,18.70000,24.90000,49.90000,12.10000,14.60000,12.20000,480.36987
2019-10-11 08:58:29 UTC,6009,25.90000,18.70000,24.90000,49.90000,12.10000,14.60000,12.20000,480.33380
2019-10-11 08:59:29 UTC,6010,25.80000,18.70000,24.80000,49.90000,12.10000,14.60000,12.10000,480.28302
2019-10-11 09:00:29 UTC,6011,25.90000,18.70000,24.80000,49.90000,12.10000,14.60000,12.20000,480.24509
2019-10-11 09:01:29 UTC,6012,25.90000,18.70000,24.80000,49.90000,12.10000,14.70000,12.20000,480.24573
2019-10-11 09:02:29 UTC,6013,25.90000,18.70000,24.80000,49.90000,12.10000,14.70000,12.20000,480.34784
2019-10-11 09:03:29 UTC,6014,25.80000,18.70000,24.80000,50.10000,12.10000,14.70000,12.10000,480.65704
2019-10-11 09:04:29 UTC,6015,25.80000,18.70000,24.80000,50.10000,12.20000,14.70000,12.10000,480.82388
2019-10-11 09:05:29 UTC,6016,25.80000,18.80000,24.80000,50.30000,12.20000,14.70000,12.00000,480.90402
2019-10-11 09:06:29 UTC,6017,25.80000,18.70000,24.80000,50.30000,12.10000,14.70000,12.00000,480.84741
2019-10-11 09:07:29 UTC,6018,25.80000,18.70000,24.80000,50.20000,12.10000,14.70000,12.10000,480.73587
2019-10-11 09:08:29 UTC,6019,25.80000,18.70000,24.80000,50.40000,12.20000,14.70000,12.00000,480.66907
2019-10-11 09:09:29 UTC,6020,25.70000,18.70000,24.80000,50.60000,12.20000,14.70000,11.90000,480.53662
2019-10-11 09:10:29 UTC,6021,25.70000,18.70000,24.80000,50.40000,12.20000,14.70000,11.90000,480.12451
2019-10-11 09:11:29 UTC,6022,25.70000,18.70000,24.70000,50.50000,12.20000,14.70000,11.90000,479.35632
2019-10-11 09:12:29 UTC,6023,25.70000,18.70000,24.70000,50.90000,12.20000,14.70000,11.80000,478.12888
2019-10-11 09:13:29 UTC,6024,25.70000,18.70000,24.70000,50.50000,12.20000,14.70000,11.90000,476.88635
2019-10-11 09:14:29 UTC,6025,25.80000,18.70000,24.70000,50.50000,12.20000,14.70000,12.00000,475.54700
2019-10-11 09:15:29 UTC,6026,25.80000,18.70000,24.70000,50.60000,12.20000,14.70000,11.90000,474.46048
2019-10-11 09:16:30 UTC,6027,25.70000,18.70000,24.70000,50.60000,12.20000,14.70000,11.90000,473.48264
2019-10-11 09:17:30 UTC,6028,25.70000,18.80000,24.70000,50.90000,12.20000,14.80000,11.80000,472.92880
2019-10-11 09:18:29 UTC,6029,25.70000,18.70000,24.70000,50.90000,12.20000,14.70000,11.80000,472.95926
2019-10-11 09:19:29 UTC,6030,25.70000,18.70000,24.70000,50.90000,12.20000,14.70000,11.80000,473.22955
2019-10-11 09:20:29 UTC,6031,25.70000,18.70000,24.70000,50.80000,12.20000,14.80000,11.80000,473.63989
2019-10-11 09:21:29 UTC,6032,25.80000,18.80000,24.70000,50.30000,12.20000,14.70000,12.00000,474.16724
2019-10-11 09:22:29 UTC,6033,25.90000,18.80000,24.70000,50.20000,12.20000,14.80000,12.10000,474.84222
2019-10-11 09:23:29 UTC,6034,26.00000,18.90000,24.80000,50.00000,12.20000,14.80000,12.20000,476.12424
2019-10-11 09:24:29 UTC,6035,26.10000,18.90000,24.80000,49.80000,12.20000,14.80000,12.30000,477.98135
2019-10-11 09:25:29 UTC,6036,26.10000,18.90000,24.90000,50.00000,12.30000,14.90000,12.30000,481.20313
2019-10-11 09:26:29 UTC,6037,26.10000,18.90000,24.90000,49.90000,12.30000,14.90000,12.40000,487.47205
2019-10-11 09:27:29 UTC,6038,26.10000,18.90000,24.90000,49.90000,12.30000,14.90000,12.30000,497.20313
2019-10-11 09:28:29 UTC,6039,26.10000,19.00000,24.90000,50.00000,12.30000,14.90000,12.30000,509.17746
2019-10-11 09:29:29 UTC,6040,26.20000,19.00000,25.00000,49.80000,12.30000,14.90000,12.40000,520.77393
2019-10-11 09:30:29 UTC,6041,26.20000,19.00000,25.00000,49.90000,12.30000,14.90000,12.40000,529.76355
2019-10-11 09:31:32 UTC,6042,26.20000,19.00000,25.00000,49.80000,12.30000,14.90000,12.40000,537.04901
2019-10-11 09:32:31 UTC,6043,26.20000,19.00000,25.00000,49.90000,12.30000,14.90000,12.40000,542.12781
2019-10-11 09:33:31 UTC,6044,26.20000,19.00000,25.10000,49.60000,12.30000,14.90000,12.50000,545.83881
2019-10-11 09:34:31 UTC,6045,26.20000,19.00000,25.10000,49.70000,12.30000,14.90000,12.50000,548.95355
2019-10-11 09:35:31 UTC,6046,26.20000,19.00000,25.10000,49.90000,12.40000,15.00000,12.40000,552.12042
2019-10-11 09:36:31 UTC,6047,26.30000,19.00000,25.10000,49.90000,12.40000,15.00000,12.40000,556.01068
2019-10-11 09:37:31 UTC,6048,26.30000,19.00000,25.10000,49.70000,12.30000,14.90000,12.50000,561.53857
2019-10-11 09:38:31 UTC,6049,26.30000,19.00000,25.10000,49.80000,12.40000,15.00000,12.50000,566.97137
2019-10-11 09:39:31 UTC,6050,26.30000,19.00000,25.20000,49.70000,12.30000,14.90000,12.50000,572.01154
2019-10-11 09:40:31 UTC,6051,26.20000,19.00000,25.10000,49.90000,12.40000,15.00000,12.40000,575.69135
2019-10-11 09:41:31 UTC,6052,26.20000,19.00000,25.10000,50.10000,12.40000,15.00000,12.40000,578.53613
2019-10-11 09:42:31 UTC,6053,26.20000,19.10000,25.10000,50.40000,12.40000,15.10000,12.30000,581.08374
2019-10-11 09:43:31 UTC,6054,26.10000,19.00000,25.00000,50.60000,12.40000,15.10000,12.20000,582.78198
2019-10-11 09:44:31 UTC,6055,26.10000,19.10000,25.00000,50.80000,12.50000,15.10000,12.10000,583.40234
2019-10-11 09:45:31 UTC,6056,26.00000,19.00000,25.00000,50.90000,12.50000,15.10000,12.00000,582.88153
2019-10-11 09:46:31 UTC,6057,26.10000,19.00000,25.00000,50.90000,12.50000,15.10000,12.00000,581.22620
2019-10-11 09:47:31 UTC,6058,26.00000,19.10000,24.90000,51.30000,12.60000,15.20000,11.90000,578.50220
2019-10-11 09:48:31 UTC,6059,26.10000,19.10000,24.90000,51.00000,12.50000,15.20000,12.00000,574.88049
2019-10-11 09:49:31 UTC,6060,26.10000,19.10000,24.90000,51.00000,12.50000,15.20000,12.10000,571.36542
2019-10-11 09:50:31 UTC,6061,26.10000,19.10000,24.90000,51.30000,12.60000,15.30000,11.90000,567.72003
2019-10-11 09:51:31 UTC,6062,26.00000,19.10000,24.90000,51.40000,12.60000,15.20000,11.90000,564.22656
2019-10-11 09:52:31 UTC,6063,26.00000,19.10000,24.80000,51.40000,12.60000,15.20000,11.90000,561.87238
2019-10-11 09:53:31 UTC,6064,26.00000,19.10000,24.80000,51.60000,12.60000,15.30000,11.80000,560.57153
2019-10-11 09:54:31 UTC,6065,26.00000,19.10000,24.80000,51.70000,12.60000,15.30000,11.80000,559.72839
2019-10-11 09:55:31 UTC,6066,26.00000,19.10000,24.80000,51.90000,12.70000,15.30000,11.70000,558.93823
2019-10-11 09:56:31 UTC,6067,26.00000,19.10000,24.80000,51.90000,12.70000,15.30000,11.70000,558.01581
2019-10-11 09:57:31 UTC,6068,26.00000,19.10000,24.80000,51.90000,12.70000,15.30000,11.70000,557.24542
2019-10-11 09:58:31 UTC,6069,25.90000,19.10000,24.80000,51.70000,12.60000,15.30000,11.80000,556.38196
2019-10-11 09:59:31 UTC,6070,25.90000,19.10000,24.80000,51.80000,12.60000,15.30000,11.80000,555.36401
2019-10-11 10:00:31 UTC,6071,25.90000,19.10000,24.80000,52.00000,12.70000,15.30000,11.70000,554.21259
2019-10-11 10:01:31 UTC,6072,25.80000,19.10000,24.80000,52.10000,12.60000,15.30000,11.60000,552.63440
2019-10-11 10:02:31 UTC,6073,25.80000,19.10000,24.70000,52.20000,12.60000,15.30000,11.60000,550.69019
2019-10-11 10:03:31 UTC,6074,25.80000,19.10000,24.70000,52.10000,12.60000,15.30000,11.60000,548.40674
2019-10-11 10:04:31 UTC,6075,25.80000,19.10000,24.70000,52.10000,12.60000,15.30000,11.60000,546.20001
2019-10-11 10:05:31 UTC,6076,25.80000,19.10000,24.70000,52.10000,12.60000,15.30000,11.60000,543.97803
2019-10-11 10:06:31 UTC,6077,25.80000,19.10000,24.70000,52.20000,12.60000,15.30000,11.60000,541.59930
2019-10-11 10:07:31 UTC,6078,25.80000,19.10000,24.70000,52.20000,12.60000,15.30000,11.60000,539.65912
2019-10-11 10:08:31 UTC,6079,25.80000,19.10000,24.70000,52.30000,12.70000,15.30000,11.60000,537.43579
2019-10-11 10:09:31 UTC,6080,25.80000,19.00000,24.70000,52.30000,12.60000,15.30000,11.50000,535.20770
2019-10-11 10:10:31 UTC,6081,25.60000,19.00000,24.70000,53.20000,12.70000,15.40000,11.20000,533.19415
2019-10-11 10:11:31 UTC,6082,25.60000,19.00000,24.70000,53.10000,12.70000,15.30000,11.20000,531.30206
2019-10-11 10:12:31 UTC,6083,25.50000,19.00000,24.70000,53.40000,12.70000,15.30000,11.00000,530.07007
2019-10-11 10:13:31 UTC,6084,25.40000,18.90000,24.60000,53.80000,12.70000,15.40000,10.90000,528.80054
2019-10-11 10:14:31 UTC,6085,25.30000,18.90000,24.60000,53.80000,12.70000,15.30000,10.90000,527.02850
2019-10-11 10:15:31 UTC,6086,25.30000,18.90000,24.60000,54.10000,12.70000,15.30000,10.80000,524.33453
2019-10-11 10:16:31 UTC,6087,25.30000,18.90000,24.60000,54.00000,12.70000,15.30000,10.80000,521.37146
2019-10-11 10:17:31 UTC,6088,25.20000,18.90000,24.60000,54.20000,12.70000,15.30000,10.70000,517.86292
2019-10-11 10:18:32 UTC,6089,25.30000,18.90000,24.50000,53.90000,12.60000,15.30000,10.80000,513.32214
2019-10-11 10:19:31 UTC,6090,25.30000,18.90000,24.50000,54.00000,12.70000,15.30000,10.80000,508.21689
2019-10-11 10:20:32 UTC,6091,25.30000,18.80000,24.50000,53.80000,12.60000,15.20000,10.80000,503.09250
2019-10-11 10:21:32 UTC,6092,25.20000,18.90000,24.50000,54.10000,12.70000,15.30000,10.70000,498.62012
2019-10-11 10:22:32 UTC,6093,25.20000,18.90000,24.50000,54.30000,12.70000,15.30000,10.70000,495.09665
2019-10-11 10:23:32 UTC,6094,25.10000,18.80000,24.50000,54.40000,12.70000,15.30000,10.60000,492.18460
2019-10-11 10:24:32 UTC,6095,25.30000,18.90000,24.50000,53.90000,12.70000,15.30000,10.80000,489.45715
2019-10-11 10:25:32 UTC,6096,25.40000,18.90000,24.50000,53.40000,12.70000,15.30000,11.00000,487.39102
2019-10-11 10:26:32 UTC,6097,25.50000,19.00000,24.50000,53.00000,12.60000,15.30000,11.20000,486.38672
2019-10-11 10:27:31 UTC,6098,25.60000,19.00000,24.50000,52.70000,12.60000,15.20000,11.30000,485.91019
2019-10-11 10:28:32 UTC,6099,25.70000,19.00000,24.60000,52.40000,12.60000,15.20000,11.40000,486.05334
2019-10-11 10:29:32 UTC,6100,25.70000,19.00000,24.60000,52.10000,12.50000,15.20000,11.50000,486.61520
2019-10-11 10:30:32 UTC,6101,25.70000,19.00000,24.60000,52.30000,12.60000,15.20000,11.50000,487.58609
2019-10-11 10:31:32 UTC,6102,25.80000,19.00000,24.60000,52.10000,12.60000,15.20000,11.50000,489.28873
2019-10-11 10:32:32 UTC,6103,25.80000,19.00000,24.70000,52.10000,12.60000,15.20000,11.60000,491.96759
2019-10-11 10:33:32 UTC,6104,25.80000,19.00000,24.70000,51.90000,12.60000,15.20000,11.60000,495.54007
2019-10-11 10:34:32 UTC,6105,25.80000,19.00000,24.70000,52.10000,12.60000,15.20000,11.60000,499.40518
2019-10-11 10:35:32 UTC,6106,25.80000,19.00000,24.70000,51.90000,12.60000,15.20000,11.60000,503.11310
2019-10-11 10:36:32 UTC,6107,25.90000,19.00000,24.70000,51.80000,12.60000,15.20000,11.70000,506.17294
2019-10-11 10:37:32 UTC,6108,25.90000,19.10000,24.70000,52.00000,12.60000,15.30000,11.70000,508.74380
2019-10-11 10:38:32 UTC,6109,25.90000,19.10000,24.70000,52.00000,12.60000,15.30000,11.70000,510.35739
2019-10-11 10:39:32 UTC,6110,25.60000,19.00000,24.70000,53.20000,12.70000,15.30000,11.10000,511.58139
2019-10-11 10:40:32 UTC,6111,25.60000,19.00000,24.60000,53.10000,12.70000,15.30000,11.20000,512.45056
2019-10-11 10:41:32 UTC,6112,25.60000,19.00000,24.60000,53.00000,12.70000,15.30000,11.20000,512.80475
2019-10-11 10:42:32 UTC,6113,25.60000,19.00000,24.60000,52.90000,12.70000,15.30000,11.30000,512.90741
2019-10-11 10:43:32 UTC,6114,25.70000,19.00000,24.60000,52.80000,12.70000,15.30000,11.30000,512.93646
2019-10-11 10:44:32 UTC,6115,25.70000,19.00000,24.60000,52.50000,12.60000,15.30000,11.40000,512.78778
2019-10-11 10:45:32 UTC,6116,25.70000,19.00000,24.60000,52.40000,12.60000,15.30000,11.40000,512.48456
2019-10-11 10:46:32 UTC,6117,25.70000,19.00000,24.60000,52.60000,12.60000,15.30000,11.40000,512.21875
2019-10-11 10:47:32 UTC,6118,25.70000,19.00000,24.50000,52.60000,12.60000,15.30000,11.40000,511.93973
2019-10-11 10:48:32 UTC,6119,25.70000,19.00000,24.50000,52.60000,12.60000,15.30000,11.40000,511.55472
2019-10-11 10:49:32 UTC,6120,25.70000,19.00000,24.50000,52.60000,12.60000,15.30000,11.40000,511.12137
2019-10-11 10:50:32 UTC,6121,25.70000,19.00000,24.50000,52.30000,12.60000,15.20000,11.50000,510.70206
2019-10-11 10:51:32 UTC,6122,25.70000,19.00000,24.50000,52.40000,12.60000,15.20000,11.50000,510.38647
2019-10-11 10:52:32 UTC,6123,25.70000,19.00000,24.50000,52.30000,12.60000,15.20000,11.50000,510.02582
2019-10-11 10:53:32 UTC,6124,25.70000,19.00000,24.50000,52.60000,12.60000,15.30000,11.40000,509.68106
2019-10-11 10:54:32 UTC,6125,25.70000,19.00000,24.50000,52.50000,12.60000,15.30000,11.40000,509.29089
2019-10-11 10:55:32 UTC,6126,25.70000,19.00000,24.50000,52.40000,12.60000,15.20000,11.40000,508.83044
2019-10-11 10:56:32 UTC,6127,25.70000,19.00000,24.50000,52.40000,12.60000,15.20000,11.40000,508.42758
2019-10-11 10:57:32 UTC,6128,25.60000,19.00000,24.50000,52.40000,12.60000,15.20000,11.40000,508.18250
2019-10-11 10:58:32 UTC,6129,25.70000,19.00000,24.50000,52.40000,12.60000,15.20000,11.40000,507.95895
2019-10-11 10:59:32 UTC,6130,25.60000,19.00000,24.50000,52.40000,12.60000,15.20000,11.40000,507.70746
2019-10-11 11:00:32 UTC,6131,25.60000,18.90000,24.50000,52.40000,12.60000,15.20000,11.40000,507.59036
2019-10-11 11:01:32 UTC,6132,25.60000,18.90000,24.50000,52.30000,12.50000,15.10000,11.40000,507.52341
2019-10-11 11:02:32 UTC,6133,25.60000,18.90000,24.50000,52.30000,12.50000,15.10000,11.40000,507.36002
2019-10-11 11:03:32 UTC,6134,25.60000,18.90000,24.50000,52.40000,12.50000,15.10000,11.40000,507.28012
2019-10-11 11:04:32 UTC,6135,25.60000,18.90000,24.50000,52.30000,12.50000,15.20000,11.40000,507.14575
2019-10-11 11:05:32 UTC,6136,25.60000,18.90000,24.50000,52.20000,12.50000,15.10000,11.50000,506.87381
2019-10-11 11:06:32 UTC,6137,25.60000,18.90000,24.50000,52.20000,12.50000,15.10000,11.40000,506.33737
2019-10-11 11:07:32 UTC,6138,25.60000,18.90000,24.50000,52.20000,12.50000,15.10000,11.40000,505.77322
2019-10-11 11:08:32 UTC,6139,25.60000,18.90000,24.50000,52.30000,12.50000,15.10000,11.40000,505.25876
2019-10-11 11:09:32 UTC,6140,25.60000,18.90000,24.40000,52.40000,12.50000,15.10000,11.40000,504.74347
2019-10-11 11:10:32 UTC,6141,25.60000,18.90000,24.40000,52.30000,12.50000,15.10000,11.40000,504.30310
2019-10-11 11:11:32 UTC,6142,25.60000,18.90000,24.40000,52.50000,12.50000,15.20000,11.40000,503.83728
2019-10-11 11:12:32 UTC,6143,25.60000,18.90000,24.40000,52.40000,12.50000,15.10000,11.40000,503.56958
2019-10-11 11:13:32 UTC,6144,25.60000,18.90000,24.40000,52.20000,12.50000,15.10000,11.40000,503.35278
2019-10-11 11:14:32 UTC,6145,25.60000,18.90000,24.40000,52.30000,12.50000,15.10000,11.40000,503.35117
2019-10-11 11:15:32 UTC,6146,25.60000,18.90000,24.40000,52.30000,12.50000,15.10000,11.40000,503.40826
2019-10-11 11:16:32 UTC,6147,25.60000,18.90000,24.40000,52.40000,12.50000,15.10000,11.40000,503.43564
2019-10-11 11:17:32 UTC,6148,25.60000,18.90000,24.40000,52.30000,12.50000,15.10000,11.40000,503.38263
2019-10-11 11:18:32 UTC,6149,25.60000,18.90000,24.40000,52.20000,12.50000,15.10000,11.40000,503.31418
2019-10-11 11:19:32 UTC,6150,25.60000,18.90000,24.40000,52.40000,12.50000,15.10000,11.40000,503.16934
2019-10-11 11:20:32 UTC,6151,25.60000,18.90000,24.40000,52.30000,12.50000,15.10000,11.40000,502.89151
2019-10-11 11:21:32 UTC,6152,25.60000,18.90000,24.40000,52.30000,12.50000,15.10000,11.40000,502.56296
2019-10-11 11:22:32 UTC,6153,25.50000,18.90000,24.40000,52.50000,12.50000,15.10000,11.30000,502.19083
2019-10-11 11:23:32 UTC,6154,25.50000,18.80000,24.40000,52.40000,12.50000,15.10000,11.30000,501.69000
2019-10-11 11:24:32 UTC,6155,25.50000,18.80000,24.40000,52.30000,12.50000,15.00000,11.40000,501.11523
2019-10-11 11:25:32 UTC,6156,25.50000,18.80000,24.40000,52.20000,12.40000,15.00000,11.40000,500.49933
2019-10-11 11:26:33 UTC,6157,25.50000,18.80000,24.40000,52.30000,12.40000,15.00000,11.40000,499.84460
2019-10-11 11:27:32 UTC,6158,25.50000,18.80000,24.40000,52.30000,12.50000,15.00000,11.40000,499.50601
2019-10-11 11:28:33 UTC,6159,25.50000,18.80000,24.40000,52.30000,12.40000,15.00000,11.30000,499.20798
2019-10-11 11:29:32 UTC,6160,25.50000,18.80000,24.40000,52.40000,12.50000,15.10000,11.30000,498.91708
2019-10-11 11:30:32 UTC,6161,25.50000,18.80000,24.40000,52.20000,12.40000,15.00000,11.40000,498.58099
2019-10-11 11:31:33 UTC,6162,25.50000,18.80000,24.40000,52.10000,12.40000,15.00000,11.40000,498.22495
2019-10-11 11:32:32 UTC,6163,25.50000,18.80000,24.40000,52.20000,12.40000,15.00000,11.40000,497.83725
2019-10-11 11:33:33 UTC,6164,25.50000,18.80000,24.40000,52.20000,12.40000,15.00000,11.40000,497.62299
2019-10-11 11:34:32 UTC,6165,25.50000,18.80000,24.30000,52.30000,12.40000,15.00000,11.40000,497.28870
2019-10-11 11:35:32 UTC,6166,25.50000,18.80000,24.30000,52.30000,12.40000,15.00000,11.40000,496.72452
2019-10-11 11:36:32 UTC,6167,25.50000,18.80000,24.40000,52.30000,12.40000,15.00000,11.40000,496.14236
2019-10-11 11:37:33 UTC,6168,25.50000,18.80000,24.30000,52.40000,12.50000,15.10000,11.30000,495.59860
2019-10-11 11:38:33 UTC,6169,25.50000,18.80000,24.30000,52.00000,12.40000,15.00000,11.40000,495.30676
2019-10-11 11:39:33 UTC,6170,25.50000,18.80000,24.30000,52.20000,12.40000,15.00000,11.40000,495.08438
2019-10-11 11:40:33 UTC,6171,25.50000,18.80000,24.30000,52.20000,12.40000,15.00000,11.30000,495.00745
2019-10-11 11:41:33 UTC,6172,25.50000,18.80000,24.30000,52.40000,12.40000,15.00000,11.30000,494.81229
2019-10-11 11:42:33 UTC,6173,25.50000,18.80000,24.30000,52.30000,12.40000,15.00000,11.30000,494.61725
2019-10-11 11:43:33 UTC,6174,25.50000,18.80000,24.30000,52.30000,12.40000,15.00000,11.30000,494.60437
2019-10-11 11:44:33 UTC,6175,25.50000,18.80000,24.30000,52.40000,12.40000,15.00000,11.30000,494.66382
2019-10-11 11:45:33 UTC,6176,25.50000,18.80000,24.30000,52.30000,12.40000,15.00000,11.30000,494.80624
2019-10-11 11:46:33 UTC,6177,25.50000,18.80000,24.30000,52.50000,12.40000,15.00000,11.30000,494.92258
2019-10-11 11:47:33 UTC,6178,25.50000,18.80000,24.30000,52.50000,12.40000,15.00000,11.30000,494.92206
2019-10-11 11:48:33 UTC,6179,25.50000,18.80000,24.30000,52.40000,12.40000,15.00000,11.30000,494.86407
2019-10-11 11:49:33 UTC,6180,25.40000,18.80000,24.30000,52.40000,12.40000,15.00000,11.30000,494.72067
2019-10-11 11:50:33 UTC,6181,25.40000,18.80000,24.30000,52.30000,12.40000,15.00000,11.30000,494.60352
2019-10-11 11:51:33 UTC,6182,25.40000,18.80000,24.30000,52.50000,12.40000,15.00000,11.30000,494.46115
2019-10-11 11:52:33 UTC,6183,25.40000,18.80000,24.30000,52.40000,12.40000,15.00000,11.30000,494.19299
2019-10-11 11:53:33 UTC,6184,25.40000,18.80000,24.30000,52.50000,12.40000,15.00000,11.30000,493.70078
2019-10-11 11:54:33 UTC,6185,25.40000,18.80000,24.30000,52.40000,12.40000,15.00000,11.30000,493.12418
2019-10-11 11:55:33 UTC,6186,25.40000,18.80000,24.30000,52.50000,12.40000,15.00000,11.20000,492.42566
2019-10-11 11:56:33 UTC,6187,25.40000,18.80000,24.30000,52.50000,12.40000,15.00000,11.20000,491.59723
2019-10-11 11:57:33 UTC,6188,25.40000,18.70000,24.30000,52.40000,12.40000,14.90000,11.30000,490.90427
2019-10-11 11:58:33 UTC,6189,25.40000,18.70000,24.30000,52.40000,12.40000,15.00000,11.20000,490.40283
2019-10-11 11:59:33 UTC,6190,25.40000,18.80000,24.30000,52.50000,12.40000,15.00000,11.20000,489.83560
2019-10-11 12:00:33 UTC,6191,25.40000,18.80000,24.30000,52.50000,12.40000,15.00000,11.20000,489.36722
2019-10-11 12:01:33 UTC,6192,25.40000,18.80000,24.30000,52.50000,12.40000,15.00000,11.20000,489.04410
2019-10-11 12:02:33 UTC,6193,25.40000,18.70000,24.30000,52.30000,12.40000,14.90000,11.30000,488.69565
2019-10-11 12:03:33 UTC,6194,25.40000,18.80000,24.30000,52.50000,12.40000,15.00000,11.20000,488.42413
2019-10-11 12:04:33 UTC,6195,25.40000,18.80000,24.30000,52.60000,12.40000,15.00000,11.20000,488.25146
2019-10-11 12:05:33 UTC,6196,25.40000,18.80000,24.30000,52.60000,12.40000,15.00000,11.20000,488.14536
2019-10-11 12:06:33 UTC,6197,25.40000,18.80000,24.30000,52.60000,12.40000,15.00000,11.20000,487.96872
2019-10-11 12:07:33 UTC,6198,25.40000,18.70000,24.30000,52.50000,12.40000,15.00000,11.20000,487.85864
2019-10-11 12:08:33 UTC,6199,25.40000,18.80000,24.30000,52.70000,12.40000,15.00000,11.20000,487.72098
2019-10-11 12:09:33 UTC,6200,25.40000,18.70000,24.30000,52.50000,12.40000,15.00000,11.20000,487.61179
2019-10-11 12:10:33 UTC,6201,25.40000,18.80000,24.20000,52.50000,12.40000,15.00000,11.20000,487.52679
2019-10-11 12:11:33 UTC,6202,25.40000,18.80000,24.20000,52.70000,12.40000,15.00000,11.20000,487.35605
2019-10-11 12:12:33 UTC,6203,25.30000,18.70000,24.20000,52.70000,12.40000,15.00000,11.10000,487.08261
2019-10-11 12:13:33 UTC,6204,25.30000,18.70000,24.20000,52.60000,12.40000,15.00000,11.20000,486.87943
2019-10-11 12:14:33 UTC,6205,25.30000,18.70000,24.20000,52.70000,12.40000,15.00000,11.20000,486.80042
2019-10-11 12:15:33 UTC,6206,25.30000,18.70000,24.20000,52.60000,12.40000,15.00000,11.20000,486.74866
2019-10-11 12:16:33 UTC,6207,25.30000,18.70000,24.20000,52.70000,12.40000,15.00000,11.10000,486.74164
2019-10-11 12:17:33 UTC,6208,25.30000,18.70000,24.20000,52.50000,12.40000,14.90000,11.20000,486.78384
2019-10-11 12:18:33 UTC,6209,25.30000,18.70000,24.20000,52.60000,12.40000,14.90000,11.20000,486.80103
2019-10-11 12:19:33 UTC,6210,25.30000,18.70000,24.20000,52.90000,12.40000,15.00000,11.10000,486.79114
2019-10-11 12:20:33 UTC,6211,25.30000,18.70000,24.20000,52.80000,12.40000,15.00000,11.10000,486.86032
2019-10-11 12:21:33 UTC,6212,25.30000,18.70000,24.20000,52.80000,12.40000,15.00000,11.10000,486.85220
2019-10-11 12:22:33 UTC,6213,25.30000,18.70000,24.20000,52.80000,12.40000,15.00000,11.10000,486.74054
2019-10-11 12:23:33 UTC,6214,25.30000,18.70000,24.20000,52.90000,12.40000,15.00000,11.10000,486.54654
2019-10-11 12:24:33 UTC,6215,25.30000,18.70000,24.20000,52.80000,12.40000,15.00000,11.10000,486.17224
2019-10-11 12:25:33 UTC,6216,25.20000,18.70000,24.20000,52.90000,12.40000,15.00000,11.00000,485.82608
2019-10-11 12:26:33 UTC,6217,25.30000,18.70000,24.20000,52.80000,12.40000,14.90000,11.10000,485.53815
2019-10-11 12:27:33 UTC,6218,25.20000,18.70000,24.20000,53.00000,12.40000,15.00000,11.00000,485.33368
2019-10-11 12:28:33 UTC,6219,25.20000,18.70000,24.20000,53.00000,12.40000,15.00000,11.00000,485.08707
2019-10-11 12:29:33 UTC,6220,25.20000,18.70000,24.20000,53.00000,12.40000,15.00000,11.00000,485.03525
2019-10-11 12:30:33 UTC,6221,25.20000,18.70000,24.20000,52.80000,12.40000,14.90000,11.00000,485.02402
2019-10-11 12:31:33 UTC,6222,25.20000,18.70000,24.20000,53.00000,12.40000,15.00000,11.00000,484.97049
2019-10-11 12:32:33 UTC,6223,25.20000,18.70000,24.20000,52.90000,12.40000,14.90000,11.00000,484.98694
2019-10-11 12:33:33 UTC,6224,25.20000,18.60000,24.20000,52.60000,12.30000,14.90000,11.10000,485.02725
2019-10-11 12:34:33 UTC,6225,25.20000,18.60000,24.20000,52.70000,12.30000,14.90000,11.10000,484.94916
2019-10-11 12:35:33 UTC,6226,25.20000,18.60000,24.20000,52.60000,12.30000,14.90000,11.10000,484.81360
2019-10-11 12:36:33 UTC,6227,25.20000,18.60000,24.20000,52.60000,12.30000,14.80000,11.10000,484.63812
2019-10-11 12:37:33 UTC,6228,25.20000,18.60000,24.20000,52.60000,12.30000,14.90000,11.10000,484.25735
2019-10-11 12:38:33 UTC,6229,25.20000,18.60000,24.20000,52.50000,12.30000,14.80000,11.10000,483.71841
2019-10-11 12:39:33 UTC,6230,25.20000,18.60000,24.20000,52.80000,12.30000,14.90000,11.00000,483.22034
2019-10-11 12:40:33 UTC,6231,25.20000,18.60000,24.20000,52.80000,12.30000,14.90000,11.00000,482.71844
2019-10-11 12:41:33 UTC,6232,25.20000,18.60000,24.10000,52.70000,12.30000,14.90000,11.10000,482.07858
2019-10-11 12:42:33 UTC,6233,25.20000,18.60000,24.10000,52.90000,12.30000,14.90000,11.00000,481.37616
2019-10-11 12:43:33 UTC,6234,25.20000,18.60000,24.10000,52.60000,12.30000,14.80000,11.10000,480.83429
2019-10-11 12:44:33 UTC,6235,25.20000,18.60000,24.10000,52.80000,12.30000,14.80000,11.00000,480.38074
2019-10-11 12:45:33 UTC,6236,25.20000,18.60000,24.10000,52.70000,12.30000,14.80000,11.00000,480.14407
2019-10-11 12:46:33 UTC,6237,25.20000,18.60000,24.10000,52.70000,12.30000,14.80000,11.00000,479.98221
2019-10-11 12:47:34 UTC,6238,25.10000,18.60000,24.10000,52.70000,12.30000,14.80000,11.00000,479.89825
2019-10-11 12:48:33 UTC,6239,25.10000,18.60000,24.10000,52.90000,12.30000,14.90000,11.00000,479.93967
2019-10-11 12:49:33 UTC,6240,25.20000,18.60000,24.10000,52.70000,12.30000,14.80000,11.00000,480.01849
2019-10-11 12:50:33 UTC,6241,25.20000,18.60000,24.10000,52.90000,12.30000,14.90000,11.00000,480.12762
2019-10-11 12:51:33 UTC,6242,25.20000,18.60000,24.10000,52.80000,12.30000,14.90000,11.00000,480.27179
2019-10-11 12:52:34 UTC,6243,25.10000,18.60000,24.10000,52.90000,12.30000,14.90000,11.00000,480.34128
2019-10-11 12:53:34 UTC,6244,25.10000,18.60000,24.10000,52.90000,12.30000,14.90000,11.00000,480.33295
2019-10-11 12:54:34 UTC,6245,25.10000,18.60000,24.10000,53.00000,12.30000,14.90000,11.00000,480.33322
2019-10-11 12:55:34 UTC,6246,25.10000,18.60000,24.10000,52.90000,12.30000,14.90000,11.00000,480.40024
2019-10-11 12:56:33 UTC,6247,25.10000,18.60000,24.10000,52.80000,12.30000,14.80000,11.00000,480.28928
2019-10-11 12:57:33 UTC,6248,25.10000,18.60000,24.10000,52.80000,12.30000,14.80000,11.00000,480.01584
2019-10-11 12:58:33 UTC,6249,25.10000,18.60000,24.10000,52.80000,12.30000,14.80000,11.00000,479.64279
2019-10-11 12:59:34 UTC,6250,25.10000,18.60000,24.10000,52.90000,12.30000,14.80000,11.00000,479.20825
2019-10-11 13:00:34 UTC,6251,25.10000,18.60000,24.10000,52.90000,12.30000,14.80000,11.00000,478.71457
2019-10-11 13:01:33 UTC,6252,25.10000,18.50000,24.10000,52.70000,12.20000,14.80000,11.00000,478.28610
2019-10-11 13:02:33 UTC,6253,25.10000,18.50000,24.10000,52.70000,12.20000,14.80000,11.00000,477.99042
2019-10-11 13:03:34 UTC,6254,25.10000,18.60000,24.10000,52.90000,12.30000,14.80000,10.90000,477.62369
2019-10-11 13:04:34 UTC,6255,25.10000,18.50000,24.10000,52.90000,12.30000,14.80000,10.90000,477.38184
2019-10-11 13:05:36 UTC,6256,25.10000,18.60000,24.00000,52.90000,12.30000,14.80000,10.90000,477.34616
2019-10-11 13:06:35 UTC,6257,25.10000,18.60000,24.00000,52.80000,12.30000,14.80000,11.00000,477.41983
2019-10-11 13:07:35 UTC,6258,25.10000,18.50000,24.00000,52.80000,12.30000,14.80000,11.00000,477.48047
2019-10-11 13:08:35 UTC,6259,25.10000,18.50000,24.00000,52.80000,12.20000,14.80000,11.00000,477.53104
2019-10-11 13:09:35 UTC,6260,25.10000,18.50000,24.00000,52.70000,12.20000,14.80000,11.00000,477.46719
2019-10-11 13:10:35 UTC,6261,25.10000,18.50000,24.00000,53.00000,12.30000,14.80000,10.90000,477.33701
2019-10-11 13:11:35 UTC,6262,25.10000,18.50000,24.00000,52.90000,12.30000,14.80000,10.90000,477.17386
2019-10-11 13:12:35 UTC,6263,25.00000,18.50000,24.00000,53.00000,12.30000,14.80000,10.90000,476.97681
2019-10-11 13:13:35 UTC,6264,25.00000,18.50000,24.00000,53.00000,12.30000,14.80000,10.90000,476.81790
2019-10-11 13:14:35 UTC,6265,25.00000,18.50000,24.00000,53.10000,12.30000,14.80000,10.80000,476.65793
2019-10-11 13:15:35 UTC,6266,25.00000,18.50000,24.00000,53.00000,12.30000,14.80000,10.90000,476.52881
2019-10-11 13:16:35 UTC,6267,25.10000,18.50000,24.00000,52.90000,12.30000,14.80000,10.90000,476.40573
2019-10-11 13:17:35 UTC,6268,25.00000,18.50000,24.00000,53.00000,12.30000,14.80000,10.90000,476.28802
2019-10-11 13:18:35 UTC,6269,25.00000,18.50000,24.00000,53.10000,12.30000,14.80000,10.90000,476.26349
2019-10-11 13:19:35 UTC,6270,25.00000,18.50000,24.00000,53.10000,12.30000,14.80000,10.90000,476.21555
2019-10-11 13:20:35 UTC,6271,25.00000,18.50000,24.00000,53.20000,12.30000,14.80000,10.80000,476.19916
2019-10-11 13:21:35 UTC,6272,25.00000,18.50000,24.00000,53.10000,12.30000,14.80000,10.80000,476.13626
2019-10-11 13:22:35 UTC,6273,25.00000,18.50000,24.00000,53.10000,12.30000,14.80000,10.80000,475.98596
2019-10-11 13:23:35 UTC,6274,25.00000,18.50000,24.00000,53.20000,12.30000,14.80000,10.80000,475.68127
2019-10-11 13:24:35 UTC,6275,25.00000,18.50000,24.00000,53.20000,12.30000,14.80000,10.80000,475.35004
2019-10-11 13:25:35 UTC,6276,25.00000,18.50000,24.00000,53.10000,12.30000,14.80000,10.90000,475.01804
2019-10-11 13:26:35 UTC,6277,25.00000,18.50000,24.00000,53.00000,12.30000,14.80000,10.90000,474.56094
2019-10-11 13:27:38 UTC,6278,25.00000,18.50000,24.00000,53.00000,12.30000,14.80000,10.90000,474.10181
2019-10-11 13:28:37 UTC,6279,25.00000,18.60000,24.00000,53.30000,12.30000,14.90000,10.80000,473.45535
2019-10-11 13:29:36 UTC,6280,25.00000,18.50000,24.00000,53.20000,12.30000,14.80000,10.80000,472.94528
2019-10-11 13:30:36 UTC,6281,25.00000,18.50000,24.00000,53.10000,12.30000,14.80000,10.90000,472.55112
2019-10-11 13:31:37 UTC,6282,25.00000,18.50000,24.00000,53.10000,12.30000,14.80000,10.80000,472.23315
2019-10-11 13:32:37 UTC,6283,25.00000,18.50000,24.00000,53.10000,12.30000,14.80000,10.90000,471.93353
2019-10-11 13:33:37 UTC,6284,25.00000,18.50000,24.00000,53.00000,12.30000,14.80000,10.90000,471.46478
2019-10-11 13:34:37 UTC,6285,25.00000,18.50000,24.00000,53.20000,12.30000,14.80000,10.80000,471.05307
2019-10-11 13:35:37 UTC,6286,25.00000,18.50000,24.00000,53.20000,12.30000,14.80000,10.80000,470.48111
2019-10-11 13:36:37 UTC,6287,25.00000,18.50000,24.00000,53.10000,12.30000,14.80000,10.80000,470.03070
2019-10-11 13:37:37 UTC,6288,25.00000,18.50000,24.00000,53.10000,12.20000,14.80000,10.80000,469.50418
2019-10-11 13:38:37 UTC,6289,25.00000,18.50000,24.00000,53.30000,12.30000,14.80000,10.80000,469.26675
2019-10-11 13:39:37 UTC,6290,25.00000,18.50000,24.00000,53.30000,12.30000,14.80000,10.80000,469.13797
2019-10-11 13:40:40 UTC,6291,25.00000,18.50000,24.00000,53.30000,12.30000,14.80000,10.80000,468.99283
2019-10-11 13:41:39 UTC,6292,25.00000,18.50000,24.00000,53.30000,12.30000,14.80000,10.80000,468.96445
2019-10-11 13:42:39 UTC,6293,24.90000,18.50000,23.90000,53.50000,12.30000,14.90000,10.70000,468.92368
2019-10-11 13:43:39 UTC,6294,24.90000,18.50000,24.00000,53.40000,12.30000,14.80000,10.70000,468.85657
2019-10-11 13:44:39 UTC,6295,24.90000,18.50000,23.90000,53.60000,12.30000,14.90000,10.70000,468.71036
2019-10-11 13:45:39 UTC,6296,24.90000,18.50000,24.00000,53.40000,12.30000,14.80000,10.70000,468.62857
2019-10-11 13:46:39 UTC,6297,24.90000,18.50000,24.00000,53.40000,12.30000,14.80000,10.70000,468.36676
2019-10-11 13:47:39 UTC,6298,24.90000,18.50000,23.90000,53.50000,12.30000,14.80000,10.70000,467.88806
2019-10-11 13:48:39 UTC,6299,24.90000,18.50000,24.00000,53.50000,12.30000,14.80000,10.70000,467.41348
2019-10-11 13:49:39 UTC,6300,24.90000,18.50000,24.00000,53.50000,12.30000,14.80000,10.70000,467.09436
2019-10-11 13:50:39 UTC,6301,24.90000,18.50000,23.90000,53.20000,12.20000,14.80000,10.80000,466.73648
2019-10-11 13:51:39 UTC,6302,24.90000,18.50000,23.90000,53.20000,12.20000,14.70000,10.80000,466.48639
2019-10-11 13:52:39 UTC,6303,24.90000,18.50000,23.90000,53.40000,12.30000,14.80000,10.70000,466.41846
2019-10-11 13:53:39 UTC,6304,24.90000,18.50000,23.90000,53.30000,12.20000,14.80000,10.70000,466.39984
2019-10-11 13:54:39 UTC,6305,24.90000,18.50000,23.90000,53.20000,12.20000,14.80000,10.80000,466.35953
2019-10-11 13:55:39 UTC,6306,24.90000,18.50000,23.90000,53.20000,12.20000,14.70000,10.70000,466.42044
2019-10-11 13:56:39 UTC,6307,24.90000,18.50000,23.90000,53.30000,12.20000,14.80000,10.70000,466.49515
2019-10-11 13:57:39 UTC,6308,24.90000,18.50000,23.90000,53.10000,12.20000,14.70000,10.80000,466.48074
2019-10-11 13:58:39 UTC,6309,24.90000,18.50000,23.90000,53.30000,12.20000,14.80000,10.70000,466.41315
2019-10-11 13:59:39 UTC,6310,24.90000,18.50000,23.90000,53.40000,12.30000,14.80000,10.70000,466.38037
2019-10-11 14:00:39 UTC,6311,24.90000,18.50000,23.90000,53.20000,12.20000,14.80000,10.80000,466.32642
2019-10-11 14:01:39 UTC,6312,24.90000,18.50000,23.90000,53.40000,12.20000,14.80000,10.70000,466.24707
2019-10-11 14:02:42 UTC,6313,24.90000,18.50000,23.90000,53.40000,12.20000,14.80000,10.70000,466.12421
2019-10-11 14:03:41 UTC,6314,24.90000,18.50000,23.90000,53.40000,12.20000,14.80000,10.70000,465.99564
2019-10-11 14:04:41 UTC,6315,24.90000,18.50000,23.90000,53.50000,12.30000,14.80000,10.70000,465.84134
2019-10-11 14:05:41 UTC,6316,24.90000,18.50000,23.90000,53.50000,12.30000,14.80000,10.70000,465.73596
2019-10-11 14:06:41 UTC,6317,24.90000,18.50000,23.90000,53.30000,12.20000,14.80000,10.70000,465.57788
2019-10-11 14:07:41 UTC,6318,24.90000,18.50000,23.90000,53.40000,12.20000,14.80000,10.70000,465.40012
2019-10-11 14:08:41 UTC,6319,24.90000,18.50000,23.80000,53.50000,12.30000,14.80000,10.70000,465.24683
2019-10-11 14:09:41 UTC,6320,24.90000,18.50000,23.90000,53.30000,12.20000,14.80000,10.70000,465.05231
2019-10-11 14:10:41 UTC,6321,24.90000,18.50000,23.80000,53.40000,12.30000,14.80000,10.70000,464.85345
2019-10-11 14:11:41 UTC,6322,24.90000,18.50000,23.90000,53.50000,12.30000,14.80000,10.70000,464.68381
2019-10-11 14:12:41 UTC,6323,24.80000,18.50000,23.90000,53.60000,12.30000,14.80000,10.60000,464.52893
2019-10-11 14:13:41 UTC,6324,24.90000,18.50000,23.90000,53.80000,12.30000,14.90000,10.60000,464.33249
2019-10-11 14:14:41 UTC,6325,24.80000,18.50000,23.90000,53.60000,12.30000,14.80000,10.60000,464.20834
2019-10-11 14:15:41 UTC,6326,24.90000,18.50000,23.80000,53.50000,12.30000,14.80000,10.70000,464.09830
2019-10-11 14:16:41 UTC,6327,24.90000,18.50000,23.80000,53.60000,12.30000,14.80000,10.60000,463.90756
2019-10-11 14:17:41 UTC,6328,24.90000,18.50000,23.80000,53.60000,12.30000,14.80000,10.60000,463.73111
2019-10-11 14:18:41 UTC,6329,24.90000,18.50000,23.80000,53.60000,12.30000,14.80000,10.60000,463.57803
2019-10-11 14:19:41 UTC,6330,24.90000,18.50000,23.80000,53.60000,12.30000,14.80000,10.60000,463.60117
2019-10-11 14:20:41 UTC,6331,24.90000,18.50000,23.80000,53.70000,12.30000,14.80000,10.60000,463.56415
2019-10-11 14:21:41 UTC,6332,24.80000,18.50000,23.80000,53.80000,12.30000,14.80000,10.60000,463.51865
2019-10-11 14:22:41 UTC,6333,24.80000,18.50000,23.80000,53.90000,12.30000,14.90000,10.60000,463.45273
2019-10-11 14:23:41 UTC,6334,24.80000,18.50000,23.80000,53.80000,12.30000,14.90000,10.60000,463.40646
2019-10-11 14:24:41 UTC,6335,24.80000,18.50000,23.80000,53.70000,12.30000,14.80000,10.60000,463.30960
2019-10-11 14:25:44 UTC,6336,24.80000,18.50000,23.80000,53.70000,12.30000,14.80000,10.60000,463.20740
2019-10-11 14:26:43 UTC,6337,24.80000,18.50000,23.80000,53.70000,12.30000,14.80000,10.60000,463.16235
2019-10-11 14:27:43 UTC,6338,24.80000,18.50000,23.80000,53.80000,12.30000,14.80000,10.60000,463.12210
2019-10-11 14:28:43 UTC,6339,24.80000,18.50000,23.80000,53.90000,12.30000,14.90000,10.50000,463.04568
2019-10-11 14:29:43 UTC,6340,24.80000,18.50000,23.80000,53.80000,12.30000,14.80000,10.60000,462.93988
2019-10-11 14:30:43 UTC,6341,24.80000,18.50000,23.80000,53.70000,12.30000,14.80000,10.60000,462.80347
2019-10-11 14:31:43 UTC,6342,24.90000,18.50000,23.80000,53.60000,12.30000,14.80000,10.60000,462.67236
2019-10-11 14:32:43 UTC,6343,24.80000,18.50000,23.80000,53.60000,12.30000,14.80000,10.60000,462.52197
2019-10-11 14:33:43 UTC,6344,24.80000,18.50000,23.80000,53.70000,12.30000,14.80000,10.60000,462.37845
2019-10-11 14:34:43 UTC,6345,24.80000,18.40000,23.80000,53.60000,12.20000,14.80000,10.60000,462.05457
2019-10-11 14:35:43 UTC,6346,24.80000,18.40000,23.80000,53.40000,12.20000,14.70000,10.70000,461.61700
2019-10-11 14:36:43 UTC,6347,24.80000,18.40000,23.80000,53.60000,12.20000,14.80000,10.60000,461.22617
2019-10-11 14:37:43 UTC,6348,24.80000,18.40000,23.80000,53.50000,12.20000,14.70000,10.60000,460.93442
2019-10-11 14:38:43 UTC,6349,24.80000,18.40000,23.80000,53.50000,12.20000,14.70000,10.60000,460.78183
2019-10-11 14:39:43 UTC,6350,24.80000,18.40000,23.80000,53.60000,12.30000,14.80000,10.60000,460.62418
2019-10-11 14:40:43 UTC,6351,24.80000,18.40000,23.80000,53.60000,12.20000,14.80000,10.60000,460.60309
2019-10-11 14:41:43 UTC,6352,24.80000,18.40000,23.80000,53.50000,12.20000,14.70000,10.60000,460.60086
2019-10-11 14:42:43 UTC,6353,24.80000,18.40000,23.80000,53.60000,12.30000,14.80000,10.60000,460.67627
2019-10-11 14:43:43 UTC,6354,24.80000,18.40000,23.80000,53.60000,12.20000,14.70000,10.60000,460.86530
2019-10-11 14:44:43 UTC,6355,24.80000,18.40000,23.80000,53.70000,12.20000,14.80000,10.60000,460.96844
2019-10-11 14:45:43 UTC,6356,24.80000,18.40000,23.80000,53.50000,12.20000,14.70000,10.60000,461.06705
2019-10-11 14:46:43 UTC,6357,24.80000,18.40000,23.80000,53.40000,12.20000,14.70000,10.60000,461.07535
2019-10-11 14:47:43 UTC,6358,24.80000,18.40000,23.80000,53.50000,12.20000,14.70000,10.60000,461.05634
2019-10-11 14:48:43 UTC,6359,24.80000,18.40000,23.80000,53.50000,12.20000,14.70000,10.60000,460.93088
2019-10-11 14:49:46 UTC,6360,24.80000,18.40000,23.80000,53.50000,12.20000,14.70000,10.60000,460.82712
2019-10-11 14:50:45 UTC,6361,24.80000,18.40000,23.80000,53.60000,12.20000,14.70000,10.60000,460.82126
2019-10-11 14:51:45 UTC,6362,24.80000,18.40000,23.80000,53.60000,12.20000,14.70000,10.60000,460.68698
2019-10-11 14:52:45 UTC,6363,24.70000,18.40000,23.80000,53.80000,12.20000,14.70000,10.50000,460.47882
2019-10-11 14:53:45 UTC,6364,24.70000,18.40000,23.80000,53.80000,12.20000,14.70000,10.50000,460.18439
2019-10-11 14:54:45 UTC,6365,24.70000,18.40000,23.80000,53.90000,12.20000,14.80000,10.50000,460.02600
2019-10-11 14:55:45 UTC,6366,24.70000,18.40000,23.70000,53.90000,12.20000,14.80000,10.50000,459.90482
2019-10-11 14:56:45 UTC,6367,24.70000,18.40000,23.80000,54.00000,12.30000,14.80000,10.50000,459.82617
2019-10-11 14:57:45 UTC,6368,24.70000,18.40000,23.70000,53.90000,12.30000,14.80000,10.50000,459.71375
2019-10-11 14:58:45 UTC,6369,24.70000,18.40000,23.70000,53.90000,12.30000,14.80000,10.50000,459.43118
2019-10-11 14:59:45 UTC,6370,24.70000,18.40000,23.70000,53.90000,12.30000,14.80000,10.50000,459.17834
2019-10-11 15:00:45 UTC,6371,24.70000,18.40000,23.70000,53.90000,12.20000,14.80000,10.50000,458.98270
2019-10-11 15:01:45 UTC,6372,24.70000,18.40000,23.70000,54.00000,12.30000,14.80000,10.50000,458.97690
2019-10-11 15:02:45 UTC,6373,24.70000,18.40000,23.70000,53.90000,12.20000,14.80000,10.50000,458.92676
2019-10-11 15:03:45 UTC,6374,24.70000,18.40000,23.70000,53.90000,12.20000,14.80000,10.50000,458.83273
2019-10-11 15:04:45 UTC,6375,24.70000,18.40000,23.70000,53.70000,12.20000,14.70000,10.50000,458.77756
2019-10-11 15:05:45 UTC,6376,24.70000,18.40000,23.70000,53.80000,12.20000,14.70000,10.50000,458.74872
2019-10-11 15:06:45 UTC,6377,24.70000,18.40000,23.70000,53.90000,12.20000,14.80000,10.50000,458.66553
2019-10-11 15:07:45 UTC,6378,24.70000,18.40000,23.70000,53.70000,12.20000,14.70000,10.50000,458.55753
2019-10-11 15:08:45 UTC,6379,24.70000,18.40000,23.70000,53.70000,12.20000,14.70000,10.50000,458.45779
2019-10-11 15:09:45 UTC,6380,24.70000,18.40000,23.70000,53.80000,12.20000,14.70000,10.50000,458.25848
2019-10-11 15:10:45 UTC,6381,24.70000,18.40000,23.70000,53.80000,12.20000,14.70000,10.50000,457.87192
2019-10-11 15:11:45 UTC,6382,24.70000,18.30000,23.70000,53.60000,12.20000,14.70000,10.50000,457.29556
2019-10-11 15:12:45 UTC,6383,24.70000,18.30000,23.70000,53.60000,12.20000,14.70000,10.50000,456.59296
2019-10-11 15:13:45 UTC,6384,24.70000,18.40000,23.70000,53.90000,12.20000,14.70000,10.50000,455.77710
2019-10-11 15:14:45 UTC,6385,24.70000,18.40000,23.70000,53.60000,12.20000,14.70000,10.50000,454.87943
2019-10-11 15:15:48 UTC,6386,24.70000,18.30000,23.70000,53.60000,12.20000,14.70000,10.50000,454.29327
2019-10-11 15:16:47 UTC,6387,24.70000,18.30000,23.70000,53.70000,12.20000,14.70000,10.50000,453.86298
2019-10-11 15:17:47 UTC,6388,24.70000,18.40000,23.70000,53.70000,12.20000,14.70000,10.50000,453.88412
2019-10-11 15:18:47 UTC,6389,24.70000,18.30000,23.70000,53.70000,12.20000,14.70000,10.50000,453.86597
2019-10-11 15:19:47 UTC,6390,24.70000,18.30000,23.70000,53.40000,12.20000,14.60000,10.60000,453.89209
2019-10-11 15:20:47 UTC,6391,24.70000,18.30000,23.70000,53.50000,12.20000,14.60000,10.60000,453.90378
2019-10-11 15:21:47 UTC,6392,24.70000,18.30000,23.70000,53.50000,12.20000,14.60000,10.60000,453.93799
2019-10-11 15:22:47 UTC,6393,24.70000,18.30000,23.70000,53.40000,12.10000,14.60000,10.60000,454.02914
2019-10-11 15:23:47 UTC,6394,24.70000,18.30000,23.70000,53.50000,12.10000,14.60000,10.60000,454.05603
2019-10-11 15:24:47 UTC,6395,24.70000,18.30000,23.70000,53.50000,12.20000,14.60000,10.60000,454.16394
2019-10-11 15:25:47 UTC,6396,24.70000,18.30000,23.70000,53.60000,12.20000,14.70000,10.50000,454.09525
2019-10-11 15:26:47 UTC,6397,24.70000,18.30000,23.70000,53.80000,12.20000,14.70000,10.50000,454.00720
2019-10-11 15:27:47 UTC,6398,24.70000,18.30000,23.70000,53.70000,12.20000,14.70000,10.50000,453.98083
2019-10-11 15:28:47 UTC,6399,24.70000,18.30000,23.70000,53.50000,12.20000,14.60000,10.60000,453.98230
2019-10-11 15:29:47 UTC,6400,24.70000,18.40000,23.70000,53.70000,12.20000,14.70000,10.50000,453.89618
2019-10-11 15:30:47 UTC,6401,24.70000,18.40000,23.70000,54.00000,12.20000,14.70000,10.40000,453.83414
2019-10-11 15:31:47 UTC,6402,24.70000,18.40000,23.70000,53.90000,12.20000,14.70000,10.50000,453.82306
2019-10-11 15:32:47 UTC,6403,24.70000,18.30000,23.70000,53.60000,12.20000,14.70000,10.50000,453.85052
2019-10-11 15:33:47 UTC,6404,24.70000,18.30000,23.60000,53.50000,12.20000,14.60000,10.50000,453.96710
2019-10-11 15:34:47 UTC,6405,24.70000,18.30000,23.60000,53.80000,12.20000,14.70000,10.50000,454.08566
2019-10-11 15:35:47 UTC,6406,24.70000,18.40000,23.70000,53.80000,12.20000,14.70000,10.50000,454.14703
2019-10-11 15:36:47 UTC,6407,24.70000,18.30000,23.70000,53.80000,12.20000,14.70000,10.50000,454.14822
2019-10-11 15:37:47 UTC,6408,24.70000,18.30000,23.70000,53.80000,12.20000,14.70000,10.50000,454.21802
2019-10-11 15:38:47 UTC,6409,24.60000,18.30000,23.70000,53.80000,12.20000,14.70000,10.50000,454.33295
2019-10-11 15:39:47 UTC,6410,24.70000,18.30000,23.70000,53.70000,12.20000,14.70000,10.50000,454.41513
2019-10-11 15:40:47 UTC,6411,24.60000,18.30000,23.70000,53.80000,12.20000,14.70000,10.50000,454.34894
2019-10-11 15:41:47 UTC,6412,24.70000,18.30000,23.70000,53.80000,12.20000,14.70000,10.50000,454.12122
2019-10-11 15:42:47 UTC,6413,24.70000,18.30000,23.70000,53.60000,12.20000,14.70000,10.50000,453.74203
2019-10-11 15:43:47 UTC,6414,24.70000,18.30000,23.70000,53.70000,12.20000,14.70000,10.50000,453.32458
2019-10-11 15:44:47 UTC,6415,24.70000,18.30000,23.70000,53.70000,12.20000,14.70000,10.50000,452.85657
2019-10-11 15:45:47 UTC,6416,24.60000,18.30000,23.70000,53.70000,12.10000,14.60000,10.50000,452.29330
2019-10-11 15:46:47 UTC,6417,24.60000,18.30000,23.70000,53.70000,12.10000,14.60000,10.50000,451.55743
2019-10-11 15:47:47 UTC,6418,24.60000,18.30000,23.70000,53.80000,12.20000,14.70000,10.40000,450.76654
2019-10-11 15:48:47 UTC,6419,24.60000,18.30000,23.60000,53.80000,12.20000,14.60000,10.40000,450.07947
2019-10-11 15:49:47 UTC,6420,24.60000,18.30000,23.60000,53.90000,12.20000,14.70000,10.40000,449.84918
2019-10-11 15:50:47 UTC,6421,24.60000,18.30000,23.60000,53.80000,12.20000,14.60000,10.50000,449.72360
2019-10-11 15:51:47 UTC,6422,24.60000,18.30000,23.60000,53.80000,12.20000,14.60000,10.40000,449.69379
2019-10-11 15:52:47 UTC,6423,24.60000,18.30000,23.60000,53.90000,12.20000,14.70000,10.40000,449.75079
2019-10-11 15:53:47 UTC,6424,24.60000,18.30000,23.70000,53.80000,12.20000,14.70000,10.40000,449.92026
2019-10-11 15:54:47 UTC,6425,24.60000,18.30000,23.70000,53.80000,12.20000,14.60000,10.40000,450.23050
2019-10-11 15:55:47 UTC,6426,24.60000,18.30000,23.70000,54.00000,12.20000,14.70000,10.40000,450.43198
2019-10-11 15:56:47 UTC,6427,24.60000,18.30000,23.60000,53.90000,12.20000,14.70000,10.40000,450.60645
2019-10-11 15:57:47 UTC,6428,24.60000,18.30000,23.60000,53.90000,12.20000,14.60000,10.40000,450.65631
2019-10-11 15:58:47 UTC,6429,24.60000,18.30000,23.60000,53.90000,12.20000,14.70000,10.40000,450.59042
2019-10-11 15:59:47 UTC,6430,24.60000,18.30000,23.60000,53.90000,12.20000,14.70000,10.40000,450.59732
2019-10-11 16:00:47 UTC,6431,24.60000,18.30000,23.60000,53.80000,12.10000,14.60000,10.40000,450.51440
2019-10-11 16:01:47 UTC,6432,24.60000,18.30000,23.60000,53.70000,12.10000,14.60000,10.40000,450.38986
2019-10-11 16:02:47 UTC,6433,24.60000,18.30000,23.60000,53.70000,12.10000,14.60000,10.50000,450.09045
2019-10-11 16:03:47 UTC,6434,24.60000,18.30000,23.60000,53.60000,12.10000,14.60000,10.50000,449.65082
2019-10-11 16:04:47 UTC,6435,24.60000,18.30000,23.60000,53.70000,12.10000,14.60000,10.40000,449.11340
2019-10-11 16:05:47 UTC,6436,24.60000,18.30000,23.60000,53.80000,12.10000,14.60000,10.40000,448.60733
2019-10-11 16:06:47 UTC,6437,24.60000,18.30000,23.60000,53.90000,12.20000,14.60000,10.40000,448.38644
2019-10-11 16:07:47 UTC,6438,24.60000,18.30000,23.60000,53.80000,12.10000,14.60000,10.40000,448.21356
2019-10-11 16:08:47 UTC,6439,24.60000,18.30000,23.60000,53.70000,12.10000,14.60000,10.40000,448.05984
2019-10-11 16:09:47 UTC,6440,24.60000,18.30000,23.60000,53.80000,12.10000,14.60000,10.40000,447.90201
2019-10-11 16:10:47 UTC,6441,24.60000,18.30000,23.60000,53.80000,12.10000,14.60000,10.40000,447.80472
2019-10-11 16:11:47 UTC,6442,24.60000,18.30000,23.60000,53.80000,12.10000,14.60000,10.40000,447.75720
2019-10-11 16:12:47 UTC,6443,24.60000,18.30000,23.60000,53.70000,12.10000,14.60000,10.40000,447.87714
2019-10-11 16:13:47 UTC,6444,24.60000,18.30000,23.60000,53.70000,12.10000,14.60000,10.40000,448.00671
2019-10-11 16:14:47 UTC,6445,24.60000,18.30000,23.60000,53.70000,12.10000,14.60000,10.40000,448.12943
2019-10-11 16:15:47 UTC,6446,24.60000,18.30000,23.60000,53.70000,12.10000,14.60000,10.50000,448.20749
2019-10-11 16:16:47 UTC,6447,24.60000,18.30000,23.60000,53.80000,12.10000,14.60000,10.40000,448.26132
2019-10-11 16:17:47 UTC,6448,24.50000,18.30000,23.60000,53.90000,12.10000,14.60000,10.40000,448.25351
2019-10-11 16:18:47 UTC,6449,24.60000,18.30000,23.60000,53.80000,12.10000,14.60000,10.40000,448.26624
2019-10-11 16:19:47 UTC,6450,24.60000,18.30000,23.60000,53.90000,12.20000,14.60000,10.40000,448.32660
2019-10-11 16:20:47 UTC,6451,24.60000,18.30000,23.60000,53.90000,12.20000,14.60000,10.40000,448.28421
2019-10-11 16:21:47 UTC,6452,24.60000,18.30000,23.60000,53.90000,12.20000,14.60000,10.40000,448.02225
2019-10-11 16:22:47 UTC,6453,24.50000,18.30000,23.60000,54.10000,12.20000,14.70000,10.30000,447.63647
2019-10-11 16:23:47 UTC,6454,24.60000,18.30000,23.60000,53.90000,12.10000,14.60000,10.40000,447.25946
2019-10-11 16:24:47 UTC,6455,24.50000,18.30000,23.60000,54.00000,12.20000,14.60000,10.40000,446.80789
2019-10-11 16:25:47 UTC,6456,24.60000,18.30000,23.60000,53.90000,12.10000,14.60000,10.40000,446.22253
2019-10-11 16:26:47 UTC,6457,24.50000,18.30000,23.60000,54.10000,12.20000,14.70000,10.30000,445.70474
2019-10-11 16:27:47 UTC,6458,24.50000,18.30000,23.60000,54.10000,12.20000,14.60000,10.30000,445.14594
2019-10-11 16:28:48 UTC,6459,24.50000,18.30000,23.60000,54.00000,12.20000,14.60000,10.30000,444.62320
2019-10-11 16:29:47 UTC,6460,24.50000,18.30000,23.60000,54.00000,12.10000,14.60000,10.30000,444.40912
2019-10-11 16:30:48 UTC,6461,24.50000,18.30000,23.60000,54.00000,12.10000,14.60000,10.40000,444.30884
2019-10-11 16:31:47 UTC,6462,24.50000,18.30000,23.60000,54.00000,12.20000,14.60000,10.30000,444.20880
2019-10-11 16:32:48 UTC,6463,24.50000,18.30000,23.60000,53.90000,12.10000,14.60000,10.40000,444.06882
2019-10-11 16:33:48 UTC,6464,24.60000,18.20000,23.60000,53.80000,12.10000,14.60000,10.40000,444.06143
2019-10-11 16:34:48 UTC,6465,24.50000,18.30000,23.60000,53.90000,12.10000,14.60000,10.40000,444.09613
2019-10-11 16:35:48 UTC,6466,24.50000,18.30000,23.60000,54.10000,12.20000,14.60000,10.30000,444.07980
2019-10-11 16:36:48 UTC,6467,24.50000,18.30000,23.50000,54.10000,12.20000,14.60000,10.30000,443.98685
2019-10-11 16:37:48 UTC,6468,24.50000,18.30000,23.60000,54.10000,12.20000,14.60000,10.30000,443.86810
2019-10-11 16:38:48 UTC,6469,24.50000,18.30000,23.60000,54.10000,12.20000,14.60000,10.30000,443.76776
2019-10-11 16:39:48 UTC,6470,24.50000,18.20000,23.60000,54.00000,12.10000,14.60000,10.30000,443.78644
2019-10-11 16:40:48 UTC,6471,24.50000,18.30000,23.60000,54.10000,12.10000,14.60000,10.30000,443.83435
2019-10-11 16:41:48 UTC,6472,24.50000,18.30000,23.60000,54.20000,12.20000,14.70000,10.30000,443.84631
2019-10-11 16:42:48 UTC,6473,24.50000,18.30000,23.60000,54.00000,12.10000,14.60000,10.40000,443.78156
2019-10-11 16:43:48 UTC,6474,24.50000,18.30000,23.60000,54.10000,12.20000,14.60000,10.30000,443.66272
2019-10-11 16:44:50 UTC,6475,24.50000,18.30000,23.50000,54.20000,12.20000,14.70000,10.30000,443.60474
2019-10-11 16:45:49 UTC,6476,24.50000,18.30000,23.50000,54.40000,12.20000,14.70000,10.30000,443.59750
2019-10-11 16:46:49 UTC,6477,24.50000,18.20000,23.60000,54.00000,12.10000,14.60000,10.30000,443.62399
2019-10-11 16:47:49 UTC,6478,24.50000,18.30000,23.50000,54.20000,12.20000,14.60000,10.30000,443.63712
2019-10-11 16:48:49 UTC,6479,24.50000,18.30000,23.50000,54.10000,12.20000,14.60000,10.30000,443.66943
2019-10-11 16:49:49 UTC,6480,24.50000,18.20000,23.50000,54.00000,12.10000,14.60000,10.30000,443.73422
2019-10-11 16:50:49 UTC,6481,24.50000,18.30000,23.60000,54.20000,12.20000,14.60000,10.30000,443.85291
2019-10-11 16:51:49 UTC,6482,24.50000,18.30000,23.50000,54.10000,12.20000,14.60000,10.30000,444.03809
2019-10-11 16:52:49 UTC,6483,24.50000,18.30000,23.60000,54.00000,12.10000,14.60000,10.30000,444.23892
2019-10-11 16:53:49 UTC,6484,24.50000,18.30000,23.60000,54.10000,12.20000,14.60000,10.30000,444.35269
2019-10-11 16:54:49 UTC,6485,24.50000,18.30000,23.60000,54.10000,12.20000,14.60000,10.30000,444.45193
2019-10-11 16:55:49 UTC,6486,24.50000,18.20000,23.60000,53.90000,12.10000,14.60000,10.30000,444.47995
2019-10-11 16:56:49 UTC,6487,24.50000,18.20000,23.60000,54.10000,12.10000,14.60000,10.30000,444.41589
2019-10-11 16:57:49 UTC,6488,24.50000,18.20000,23.60000,54.10000,12.10000,14.60000,10.30000,444.31537
2019-10-11 16:58:49 UTC,6489,24.50000,18.20000,23.60000,54.00000,12.10000,14.60000,10.30000,444.19049
2019-10-11 16:59:49 UTC,6490,24.50000,18.20000,23.60000,53.90000,12.10000,14.60000,10.40000,444.04651
2019-10-11 17:00:49 UTC,6491,24.50000,18.20000,23.50000,54.00000,12.10000,14.60000,10.30000,443.88928
2019-10-11 17:01:49 UTC,6492,24.50000,18.20000,23.50000,54.20000,12.10000,14.60000,10.30000,443.78735
2019-10-11 17:02:49 UTC,6493,24.50000,18.20000,23.50000,54.20000,12.10000,14.60000,10.30000,443.72705
2019-10-11 17:03:49 UTC,6494,24.50000,18.20000,23.50000,54.10000,12.10000,14.60000,10.30000,443.67316
2019-10-11 17:04:49 UTC,6495,24.50000,18.20000,23.50000,54.10000,12.10000,14.60000,10.30000,443.62494
2019-10-11 17:05:49 UTC,6496,24.50000,18.30000,23.50000,54.10000,12.10000,14.60000,10.30000,443.59332
2019-10-11 17:06:50 UTC,6497,24.50000,18.30000,23.50000,54.30000,12.20000,14.70000,10.20000,443.61487
2019-10-11 17:07:50 UTC,6498,24.50000,18.20000,23.50000,54.30000,12.20000,14.60000,10.20000,443.63947
2019-10-11 17:08:49 UTC,6499,24.50000,18.20000,23.50000,54.40000,12.20000,14.70000,10.20000,443.60007
2019-10-11 17:09:50 UTC,6500,24.50000,18.20000,23.50000,54.10000,12.10000,14.60000,10.30000,443.52261
2019-10-11 17:10:50 UTC,6501,24.50000,18.20000,23.50000,54.20000,12.10000,14.60000,10.30000,443.41718
2019-10-11 17:11:50 UTC,6502,24.50000,18.20000,23.50000,54.10000,12.10000,14.60000,10.30000,443.25851
2019-10-11 17:12:50 UTC,6503,24.50000,18.20000,23.50000,54.30000,12.20000,14.60000,10.20000,443.14923
2019-10-11 17:13:50 UTC,6504,24.50000,18.20000,23.50000,54.10000,12.10000,14.60000,10.30000,443.00903
2019-10-11 17:14:49 UTC,6505,24.50000,18.20000,23.50000,54.20000,12.10000,14.60000,10.30000,442.84186
2019-10-11 17:15:49 UTC,6506,24.40000,18.20000,23.50000,54.20000,12.10000,14.60000,10.20000,442.61755
2019-10-11 17:16:50 UTC,6507,24.50000,18.20000,23.50000,54.20000,12.10000,14.60000,10.30000,442.47720
2019-10-11 17:17:50 UTC,6508,24.50000,18.20000,23.50000,54.10000,12.10000,14.60000,10.30000,442.35474
2019-10-11 17:18:50 UTC,6509,24.50000,18.20000,23.50000,54.00000,12.10000,14.60000,10.30000,442.31265
2019-10-11 17:19:50 UTC,6510,24.50000,18.20000,23.50000,54.00000,12.10000,14.60000,10.30000,442.28873
2019-10-11 17:20:50 UTC,6511,24.40000,18.20000,23.50000,54.20000,12.10000,14.60000,10.20000,442.24957
2019-10-11 17:21:50 UTC,6512,24.40000,18.20000,23.50000,54.20000,12.10000,14.60000,10.20000,442.20889
2019-10-11 17:22:49 UTC,6513,24.40000,18.20000,23.50000,54.20000,12.10000,14.60000,10.20000,442.20551
2019-10-11 17:23:50 UTC,6514,24.40000,18.20000,23.50000,54.30000,12.10000,14.60000,10.20000,442.11880
2019-10-11 17:24:50 UTC,6515,24.40000,18.20000,23.50000,54.30000,12.10000,14.60000,10.20000,441.97253
2019-10-11 17:25:50 UTC,6516,24.40000,18.20000,23.50000,54.30000,12.10000,14.60000,10.20000,441.91620
2019-10-11 17:26:50 UTC,6517,24.40000,18.20000,23.50000,54.60000,12.20000,14.70000,10.10000,441.98505
2019-10-11 17:27:50 UTC,6518,24.40000,18.20000,23.50000,54.40000,12.10000,14.60000,10.20000,442.05408
2019-10-11 17:28:50 UTC,6519,24.40000,18.20000,23.50000,54.30000,12.10000,14.60000,10.20000,442.05600
2019-10-11 17:29:50 UTC,6520,24.40000,18.20000,23.50000,54.30000,12.10000,14.60000,10.20000,442.08392
2019-10-11 17:30:50 UTC,6521,24.40000,18.20000,23.50000,54.40000,12.10000,14.60000,10.20000,442.12454
2019-10-11 17:31:50 UTC,6522,24.40000,18.20000,23.50000,54.40000,12.10000,14.60000,10.20000,442.20831
2019-10-11 17:32:50 UTC,6523,24.40000,18.20000,23.50000,54.40000,12.20000,14.60000,10.20000,442.36487
2019-10-11 17:33:50 UTC,6524,24.40000,18.20000,23.50000,54.50000,12.20000,14.60000,10.20000,442.52170
2019-10-11 17:34:50 UTC,6525,24.40000,18.20000,23.50000,54.30000,12.10000,14.60000,10.20000,442.70148
2019-10-11 17:35:50 UTC,6526,24.40000,18.20000,23.50000,54.30000,12.10000,14.60000,10.20000,442.87811
2019-10-11 17:36:50 UTC,6527,24.40000,18.20000,23.50000,54.20000,12.10000,14.60000,10.20000,443.04846
2019-10-11 17:37:50 UTC,6528,24.40000,18.20000,23.50000,54.40000,12.10000,14.60000,10.20000,443.12509
2019-10-11 17:38:50 UTC,6529,24.40000,18.20000,23.50000,54.30000,12.10000,14.60000,10.20000,443.11539
2019-10-11 17:39:50 UTC,6530,24.40000,18.20000,23.50000,54.20000,12.10000,14.60000,10.20000,443.06427
2019-10-11 17:40:50 UTC,6531,24.40000,18.20000,23.50000,54.20000,12.10000,14.60000,10.20000,442.92560
2019-10-11 17:41:50 UTC,6532,24.40000,18.20000,23.50000,54.30000,12.10000,14.60000,10.20000,442.72684
2019-10-11 17:42:50 UTC,6533,24.40000,18.20000,23.50000,54.30000,12.10000,14.60000,10.20000,442.60272
2019-10-11 17:43:50 UTC,6534,24.40000,18.20000,23.50000,54.20000,12.10000,14.60000,10.20000,442.46024
2019-10-11 17:44:50 UTC,6535,24.40000,18.20000,23.50000,54.20000,12.10000,14.60000,10.20000,442.39014
2019-10-11 17:45:50 UTC,6536,24.40000,18.20000,23.50000,54.20000,12.10000,14.60000,10.20000,442.31436
2019-10-11 17:46:50 UTC,6537,24.40000,18.20000,23.50000,54.20000,12.10000,14.60000,10.20000,442.38538
2019-10-11 17:47:50 UTC,6538,24.40000,18.20000,23.50000,54.30000,12.10000,14.60000,10.20000,442.39349
2019-10-11 17:48:50 UTC,6539,24.40000,18.20000,23.50000,54.30000,12.10000,14.60000,10.20000,442.43042
2019-10-11 17:49:50 UTC,6540,24.40000,18.20000,23.50000,54.40000,12.10000,14.60000,10.20000,442.49228
2019-10-11 17:50:50 UTC,6541,24.40000,18.20000,23.50000,54.20000,12.10000,14.50000,10.20000,442.50928
2019-10-11 17:51:50 UTC,6542,24.40000,18.20000,23.50000,54.30000,12.10000,14.60000,10.20000,442.47632
2019-10-11 17:52:50 UTC,6543,24.40000,18.20000,23.50000,54.40000,12.10000,14.60000,10.20000,442.44067
2019-10-11 17:53:50 UTC,6544,24.40000,18.20000,23.40000,54.20000,12.10000,14.60000,10.20000,442.43918
2019-10-11 17:54:50 UTC,6545,24.40000,18.20000,23.50000,54.30000,12.10000,14.60000,10.20000,442.34573
2019-10-11 17:55:53 UTC,6546,24.40000,18.20000,23.40000,54.20000,12.10000,14.60000,10.20000,442.31482
2019-10-11 17:56:51 UTC,6547,24.40000,18.20000,23.40000,54.20000,12.10000,14.50000,10.20000,442.38342
2019-10-11 17:57:52 UTC,6548,24.40000,18.20000,23.40000,54.20000,12.10000,14.50000,10.20000,442.41614
2019-10-11 17:58:51 UTC,6549,24.30000,18.20000,23.40000,54.30000,12.10000,14.50000,10.20000,442.42609
2019-10-11 17:59:52 UTC,6550,24.40000,18.10000,23.40000,54.10000,12.10000,14.50000,10.20000,442.39160
2019-10-11 18:00:52 UTC,6551,24.40000,18.10000,23.40000,54.20000,12.10000,14.50000,10.20000,442.29587
2019-10-11 18:01:51 UTC,6552,24.40000,18.10000,23.40000,54.10000,12.10000,14.50000,10.20000,442.16568
2019-10-11 18:02:52 UTC,6553,24.30000,18.10000,23.50000,54.20000,12.10000,14.50000,10.20000,441.97897
2019-10-11 18:03:52 UTC,6554,24.40000,18.10000,23.40000,54.00000,12.00000,14.50000,10.30000,441.69714
2019-10-11 18:04:52 UTC,6555,24.40000,18.10000,23.40000,54.20000,12.10000,14.50000,10.20000,441.22696
2019-10-11 18:05:52 UTC,6556,24.40000,18.10000,23.40000,53.90000,12.00000,14.50000,10.30000,440.67340
2019-10-11 18:06:52 UTC,6557,24.40000,18.10000,23.40000,54.10000,12.10000,14.50000,10.20000,440.15616
2019-10-11 18:07:52 UTC,6558,24.30000,18.20000,23.40000,54.40000,12.10000,14.50000,10.20000,439.67441
2019-10-11 18:08:52 UTC,6559,24.30000,18.20000,23.40000,54.50000,12.10000,14.60000,10.10000,439.09875
2019-10-11 18:09:52 UTC,6560,24.30000,18.20000,23.40000,54.50000,12.10000,14.60000,10.10000,438.78528
2019-10-11 18:10:52 UTC,6561,24.40000,18.20000,23.40000,54.50000,12.10000,14.60000,10.10000,438.62152
2019-10-11 18:11:52 UTC,6562,24.30000,18.20000,23.40000,54.60000,12.10000,14.60000,10.10000,438.60678
2019-10-11 18:12:52 UTC,6563,24.30000,18.20000,23.40000,54.40000,12.10000,14.50000,10.10000,438.64270
2019-10-11 18:13:52 UTC,6564,24.30000,18.20000,23.40000,54.30000,12.10000,14.50000,10.20000,438.73413
2019-10-11 18:14:52 UTC,6565,24.30000,18.20000,23.40000,54.40000,12.10000,14.60000,10.10000,438.71045
2019-10-11 18:15:52 UTC,6566,24.40000,18.20000,23.40000,54.40000,12.10000,14.60000,10.20000,438.65973
2019-10-11 18:16:52 UTC,6567,24.30000,18.20000,23.40000,54.40000,12.10000,14.60000,10.20000,438.68967
2019-10-11 18:17:52 UTC,6568,24.30000,18.10000,23.40000,54.30000,12.10000,14.50000,10.20000,438.74292
2019-10-11 18:18:52 UTC,6569,24.30000,18.10000,23.40000,54.30000,12.10000,14.50000,10.20000,438.76306
2019-10-11 18:19:52 UTC,6570,24.30000,18.10000,23.40000,54.40000,12.10000,14.50000,10.10000,438.78052
2019-10-11 18:20:52 UTC,6571,24.30000,18.20000,23.40000,54.40000,12.10000,14.60000,10.10000,438.81332
2019-10-11 18:21:52 UTC,6572,24.30000,18.10000,23.40000,54.30000,12.10000,14.50000,10.20000,438.79803
2019-10-11 18:22:52 UTC,6573,24.30000,18.10000,23.40000,54.20000,12.10000,14.50000,10.20000,438.82169
2019-10-11 18:23:52 UTC,6574,24.40000,18.10000,23.40000,54.20000,12.10000,14.50000,10.20000,438.84290
2019-10-11 18:24:52 UTC,6575,24.40000,18.10000,23.40000,54.20000,12.10000,14.50000,10.20000,438.85214
2019-10-11 18:25:52 UTC,6576,24.30000,18.10000,23.40000,54.20000,12.10000,14.50000,10.20000,438.84161
2019-10-11 18:26:52 UTC,6577,24.30000,18.10000,23.40000,54.20000,12.10000,14.50000,10.20000,438.78104
2019-10-11 18:27:52 UTC,6578,24.30000,18.10000,23.40000,54.10000,12.00000,14.50000,10.20000,438.63422
2019-10-11 18:28:52 UTC,6579,24.30000,18.10000,23.40000,54.20000,12.10000,14.50000,10.20000,438.36276
2019-10-11 18:29:52 UTC,6580,24.30000,18.10000,23.40000,54.40000,12.10000,14.50000,10.10000,438.16299
2019-10-11 18:30:52 UTC,6581,24.30000,18.10000,23.40000,54.40000,12.10000,14.50000,10.10000,438.02722
2019-10-11 18:31:52 UTC,6582,24.30000,18.10000,23.40000,54.30000,12.10000,14.50000,10.20000,437.69702
2019-10-11 18:32:52 UTC,6583,24.30000,18.10000,23.40000,54.40000,12.10000,14.50000,10.10000,437.34818
2019-10-11 18:33:52 UTC,6584,24.30000,18.10000,23.40000,54.30000,12.10000,14.50000,10.10000,436.83780
2019-10-11 18:34:52 UTC,6585,24.30000,18.10000,23.40000,54.50000,12.10000,14.50000,10.10000,436.29865
2019-10-11 18:35:52 UTC,6586,24.30000,18.10000,23.40000,54.30000,12.10000,14.50000,10.20000,435.90002
2019-10-11 18:36:52 UTC,6587,24.30000,18.10000,23.40000,54.40000,12.10000,14.50000,10.10000,435.65182
2019-10-11 18:37:52 UTC,6588,24.30000,18.10000,23.40000,54.50000,12.10000,14.50000,10.10000,435.41055
2019-10-11 18:38:52 UTC,6589,24.30000,18.10000,23.40000,54.20000,12.00000,14.50000,10.20000,435.16345
2019-10-11 18:39:52 UTC,6590,24.30000,18.10000,23.40000,54.50000,12.10000,14.50000,10.10000,435.02487
2019-10-11 18:40:52 UTC,6591,24.30000,18.10000,23.40000,54.40000,12.10000,14.50000,10.10000,435.10580
2019-10-11 18:41:52 UTC,6592,24.30000,18.10000,23.40000,54.30000,12.00000,14.50000,10.10000,435.24463
2019-10-11 18:42:52 UTC,6593,24.30000,18.10000,23.40000,54.20000,12.00000,14.50000,10.20000,435.55603
2019-10-11 18:43:52 UTC,6594,24.30000,18.10000,23.40000,54.20000,12.00000,14.50000,10.10000,435.83572
2019-10-11 18:44:52 UTC,6595,24.30000,18.10000,23.40000,54.40000,12.10000,14.50000,10.10000,435.99161
2019-10-11 18:45:52 UTC,6596,24.30000,18.10000,23.40000,54.40000,12.00000,14.50000,10.10000,436.10715
2019-10-11 18:46:52 UTC,6597,24.30000,18.10000,23.40000,54.40000,12.10000,14.50000,10.10000,436.25806
2019-10-11 18:47:52 UTC,6598,24.20000,18.10000,23.40000,54.50000,12.10000,14.50000,10.10000,436.41623
2019-10-11 18:48:52 UTC,6599,24.20000,18.10000,23.40000,54.50000,12.10000,14.50000,10.10000,436.49698
2019-10-11 18:49:52 UTC,6600,24.20000,18.10000,23.40000,54.40000,12.00000,14.50000,10.10000,436.45084
2019-10-11 18:50:52 UTC,6601,24.30000,18.10000,23.40000,54.30000,12.00000,14.50000,10.10000,436.43326
2019-10-11 18:51:52 UTC,6602,24.30000,18.10000,23.40000,54.50000,12.10000,14.50000,10.10000,436.36981
2019-10-11 18:52:52 UTC,6603,24.30000,18.10000,23.40000,54.20000,12.00000,14.40000,10.10000,436.36066
2019-10-11 18:53:52 UTC,6604,24.20000,18.10000,23.40000,54.20000,12.00000,14.40000,10.10000,436.33966
2019-10-11 18:54:52 UTC,6605,24.30000,18.10000,23.40000,54.20000,12.00000,14.40000,10.10000,436.33298
2019-10-11 18:55:52 UTC,6606,24.30000,18.10000,23.40000,54.20000,12.00000,14.40000,10.10000,436.28659
2019-10-11 18:56:52 UTC,6607,24.30000,18.10000,23.40000,54.40000,12.10000,14.50000,10.10000,436.26746
2019-10-11 18:57:52 UTC,6608,24.30000,18.10000,23.40000,54.50000,12.10000,14.50000,10.10000,436.31488
2019-10-11 18:58:52 UTC,6609,24.30000,18.10000,23.40000,54.40000,12.10000,14.50000,10.10000,436.33145
2019-10-11 18:59:52 UTC,6610,24.20000,18.10000,23.30000,54.50000,12.10000,14.50000,10.10000,436.30078
2019-10-11 19:00:52 UTC,6611,24.30000,18.10000,23.40000,54.40000,12.00000,14.50000,10.10000,436.24234
2019-10-11 19:01:52 UTC,6612,24.30000,18.10000,23.30000,54.40000,12.00000,14.50000,10.10000,436.22803
2019-10-11 19:02:52 UTC,6613,24.30000,18.10000,23.40000,54.40000,12.00000,14.50000,10.10000,436.19125
2019-10-11 19:03:52 UTC,6614,24.30000,18.10000,23.30000,54.20000,12.00000,14.40000,10.10000,436.09900
2019-10-11 19:04:52 UTC,6615,24.30000,18.10000,23.30000,54.30000,12.00000,14.50000,10.10000,435.92456
2019-10-11 19:05:52 UTC,6616,24.30000,18.10000,23.30000,54.30000,12.00000,14.50000,10.10000,435.67780
2019-10-11 19:06:52 UTC,6617,24.30000,18.10000,23.30000,54.30000,12.00000,14.50000,10.10000,435.35477
2019-10-11 19:07:52 UTC,6618,24.30000,18.10000,23.30000,54.20000,12.00000,14.40000,10.20000,435.05615
2019-10-11 19:08:53 UTC,6619,24.30000,18.10000,23.30000,54.50000,12.10000,14.50000,10.10000,434.72598
2019-10-11 19:09:52 UTC,6620,24.20000,18.10000,23.30000,54.50000,12.00000,14.50000,10.10000,434.44254
2019-10-11 19:10:52 UTC,6621,24.30000,18.10000,23.30000,54.40000,12.00000,14.50000,10.10000,434.18005
2019-10-11 19:11:52 UTC,6622,24.30000,18.10000,23.30000,54.50000,12.10000,14.50000,10.10000,434.03601
2019-10-11 19:12:52 UTC,6623,24.30000,18.10000,23.30000,54.50000,12.10000,14.50000,10.10000,433.82181
2019-10-11 19:13:52 UTC,6624,24.30000,18.10000,23.30000,54.60000,12.10000,14.50000,10.10000,433.72876
2019-10-11 19:14:53 UTC,6625,24.30000,18.10000,23.30000,54.30000,12.00000,14.50000,10.10000,433.55643
2019-10-11 19:15:52 UTC,6626,24.30000,18.10000,23.30000,54.30000,12.00000,14.50000,10.10000,433.29776
2019-10-11 19:16:52 UTC,6627,24.30000,18.10000,23.30000,54.40000,12.00000,14.50000,10.10000,433.18338
2019-10-11 19:17:52 UTC,6628,24.30000,18.10000,23.30000,54.30000,12.00000,14.50000,10.10000,433.16595
2019-10-11 19:18:53 UTC,6629,24.20000,18.10000,23.30000,54.40000,12.00000,14.50000,10.10000,433.21048
2019-10-11 19:19:53 UTC,6630,24.20000,18.10000,23.30000,54.60000,12.10000,14.50000,10.00000,433.31335
2019-10-11 19:20:52 UTC,6631,24.30000,18.10000,23.30000,54.40000,12.00000,14.50000,10.10000,433.45648
2019-10-11 19:21:52 UTC,6632,24.30000,18.10000,23.30000,54.30000,12.00000,14.50000,10.10000,433.65540
2019-10-11 19:22:53 UTC,6633,24.20000,18.10000,23.30000,54.50000,12.10000,14.50000,10.10000,433.86658
2019-10-11 19:23:52 UTC,6634,24.20000,18.10000,23.30000,54.50000,12.00000,14.50000,10.10000,434.16492
2019-10-11 19:24:53 UTC,6635,24.20000,18.10000,23.30000,54.70000,12.10000,14.50000,10.00000,434.56345
2019-10-11 19:25:55 UTC,6636,24.20000,18.10000,23.30000,54.90000,12.10000,14.60000,10.00000,434.95258
2019-10-11 19:26:54 UTC,6637,24.20000,18.10000,23.30000,54.70000,12.10000,14.50000,10.00000,435.16077
2019-10-11 19:27:54 UTC,6638,24.20000,18.10000,23.30000,54.50000,12.00000,14.50000,10.10000,435.25421
2019-10-11 19:28:54 UTC,6639,24.20000,18.10000,23.30000,54.60000,12.10000,14.50000,10.00000,435.37668
2019-10-11 19:29:54 UTC,6640,24.20000,18.10000,23.30000,54.60000,12.10000,14.50000,10.00000,435.54297
2019-10-11 19:30:54 UTC,6641,24.20000,18.10000,23.30000,54.60000,12.10000,14.50000,10.00000,435.76910
2019-10-11 19:31:54 UTC,6642,24.20000,18.10000,23.30000,54.60000,12.10000,14.50000,10.00000,436.00159
2019-10-11 19:32:54 UTC,6643,24.20000,18.10000,23.30000,54.50000,12.00000,14.50000,10.00000,436.14819
2019-10-11 19:33:54 UTC,6644,24.20000,18.10000,23.30000,54.50000,12.00000,14.50000,10.10000,436.14178
2019-10-11 19:34:54 UTC,6645,24.20000,18.10000,23.30000,54.30000,12.00000,14.40000,10.10000,436.13651
2019-10-11 19:35:54 UTC,6646,24.20000,18.10000,23.30000,54.50000,12.00000,14.50000,10.00000,436.15988
2019-10-11 19:36:54 UTC,6647,24.20000,18.10000,23.30000,54.40000,12.00000,14.40000,10.10000,436.21396
2019-10-11 19:37:54 UTC,6648,24.20000,18.00000,23.30000,54.30000,12.00000,14.40000,10.10000,436.17841
2019-10-11 19:38:54 UTC,6649,24.20000,18.10000,23.30000,54.60000,12.00000,14.50000,10.00000,436.14719
2019-10-11 19:39:54 UTC,6650,24.20000,18.10000,23.30000,54.60000,12.00000,14.50000,10.00000,436.10196
2019-10-11 19:40:54 UTC,6651,24.20000,18.00000,23.30000,54.30000,12.00000,14.40000,10.10000,436.02063
2019-10-11 19:41:54 UTC,6652,24.20000,18.10000,23.30000,54.40000,12.00000,14.40000,10.10000,435.88535
2019-10-11 19:42:54 UTC,6653,24.20000,18.10000,23.30000,54.50000,12.00000,14.50000,10.10000,435.80481
2019-10-11 19:43:54 UTC,6654,24.20000,18.00000,23.30000,54.30000,12.00000,14.40000,10.10000,435.67545
2019-10-11 19:44:54 UTC,6655,24.20000,18.00000,23.30000,54.30000,12.00000,14.40000,10.10000,435.56509
2019-10-11 19:45:54 UTC,6656,24.20000,18.00000,23.30000,54.40000,12.00000,14.40000,10.10000,435.38361
2019-10-11 19:46:54 UTC,6657,24.20000,18.10000,23.30000,54.60000,12.00000,14.50000,10.00000,435.28262
2019-10-11 19:47:54 UTC,6658,24.20000,18.10000,23.30000,54.50000,12.00000,14.50000,10.00000,435.14987
2019-10-11 19:48:54 UTC,6659,24.20000,18.00000,23.30000,54.30000,12.00000,14.40000,10.10000,435.09335
2019-10-11 19:49:54 UTC,6660,24.20000,18.00000,23.30000,54.40000,12.00000,14.40000,10.10000,435.19522
2019-10-11 19:50:54 UTC,6661,24.20000,18.00000,23.30000,54.40000,12.00000,14.40000,10.10000,435.34906
2019-10-11 19:51:54 UTC,6662,24.20000,18.00000,23.30000,54.30000,12.00000,14.40000,10.10000,435.49454
2019-10-11 19:52:55 UTC,6663,24.20000,18.00000,23.20000,54.30000,12.00000,14.40000,10.10000,435.57483
2019-10-11 19:53:54 UTC,6664,24.20000,18.00000,23.30000,54.30000,12.00000,14.40000,10.10000,435.62711
2019-10-11 19:54:54 UTC,6665,24.20000,18.10000,23.30000,54.60000,12.00000,14.50000,10.00000,435.66687
2019-10-11 19:55:54 UTC,6666,24.20000,18.00000,23.30000,54.20000,12.00000,14.40000,10.10000,435.61816
2019-10-11 19:56:54 UTC,6667,24.20000,18.00000,23.30000,54.50000,12.00000,14.40000,10.00000,435.55661
2019-10-11 19:57:54 UTC,6668,24.20000,18.00000,23.30000,54.40000,12.00000,14.40000,10.00000,435.39047
2019-10-11 19:58:54 UTC,6669,24.20000,18.00000,23.20000,54.50000,12.00000,14.40000,10.00000,435.15347
2019-10-11 19:59:54 UTC,6670,24.20000,18.00000,23.30000,54.60000,12.00000,14.50000,10.00000,434.88593
2019-10-11 20:00:54 UTC,6671,24.20000,18.00000,23.30000,54.60000,12.00000,14.50000,10.00000,434.70972
2019-10-11 20:01:54 UTC,6672,24.10000,18.10000,23.20000,54.80000,12.10000,14.50000,9.90000,434.61697
2019-10-11 20:02:54 UTC,6673,24.20000,18.10000,23.20000,54.70000,12.00000,14.50000,10.00000,434.47534
2019-10-11 20:03:54 UTC,6674,24.20000,18.00000,23.20000,54.50000,12.00000,14.40000,10.00000,434.33130
2019-10-11 20:04:54 UTC,6675,24.20000,18.10000,23.20000,54.70000,12.00000,14.50000,10.00000,434.25974
2019-10-11 20:05:55 UTC,6676,24.20000,18.10000,23.20000,54.60000,12.00000,14.50000,10.00000,434.20398
2019-10-11 20:06:55 UTC,6677,24.20000,18.10000,23.20000,54.80000,12.10000,14.50000,10.00000,434.22742
2019-10-11 20:07:55 UTC,6678,24.20000,18.10000,23.20000,54.70000,12.10000,14.50000,10.00000,434.28574
2019-10-11 20:08:55 UTC,6679,24.20000,18.10000,23.20000,54.70000,12.00000,14.50000,10.00000,434.36920
2019-10-11 20:09:55 UTC,6680,24.20000,18.10000,23.20000,54.60000,12.00000,14.50000,10.00000,434.28067
2019-10-11 20:10:55 UTC,6681,24.20000,18.00000,23.20000,54.40000,12.00000,14.40000,10.10000,434.18661
2019-10-11 20:11:55 UTC,6682,24.20000,18.00000,23.20000,54.40000,12.00000,14.40000,10.10000,434.09985
2019-10-11 20:12:55 UTC,6683,24.20000,18.00000,23.20000,54.50000,12.00000,14.40000,10.00000,433.95682
2019-10-11 20:13:55 UTC,6684,24.10000,18.00000,23.20000,54.70000,12.00000,14.50000,10.00000,433.77991
2019-10-11 20:14:55 UTC,6685,24.10000,18.10000,23.20000,54.80000,12.10000,14.50000,9.90000,433.60941
2019-10-11 20:15:55 UTC,6686,24.10000,18.00000,23.20000,54.60000,12.00000,14.40000,10.00000,433.14914
2019-10-11 20:16:55 UTC,6687,24.10000,18.00000,23.20000,54.60000,12.00000,14.40000,10.00000,432.70392
2019-10-11 20:17:55 UTC,6688,24.10000,18.00000,23.20000,54.70000,12.00000,14.40000,10.00000,432.33582
2019-10-11 20:18:55 UTC,6689,24.10000,18.00000,23.20000,54.60000,12.00000,14.40000,10.00000,432.21115
2019-10-11 20:19:55 UTC,6690,24.10000,18.00000,23.20000,54.60000,12.00000,14.40000,10.00000,432.16183
2019-10-11 20:20:55 UTC,6691,24.10000,18.00000,23.20000,54.70000,12.00000,14.50000,10.00000,432.08752
2019-10-11 20:21:55 UTC,6692,24.10000,18.00000,23.20000,54.50000,12.00000,14.40000,10.00000,431.95947
2019-10-11 20:22:55 UTC,6693,24.10000,18.00000,23.20000,54.60000,12.00000,14.40000,10.00000,431.88611
2019-10-11 20:23:55 UTC,6694,24.10000,18.00000,23.20000,54.50000,12.00000,14.40000,10.00000,431.85974
2019-10-11 20:24:55 UTC,6695,24.10000,18.00000,23.20000,54.40000,12.00000,14.40000,10.00000,431.84372
2019-10-11 20:25:55 UTC,6696,24.20000,18.00000,23.20000,54.30000,12.00000,14.40000,10.00000,431.84943
2019-10-11 20:26:55 UTC,6697,24.10000,18.00000,23.20000,54.40000,12.00000,14.40000,10.00000,431.87253
2019-10-11 20:27:56 UTC,6698,24.10000,18.00000,23.20000,54.50000,12.00000,14.40000,10.00000,431.88132
2019-10-11 20:28:55 UTC,6699,24.10000,18.00000,23.20000,54.40000,12.00000,14.40000,10.00000,431.84546
2019-10-11 20:29:55 UTC,6700,24.10000,18.00000,23.20000,54.40000,12.00000,14.40000,10.00000,431.85519
2019-10-11 20:30:55 UTC,6701,24.10000,18.00000,23.20000,54.60000,12.00000,14.40000,10.00000,431.83871
2019-10-11 20:31:55 UTC,6702,24.10000,18.00000,23.20000,54.40000,12.00000,14.40000,10.00000,431.79434
2019-10-11 20:32:55 UTC,6703,24.10000,18.00000,23.20000,54.60000,12.00000,14.40000,10.00000,431.74829
2019-10-11 20:33:55 UTC,6704,24.10000,18.00000,23.20000,54.60000,12.00000,14.40000,10.00000,431.63553
2019-10-11 20:34:55 UTC,6705,24.10000,18.00000,23.20000,54.70000,12.00000,14.40000,9.90000,431.46960
2019-10-11 20:35:55 UTC,6706,24.10000,18.00000,23.20000,54.60000,12.00000,14.40000,10.00000,431.31967
2019-10-11 20:36:55 UTC,6707,24.10000,18.00000,23.20000,54.60000,12.00000,14.40000,10.00000,431.22168
2019-10-11 20:37:55 UTC,6708,24.10000,18.00000,23.20000,54.50000,12.00000,14.40000,10.00000,431.07458
2019-10-11 20:38:55 UTC,6709,24.10000,18.00000,23.20000,54.70000,12.00000,14.40000,9.90000,430.91971
2019-10-11 20:39:55 UTC,6710,24.10000,18.00000,23.20000,54.80000,12.00000,14.40000,9.90000,430.70233
2019-10-11 20:40:56 UTC,6711,24.10000,18.00000,23.20000,54.90000,12.00000,14.50000,9.90000,430.47379
2019-10-11 20:41:55 UTC,6712,24.10000,18.00000,23.20000,54.90000,12.00000,14.40000,9.90000,430.25281
2019-10-11 20:42:55 UTC,6713,24.10000,18.00000,23.20000,54.70000,12.00000,14.40000,9.90000,430.02725
2019-10-11 20:43:55 UTC,6714,24.10000,18.00000,23.20000,54.80000,12.00000,14.40000,9.90000,429.74774
2019-10-11 20:44:55 UTC,6715,24.10000,18.00000,23.20000,54.70000,12.00000,14.40000,10.00000,429.45596
2019-10-11 20:45:55 UTC,6716,24.10000,18.00000,23.20000,54.80000,12.00000,14.40000,9.90000,429.07736
2019-10-11 20:46:55 UTC,6717,24.10000,18.00000,23.20000,54.80000,12.00000,14.40000,9.90000,428.91983
2019-10-11 20:47:55 UTC,6718,24.10000,18.00000,23.20000,54.70000,12.00000,14.40000,9.90000,428.84909
2019-10-11 20:48:57 UTC,6719,24.10000,18.00000,23.20000,54.70000,12.00000,14.40000,9.90000,428.86392
2019-10-11 20:49:56 UTC,6720,24.10000,18.00000,23.20000,54.70000,12.00000,14.40000,10.00000,428.91434
2019-10-11 20:50:56 UTC,6721,24.10000,18.00000,23.20000,54.70000,12.00000,14.40000,9.90000,428.97937
2019-10-11 20:51:56 UTC,6722,24.10000,18.00000,23.20000,54.70000,12.00000,14.40000,9.90000,428.96063
2019-10-11 20:52:56 UTC,6723,24.10000,18.00000,23.20000,54.60000,12.00000,14.40000,10.00000,428.85193
2019-10-11 20:53:56 UTC,6724,24.10000,18.00000,23.20000,54.70000,12.00000,14.40000,9.90000,428.79898
2019-10-11 20:54:56 UTC,6725,24.10000,18.00000,23.20000,54.60000,12.00000,14.40000,10.00000,428.78278
2019-10-11 20:55:56 UTC,6726,24.10000,18.00000,23.20000,54.50000,12.00000,14.40000,10.00000,428.65817
2019-10-11 20:56:56 UTC,6727,24.10000,18.00000,23.20000,54.70000,12.00000,14.40000,9.90000,428.65298
2019-10-11 20:57:56 UTC,6728,24.10000,18.00000,23.20000,54.50000,11.90000,14.30000,10.00000,428.69458
2019-10-11 20:58:56 UTC,6729,24.10000,18.00000,23.20000,54.70000,12.00000,14.40000,9.90000,428.77228
2019-10-11 20:59:56 UTC,6730,24.10000,18.00000,23.20000,54.70000,12.00000,14.40000,9.90000,428.89139
2019-10-11 21:00:56 UTC,6731,24.10000,18.00000,23.20000,54.60000,12.00000,14.40000,9.90000,429.06119
2019-10-11 21:01:56 UTC,6732,24.10000,18.00000,23.20000,54.50000,12.00000,14.40000,10.00000,429.33780
2019-10-11 21:02:56 UTC,6733,24.10000,18.00000,23.20000,54.60000,12.00000,14.40000,10.00000,429.58929
2019-10-11 21:03:57 UTC,6734,24.10000,18.00000,23.20000,54.60000,12.00000,14.40000,10.00000,429.79355
2019-10-11 21:04:57 UTC,6735,24.10000,18.00000,23.20000,54.60000,12.00000,14.40000,9.90000,429.86481
2019-10-11 21:05:56 UTC,6736,24.10000,18.00000,23.20000,54.70000,12.00000,14.40000,9.90000,429.78198
2019-10-11 21:06:56 UTC,6737,24.10000,18.00000,23.20000,54.70000,12.00000,14.40000,9.90000,429.63586
2019-10-11 21:07:56 UTC,6738,24.10000,18.00000,23.20000,54.70000,12.00000,14.40000,9.90000,429.49435
2019-10-11 21:08:57 UTC,6739,24.10000,18.00000,23.20000,54.90000,12.00000,14.40000,9.90000,429.42395
2019-10-11 21:09:56 UTC,6740,24.10000,18.00000,23.10000,54.80000,12.00000,14.40000,9.90000,429.24704
2019-10-11 21:10:57 UTC,6741,24.10000,18.00000,23.20000,54.90000,12.00000,14.50000,9.90000,428.97174
2019-10-11 21:11:57 UTC,6742,24.00000,18.00000,23.20000,54.80000,12.00000,14.40000,9.90000,428.73734
2019-10-11 21:12:57 UTC,6743,24.10000,18.00000,23.20000,54.80000,12.00000,14.40000,9.90000,428.46600
2019-10-11 21:13:57 UTC,6744,24.10000,18.00000,23.10000,54.70000,12.00000,14.40000,9.90000,428.21173
2019-10-11 21:14:57 UTC,6745,24.10000,18.00000,23.10000,54.70000,12.00000,14.40000,9.90000,427.97873
2019-10-11 21:15:57 UTC,6746,24.10000,18.00000,23.10000,54.80000,12.00000,14.40000,9.90000,427.76877
2019-10-11 21:16:57 UTC,6747,24.10000,18.00000,23.20000,54.80000,12.00000,14.40000,9.90000,427.51675
2019-10-11 21:17:57 UTC,6748,24.10000,18.00000,23.10000,54.40000,11.90000,14.30000,10.00000,427.26990
2019-10-11 21:18:57 UTC,6749,24.10000,18.00000,23.10000,54.80000,12.00000,14.40000,9.90000,427.04880
2019-10-11 21:19:57 UTC,6750,24.10000,18.00000,23.10000,54.60000,12.00000,14.40000,9.90000,426.91855
2019-10-11 21:20:57 UTC,6751,24.10000,18.00000,23.10000,54.70000,12.00000,14.40000,9.90000,426.78061
2019-10-11 21:21:57 UTC,6752,24.10000,18.00000,23.10000,54.70000,12.00000,14.40000,9.90000,426.70334
2019-10-11 21:22:57 UTC,6753,24.10000,18.00000,23.10000,54.70000,12.00000,14.40000,9.90000,426.63745
2019-10-11 21:23:57 UTC,6754,24.10000,18.00000,23.10000,54.70000,12.00000,14.40000,9.90000,426.54309
2019-10-11 21:24:57 UTC,6755,24.00000,18.00000,23.10000,54.70000,12.00000,14.40000,9.90000,426.46005
2019-10-11 21:25:57 UTC,6756,24.10000,18.00000,23.10000,54.70000,12.00000,14.40000,9.90000,426.38678
2019-10-11 21:26:57 UTC,6757,24.10000,18.00000,23.10000,54.70000,12.00000,14.40000,9.90000,426.35583
2019-10-11 21:27:57 UTC,6758,24.00000,18.00000,23.10000,54.80000,12.00000,14.40000,9.90000,426.25748
2019-10-11 21:28:57 UTC,6759,24.00000,18.00000,23.10000,54.90000,12.00000,14.40000,9.80000,426.16098
2019-10-11 21:29:57 UTC,6760,24.00000,18.00000,23.10000,54.90000,12.00000,14.40000,9.80000,426.14905
2019-10-11 21:30:57 UTC,6761,24.00000,18.00000,23.10000,54.90000,12.00000,14.40000,9.80000,426.10333
2019-10-11 21:31:57 UTC,6762,24.00000,18.00000,23.10000,54.80000,12.00000,14.40000,9.90000,426.01529
2019-10-11 21:32:57 UTC,6763,24.00000,18.00000,23.10000,54.80000,12.00000,14.40000,9.90000,425.87265
2019-10-11 21:33:57 UTC,6764,24.00000,18.00000,23.10000,54.80000,12.00000,14.40000,9.90000,425.76694
2019-10-11 21:34:57 UTC,6765,24.00000,18.00000,23.10000,54.80000,12.00000,14.40000,9.90000,425.73001
2019-10-11 21:35:57 UTC,6766,24.00000,18.00000,23.10000,54.80000,12.00000,14.40000,9.90000,425.71994
2019-10-11 21:36:57 UTC,6767,24.00000,18.00000,23.10000,54.80000,12.00000,14.40000,9.90000,425.73294
2019-10-11 21:37:57 UTC,6768,24.00000,18.00000,23.10000,54.70000,12.00000,14.40000,9.90000,425.77634
2019-10-11 21:38:57 UTC,6769,24.00000,18.00000,23.10000,54.80000,12.00000,14.40000,9.90000,425.80029
2019-10-11 21:39:57 UTC,6770,24.00000,18.00000,23.10000,54.80000,12.00000,14.40000,9.90000,425.86246
2019-10-11 21:40:57 UTC,6771,24.00000,18.00000,23.10000,54.80000,12.00000,14.40000,9.90000,425.96228
2019-10-11 21:41:57 UTC,6772,24.00000,17.90000,23.10000,54.70000,12.00000,14.40000,9.90000,426.03186
2019-10-11 21:42:57 UTC,6773,24.00000,18.00000,23.10000,54.80000,12.00000,14.40000,9.90000,426.10242
2019-10-11 21:43:57 UTC,6774,24.00000,18.00000,23.10000,55.00000,12.00000,14.40000,9.80000,426.19543
2019-10-11 21:44:57 UTC,6775,24.00000,18.00000,23.10000,54.90000,12.00000,14.40000,9.90000,426.29520
2019-10-11 21:45:59 UTC,6776,24.00000,18.00000,23.10000,54.90000,12.00000,14.40000,9.80000,426.31345
2019-10-11 21:46:58 UTC,6777,24.00000,18.00000,23.10000,54.80000,12.00000,14.40000,9.90000,426.29419
2019-10-11 21:47:58 UTC,6778,24.00000,18.00000,23.10000,54.80000,12.00000,14.40000,9.90000,426.22626
2019-10-11 21:48:58 UTC,6779,24.00000,18.00000,23.10000,54.80000,12.00000,14.40000,9.90000,426.10953
2019-10-11 21:49:58 UTC,6780,24.00000,17.90000,23.10000,54.70000,12.00000,14.40000,9.90000,425.93237
2019-10-11 21:50:58 UTC,6781,24.00000,18.00000,23.10000,54.80000,12.00000,14.40000,9.90000,425.70880
2019-10-11 21:51:58 UTC,6782,24.00000,18.00000,23.10000,54.80000,12.00000,14.40000,9.90000,425.40225
2019-10-11 21:52:58 UTC,6783,24.00000,18.00000,23.10000,54.90000,12.00000,14.40000,9.80000,425.00293
2019-10-11 21:53:58 UTC,6784,24.00000,18.00000,23.10000,54.80000,12.00000,14.40000,9.90000,424.69568
2019-10-11 21:54:58 UTC,6785,24.00000,17.90000,23.10000,54.70000,12.00000,14.40000,9.90000,424.29886
2019-10-11 21:55:58 UTC,6786,24.00000,18.00000,23.10000,54.80000,12.00000,14.40000,9.90000,423.77985
2019-10-11 21:56:58 UTC,6787,24.00000,18.00000,23.10000,55.00000,12.00000,14.40000,9.80000,423.19748
2019-10-11 21:57:58 UTC,6788,24.00000,17.90000,23.10000,54.90000,12.00000,14.40000,9.80000,422.56219
2019-10-11 21:58:58 UTC,6789,24.00000,17.90000,23.10000,54.90000,12.00000,14.40000,9.80000,422.00119
2019-10-11 21:59:58 UTC,6790,24.00000,18.00000,23.10000,54.90000,12.00000,14.40000,9.80000,421.40439
2019-10-11 22:00:58 UTC,6791,24.00000,17.90000,23.10000,54.90000,12.00000,14.40000,9.80000,420.80731
2019-10-11 22:01:58 UTC,6792,24.00000,17.90000,23.00000,54.80000,12.00000,14.40000,9.90000,420.27618
2019-10-11 22:02:58 UTC,6793,24.00000,17.90000,23.10000,54.80000,12.00000,14.40000,9.90000,419.95236
2019-10-11 22:03:58 UTC,6794,24.00000,18.00000,23.10000,54.80000,12.00000,14.40000,9.90000,419.92300
2019-10-11 22:04:58 UTC,6795,24.00000,18.00000,23.10000,55.10000,12.00000,14.40000,9.80000,420.02008
2019-10-11 22:05:58 UTC,6796,24.00000,18.00000,23.10000,54.90000,12.00000,14.40000,9.80000,420.23245
2019-10-11 22:06:58 UTC,6797,24.00000,17.90000,23.10000,54.80000,12.00000,14.40000,9.90000,420.36191
2019-10-11 22:07:58 UTC,6798,24.00000,17.90000,23.10000,54.50000,11.90000,14.30000,9.90000,420.43234
2019-10-11 22:08:58 UTC,6799,24.00000,17.90000,23.10000,54.60000,11.90000,14.30000,9.90000,420.59824
2019-10-11 22:09:58 UTC,6800,24.00000,17.90000,23.10000,54.50000,11.90000,14.30000,9.90000,420.70758
2019-10-11 22:10:58 UTC,6801,24.00000,17.90000,23.10000,54.60000,11.90000,14.30000,9.90000,420.58020
2019-10-11 22:11:58 UTC,6802,24.00000,17.90000,23.10000,54.50000,11.90000,14.30000,9.90000,420.24359
2019-10-11 22:12:58 UTC,6803,24.00000,17.90000,23.10000,54.70000,11.90000,14.30000,9.90000,419.87164
2019-10-11 22:13:58 UTC,6804,24.00000,17.90000,23.10000,54.60000,11.90000,14.30000,9.90000,419.65125
2019-10-11 22:14:59 UTC,6805,24.00000,17.90000,23.10000,54.70000,11.90000,14.30000,9.90000,419.51575
2019-10-11 22:15:59 UTC,6806,24.00000,17.90000,23.10000,54.60000,11.90000,14.30000,9.90000,419.46234
2019-10-11 22:16:59 UTC,6807,24.00000,17.90000,23.10000,54.60000,11.90000,14.30000,9.90000,419.49026
2019-10-11 22:17:59 UTC,6808,24.00000,17.90000,23.10000,54.40000,11.90000,14.30000,9.90000,419.53629
2019-10-11 22:18:59 UTC,6809,24.00000,17.90000,23.10000,54.60000,11.90000,14.30000,9.90000,419.57571
2019-10-11 22:19:59 UTC,6810,24.00000,17.90000,23.10000,54.50000,11.90000,14.30000,9.90000,419.68579
2019-10-11 22:20:59 UTC,6811,24.00000,17.90000,23.10000,54.40000,11.90000,14.30000,10.00000,419.91635
2019-10-11 22:21:59 UTC,6812,24.00000,17.90000,23.10000,54.40000,11.90000,14.30000,10.00000,420.11618
2019-10-11 22:22:59 UTC,6813,24.00000,17.90000,23.10000,54.50000,11.90000,14.30000,9.90000,420.19440
2019-10-11 22:23:59 UTC,6814,24.00000,17.90000,23.10000,54.50000,11.90000,14.30000,9.90000,420.30753
2019-10-11 22:24:59 UTC,6815,24.00000,17.90000,23.10000,54.50000,11.90000,14.30000,9.90000,420.42380
2019-10-11 22:25:59 UTC,6816,24.00000,17.90000,23.10000,54.50000,11.90000,14.30000,9.90000,420.58023
2019-10-11 22:26:59 UTC,6817,24.00000,17.90000,23.10000,54.60000,11.90000,14.30000,9.90000,420.77820
2019-10-11 22:27:59 UTC,6818,24.00000,17.90000,23.00000,54.50000,11.90000,14.30000,9.90000,421.07803
2019-10-11 22:28:59 UTC,6819,24.00000,17.90000,23.10000,54.60000,11.90000,14.30000,9.90000,421.29935
2019-10-11 22:29:59 UTC,6820,24.00000,17.90000,23.10000,54.70000,11.90000,14.30000,9.90000,421.46771
2019-10-11 22:30:59 UTC,6821,24.00000,17.90000,23.10000,54.80000,12.00000,14.40000,9.90000,421.71304
2019-10-11 22:31:59 UTC,6822,24.00000,17.90000,23.10000,54.80000,12.00000,14.40000,9.90000,421.93887
2019-10-11 22:32:59 UTC,6823,24.00000,17.90000,23.10000,54.60000,11.90000,14.30000,9.90000,422.08109
2019-10-11 22:33:59 UTC,6824,24.00000,17.90000,23.10000,54.80000,12.00000,14.40000,9.90000,422.20517
2019-10-11 22:34:59 UTC,6825,24.00000,17.90000,23.10000,54.60000,11.90000,14.30000,9.90000,422.29697
2019-10-11 22:35:59 UTC,6826,24.00000,17.90000,23.10000,54.70000,11.90000,14.30000,9.90000,422.31506
2019-10-11 22:36:59 UTC,6827,24.00000,18.00000,23.10000,54.90000,12.00000,14.40000,9.80000,422.23019
2019-10-11 22:37:59 UTC,6828,24.00000,18.00000,23.10000,54.80000,12.00000,14.40000,9.90000,422.14081
2019-10-11 22:38:59 UTC,6829,24.00000,17.90000,23.10000,55.00000,12.00000,14.40000,9.80000,421.95291
2019-10-11 22:39:59 UTC,6830,24.00000,17.90000,23.10000,54.80000,12.00000,14.40000,9.90000,421.70547
2019-10-11 22:40:59 UTC,6831,24.00000,18.00000,23.10000,54.90000,12.00000,14.40000,9.80000,421.54089
2019-10-11 22:41:59 UTC,6832,24.00000,17.90000,23.10000,54.80000,12.00000,14.40000,9.90000,421.22485
2019-10-11 22:42:59 UTC,6833,24.00000,17.90000,23.10000,54.80000,12.00000,14.40000,9.90000,420.82422
2019-10-11 22:43:59 UTC,6834,24.00000,18.00000,23.10000,54.80000,12.00000,14.40000,9.90000,420.25323
2019-10-11 22:44:59 UTC,6835,24.00000,17.90000,23.10000,54.40000,11.90000,14.30000,10.00000,419.84448
2019-10-11 22:45:59 UTC,6836,24.00000,17.90000,23.10000,54.40000,11.90000,14.30000,10.00000,419.69479
2019-10-11 22:46:59 UTC,6837,24.00000,17.90000,23.10000,54.40000,11.90000,14.30000,10.00000,419.62268
2019-10-11 22:47:59 UTC,6838,24.00000,17.90000,23.10000,54.60000,11.90000,14.30000,9.90000,419.74731
2019-10-11 22:48:59 UTC,6839,24.00000,17.90000,23.10000,54.30000,11.90000,14.30000,10.00000,419.81708
2019-10-11 22:49:59 UTC,6840,24.00000,17.90000,23.10000,54.40000,11.90000,14.30000,10.00000,419.87561
2019-10-11 22:50:59 UTC,6841,24.00000,17.90000,23.10000,54.50000,11.90000,14.30000,9.90000,420.00427
2019-10-11 22:51:59 UTC,6842,24.00000,17.90000,23.10000,54.70000,12.00000,14.40000,9.90000,420.23212
2019-10-11 22:52:59 UTC,6843,24.00000,17.90000,23.10000,54.70000,11.90000,14.30000,9.90000,420.50531
2019-10-11 22:53:59 UTC,6844,24.00000,17.90000,23.10000,54.60000,11.90000,14.30000,9.90000,420.60388
2019-10-11 22:54:59 UTC,6845,24.10000,17.90000,23.10000,54.40000,11.90000,14.30000,10.00000,420.69678
2019-10-11 22:55:59 UTC,6846,24.10000,17.90000,23.10000,54.50000,11.90000,14.30000,10.00000,420.76193
2019-10-11 22:56:59 UTC,6847,24.10000,18.00000,23.10000,54.50000,11.90000,14.30000,10.00000,420.70334
2019-10-11 22:57:59 UTC,6848,24.10000,17.90000,23.10000,54.30000,11.90000,14.30000,10.00000,420.64536
2019-10-11 22:58:59 UTC,6849,24.10000,17.90000,23.10000,54.40000,11.90000,14.30000,10.00000,420.54007
2019-10-11 22:59:59 UTC,6850,24.10000,18.00000,23.10000,54.50000,11.90000,14.30000,10.00000,420.43735
2019-10-11 23:00:59 UTC,6851,24.10000,18.00000,23.10000,54.50000,11.90000,14.30000,10.00000,420.32330
2019-10-11 23:01:59 UTC,6852,24.10000,17.90000,23.10000,54.10000,11.90000,14.30000,10.10000,420.27884
2019-10-11 23:02:59 UTC,6853,24.10000,18.00000,23.10000,54.40000,11.90000,14.30000,10.00000,420.25830
2019-10-11 23:03:59 UTC,6854,24.10000,17.90000,23.10000,54.20000,11.90000,14.30000,10.10000,420.24033
2019-10-11 23:04:59 UTC,6855,24.10000,17.90000,23.10000,54.10000,11.90000,14.30000,10.10000,420.22449
2019-10-11 23:05:59 UTC,6856,24.10000,17.90000,23.10000,54.00000,11.90000,14.30000,10.10000,420.18387
2019-10-11 23:06:59 UTC,6857,24.10000,17.90000,23.10000,54.10000,11.90000,14.30000,10.10000,420.18854
2019-10-11 23:07:59 UTC,6858,24.10000,18.00000,23.10000,54.40000,11.90000,14.30000,10.00000,420.22775
2019-10-11 23:08:59 UTC,6859,24.10000,17.90000,23.10000,54.00000,11.90000,14.20000,10.10000,420.17935
2019-10-11 23:09:59 UTC,6860,24.10000,18.00000,23.20000,54.20000,11.90000,14.30000,10.10000,420.07291
2019-10-11 23:10:59 UTC,6861,24.10000,18.00000,23.20000,54.40000,11.90000,14.40000,10.00000,419.94742
2019-10-11 23:11:59 UTC,6862,24.10000,18.00000,23.20000,54.30000,11.90000,14.30000,10.10000,419.74756
2019-10-11 23:12:59 UTC,6863,24.10000,18.00000,23.20000,54.20000,11.90000,14.30000,10.10000,419.58328
2019-10-11 23:13:59 UTC,6864,24.10000,18.00000,23.20000,54.30000,11.90000,14.40000,10.00000,419.45062
2019-10-11 23:14:59 UTC,6865,24.10000,18.00000,23.20000,54.30000,12.00000,14.40000,10.00000,419.32593
2019-10-11 23:15:59 UTC,6866,24.20000,18.00000,23.20000,54.30000,12.00000,14.40000,10.10000,419.03979
2019-10-11 23:16:59 UTC,6867,24.20000,18.00000,23.20000,54.10000,11.90000,14.30000,10.10000,418.73413
2019-10-11 23:17:59 UTC,6868,24.20000,18.00000,23.20000,54.20000,12.00000,14.40000,10.10000,418.53598
2019-10-11 23:18:59 UTC,6869,24.20000,18.00000,23.20000,54.20000,12.00000,14.40000,10.10000,418.28607
2019-10-11 23:19:59 UTC,6870,24.20000,18.00000,23.20000,54.10000,12.00000,14.40000,10.10000,418.04486
2019-10-11 23:20:59 UTC,6871,24.20000,18.00000,23.20000,54.10000,12.00000,14.40000,10.10000,417.69321
2019-10-11 23:21:59 UTC,6872,24.30000,18.00000,23.20000,54.00000,12.00000,14.40000,10.20000,417.28891
2019-10-11 23:22:59 UTC,6873,24.30000,18.00000,23.20000,53.90000,11.90000,14.40000,10.20000,416.85526
2019-10-11 23:23:59 UTC,6874,24.30000,18.10000,23.20000,54.00000,12.00000,14.40000,10.20000,416.78217
2019-10-11 23:25:00 UTC,6875,24.30000,18.10000,23.20000,54.20000,12.00000,14.40000,10.20000,416.72214
2019-10-11 23:25:59 UTC,6876,24.30000,18.10000,23.30000,54.10000,12.00000,14.40000,10.20000,416.64645
2019-10-11 23:26:59 UTC,6877,24.30000,18.10000,23.30000,53.90000,12.00000,14.40000,10.30000,416.59933
2019-10-11 23:27:59 UTC,6878,24.40000,18.10000,23.30000,53.70000,12.00000,14.40000,10.30000,416.54404
2019-10-11 23:29:00 UTC,6879,24.30000,18.10000,23.30000,53.80000,12.00000,14.40000,10.30000,416.53278
2019-10-11 23:29:59 UTC,6880,24.40000,18.10000,23.30000,53.60000,12.00000,14.40000,10.40000,416.49582
2019-10-11 23:31:00 UTC,6881,24.40000,18.10000,23.30000,53.60000,12.00000,14.40000,10.40000,416.45706
2019-10-11 23:31:59 UTC,6882,24.40000,18.10000,23.30000,53.40000,12.00000,14.40000,10.40000,416.45380
2019-10-11 23:33:00 UTC,6883,24.50000,18.10000,23.40000,53.50000,12.00000,14.40000,10.40000,416.42154
2019-10-11 23:33:59 UTC,6884,24.50000,18.20000,23.40000,53.60000,12.00000,14.50000,10.40000,416.38712
2019-10-11 23:35:00 UTC,6885,24.50000,18.10000,23.40000,53.40000,12.00000,14.40000,10.50000,416.36182
2019-10-11 23:36:00 UTC,6886,24.50000,18.10000,23.40000,53.40000,12.00000,14.40000,10.50000,416.33917
2019-10-11 23:37:00 UTC,6887,24.50000,18.20000,23.40000,53.50000,12.00000,14.50000,10.40000,416.35913
2019-10-11 23:37:59 UTC,6888,24.50000,18.20000,23.50000,53.40000,12.00000,14.40000,10.50000,416.42719
2019-10-11 23:39:00 UTC,6889,24.60000,18.20000,23.50000,53.10000,12.00000,14.40000,10.60000,416.57629
2019-10-11 23:40:00 UTC,6890,24.60000,18.20000,23.50000,52.80000,12.00000,14.40000,10.70000,416.67422
2019-10-11 23:41:00 UTC,6891,24.60000,18.20000,23.50000,53.00000,12.00000,14.40000,10.60000,416.69485
2019-10-11 23:41:59 UTC,6892,24.70000,18.20000,23.50000,53.00000,12.00000,14.40000,10.70000,416.74619
2019-10-11 23:43:00 UTC,6893,24.70000,18.20000,23.50000,52.90000,12.00000,14.40000,10.70000,416.79874
2019-10-11 23:44:00 UTC,6894,24.70000,18.30000,23.50000,52.90000,12.00000,14.50000,10.70000,416.78561
2019-10-11 23:45:00 UTC,6895,24.80000,18.30000,23.60000,52.90000,12.00000,14.50000,10.70000,416.73868
2019-10-11 23:46:00 UTC,6896,24.70000,18.30000,23.60000,53.00000,12.10000,14.50000,10.70000,416.64944
2019-10-11 23:47:00 UTC,6897,24.80000,18.30000,23.60000,52.70000,12.00000,14.50000,10.80000,416.50424
2019-10-11 23:48:00 UTC,6898,24.80000,18.30000,23.60000,52.70000,12.10000,14.50000,10.80000,416.33572
2019-10-11 23:49:00 UTC,6899,24.90000,18.30000,23.70000,52.70000,12.10000,14.50000,10.80000,416.18054
2019-10-11 23:50:00 UTC,6900,24.90000,18.40000,23.70000,52.70000,12.10000,14.60000,10.90000,416.08157
2019-10-11 23:51:00 UTC,6901,24.90000,18.40000,23.70000,52.60000,12.10000,14.60000,10.90000,416.02737
2019-10-11 23:52:00 UTC,6902,24.90000,18.30000,23.70000,52.50000,12.10000,14.50000,10.90000,416.02551
2019-10-11 23:53:00 UTC,6903,24.90000,18.40000,23.70000,52.50000,12.10000,14.60000,10.90000,415.99670
2019-10-11 23:54:00 UTC,6904,25.00000,18.40000,23.70000,52.50000,12.10000,14.60000,11.00000,415.96030
2019-10-11 23:55:00 UTC,6905,25.00000,18.40000,23.80000,52.50000,12.10000,14.60000,11.00000,415.90091
2019-10-11 23:56:00 UTC,6906,25.00000,18.40000,23.80000,52.50000,12.10000,14.60000,11.00000,415.77573
2019-10-11 23:57:00 UTC,6907,25.00000,18.40000,23.80000,52.30000,12.10000,14.60000,11.00000,415.61801
2019-10-11 23:58:00 UTC,6908,25.00000,18.40000,23.80000,52.40000,12.10000,14.60000,11.00000,415.42389
2019-10-11 23:59:00 UTC,6909,25.00000,18.40000,23.80000,52.20000,12.10000,14.60000,11.10000,415.13901
2019-10-12 00:00:00 UTC,6910,25.00000,18.40000,23.80000,52.30000,12.10000,14.60000,11.00000,414.81522
2019-10-12 00:01:00 UTC,6911,25.10000,18.50000,23.90000,52.40000,12.10000,14.60000,11.00000,414.44580
2019-10-12 00:02:00 UTC,6912,25.10000,18.50000,23.90000,52.40000,12.20000,14.70000,11.00000,413.94226
2019-10-12 00:03:00 UTC,6913,25.10000,18.50000,23.90000,52.50000,12.20000,14.70000,11.00000,413.45438
2019-10-12 00:04:00 UTC,6914,25.10000,18.50000,23.90000,52.40000,12.20000,14.70000,11.10000,412.99783
2019-10-12 00:05:00 UTC,6915,25.20000,18.50000,23.90000,52.30000,12.20000,14.70000,11.10000,412.66046
2019-10-12 00:06:00 UTC,6916,25.20000,18.50000,23.90000,52.20000,12.20000,14.70000,11.10000,412.30121
2019-10-12 00:07:00 UTC,6917,25.20000,18.50000,23.90000,52.00000,12.20000,14.70000,11.20000,411.95636
2019-10-12 00:08:00 UTC,6918,25.20000,18.50000,23.90000,52.00000,12.20000,14.70000,11.20000,411.51675
2019-10-12 00:09:00 UTC,6919,25.20000,18.60000,23.90000,52.20000,12.20000,14.70000,11.20000,411.14316
2019-10-12 00:10:00 UTC,6920,25.20000,18.60000,23.90000,52.20000,12.20000,14.70000,11.20000,410.70090
2019-10-12 00:11:00 UTC,6921,25.30000,18.60000,23.90000,51.90000,12.20000,14.70000,11.30000,410.24048
2019-10-12 00:12:00 UTC,6922,25.30000,18.60000,24.00000,51.90000,12.20000,14.70000,11.30000,409.72449
2019-10-12 00:13:00 UTC,6923,25.30000,18.60000,24.00000,51.80000,12.20000,14.70000,11.30000,409.14066
2019-10-12 00:14:00 UTC,6924,25.40000,18.60000,24.00000,51.80000,12.20000,14.80000,11.40000,408.56400
2019-10-12 00:15:00 UTC,6925,25.40000,18.60000,24.00000,51.70000,12.20000,14.80000,11.40000,408.15826
2019-10-12 00:16:00 UTC,6926,25.40000,18.70000,24.00000,51.70000,12.20000,14.80000,11.40000,407.70596
2019-10-12 00:17:00 UTC,6927,25.40000,18.70000,24.00000,51.70000,12.20000,14.80000,11.40000,407.33038
2019-10-12 00:18:00 UTC,6928,25.50000,18.70000,24.00000,51.70000,12.30000,14.80000,11.50000,407.08694
2019-10-12 00:19:00 UTC,6929,25.50000,18.70000,24.10000,51.60000,12.30000,14.80000,11.50000,406.97351
2019-10-12 00:20:00 UTC,6930,25.50000,18.70000,24.10000,51.50000,12.30000,14.80000,11.50000,406.90479
2019-10-12 00:21:00 UTC,6931,25.60000,18.70000,24.10000,51.30000,12.20000,14.80000,11.60000,406.95316
2019-10-12 00:22:00 UTC,6932,25.60000,18.70000,24.10000,51.30000,12.30000,14.80000,11.60000,406.97519
2019-10-12 00:23:00 UTC,6933,25.60000,18.70000,24.10000,51.40000,12.30000,14.90000,11.60000,407.03323
2019-10-12 00:24:00 UTC,6934,25.70000,18.70000,24.20000,51.10000,12.30000,14.80000,11.70000,407.21649
2019-10-12 00:25:00 UTC,6935,25.70000,18.80000,24.20000,51.20000,12.30000,14.90000,11.70000,407.40875
2019-10-12 00:26:00 UTC,6936,25.70000,18.80000,24.20000,51.00000,12.30000,14.80000,11.80000,407.60141
2019-10-12 00:27:00 UTC,6937,25.70000,18.80000,24.20000,51.20000,12.30000,14.90000,11.80000,407.88068
2019-10-12 00:28:00 UTC,6938,25.70000,18.80000,24.20000,51.00000,12.30000,14.90000,11.80000,408.18054
2019-10-12 00:29:00 UTC,6939,25.80000,18.80000,24.20000,50.90000,12.30000,14.90000,11.90000,408.43097
2019-10-12 00:30:00 UTC,6940,25.80000,18.90000,24.20000,50.90000,12.30000,14.90000,11.90000,408.60916
2019-10-12 00:31:00 UTC,6941,25.90000,18.90000,24.20000,50.80000,12.30000,14.90000,11.90000,408.71045
2019-10-12 00:32:00 UTC,6942,25.90000,18.90000,24.30000,50.80000,12.30000,14.90000,11.90000,408.64871
2019-10-12 00:33:00 UTC,6943,25.90000,18.90000,24.30000,50.90000,12.40000,14.90000,11.90000,408.54095
2019-10-12 00:34:00 UTC,6944,25.90000,18.90000,24.30000,50.80000,12.40000,14.90000,12.00000,408.46948
2019-10-12 00:36:00 UTC,6945,26.00000,18.90000,24.30000,50.60000,12.40000,14.90000,12.10000,408.45175
2019-10-12 00:37:00 UTC,6946,26.00000,18.90000,24.40000,50.50000,12.40000,15.00000,12.10000,408.50085
2019-10-12 00:38:00 UTC,6947,26.00000,18.90000,24.40000,50.50000,12.40000,14.90000,12.10000,408.58890
2019-10-12 00:39:00 UTC,6948,26.00000,19.00000,24.40000,50.50000,12.40000,15.00000,12.10000,408.68857
2019-10-12 00:40:00 UTC,6949,26.10000,19.00000,24.40000,50.40000,12.40000,15.00000,12.20000,408.76761
2019-10-12 00:41:01 UTC,6950,26.10000,19.00000,24.40000,50.40000,12.40000,15.00000,12.20000,408.85852
2019-10-12 00:42:01 UTC,6951,26.10000,19.00000,24.40000,50.20000,12.40000,15.00000,12.20000,408.88058
2019-10-12 00:43:01 UTC,6952,26.10000,19.00000,24.50000,50.40000,12.40000,15.00000,12.20000,408.89432
2019-10-12 00:44:00 UTC,6953,26.10000,19.00000,24.50000,50.40000,12.40000,15.10000,12.20000,408.89035
2019-10-12 00:45:00 UTC,6954,26.20000,19.00000,24.50000,50.40000,12.40000,15.10000,12.20000,408.90216
2019-10-12 00:46:00 UTC,6955,26.20000,19.00000,24.50000,50.10000,12.40000,15.00000,12.40000,408.86365
2019-10-12 00:47:00 UTC,6956,26.20000,19.10000,24.50000,50.20000,12.40000,15.10000,12.30000,408.81339
2019-10-12 00:48:00 UTC,6957,26.30000,19.10000,24.60000,50.10000,12.40000,15.10000,12.40000,408.76657
2019-10-12 00:49:01 UTC,6958,26.30000,19.10000,24.60000,49.90000,12.40000,15.00000,12.50000,408.67865
2019-10-12 00:50:00 UTC,6959,26.30000,19.10000,24.60000,50.10000,12.50000,15.10000,12.40000,408.60400
2019-10-12 00:51:00 UTC,6960,26.30000,19.10000,24.60000,50.00000,12.40000,15.10000,12.50000,408.46997
2019-10-12 00:52:00 UTC,6961,26.30000,19.10000,24.60000,50.10000,12.50000,15.10000,12.40000,408.27856
2019-10-12 00:53:00 UTC,6962,26.30000,19.10000,24.60000,50.10000,12.50000,15.10000,12.40000,407.99081
2019-10-12 00:54:01 UTC,6963,26.10000,19.00000,24.60000,49.90000,12.30000,14.90000,12.30000,407.70413
2019-10-12 00:55:00 UTC,6964,26.00000,18.70000,24.60000,49.00000,12.00000,14.40000,12.40000,407.24417
2019-10-12 00:56:00 UTC,6965,25.50000,18.20000,24.50000,48.30000,11.50000,13.80000,12.30000,406.49634
2019-10-12 00:57:00 UTC,6966,25.50000,18.10000,24.40000,47.80000,11.40000,13.60000,12.40000,405.56476
2019-10-12 00:58:01 UTC,6967,25.60000,18.10000,24.40000,47.60000,11.40000,13.60000,12.50000,404.63751
2019-10-12 00:59:00 UTC,6968,25.40000,18.10000,24.20000,48.00000,11.40000,13.60000,12.30000,403.80075
2019-10-12 01:00:01 UTC,6969,25.40000,18.00000,24.00000,47.90000,11.30000,13.60000,12.30000,403.09763
2019-10-12 01:01:01 UTC,6970,25.40000,18.00000,23.90000,47.50000,11.30000,13.50000,12.40000,402.53247
2019-10-12 01:02:03 UTC,6971,25.40000,18.00000,24.00000,47.70000,11.30000,13.60000,12.40000,402.08820
2019-10-12 01:03:02 UTC,6972,25.40000,17.80000,24.00000,47.00000,11.10000,13.30000,12.50000,401.74139
2019-10-12 01:04:02 UTC,6973,25.30000,17.70000,24.00000,46.60000,11.00000,13.10000,12.60000,401.47000
2019-10-12 01:05:02 UTC,6974,25.30000,17.70000,24.00000,46.30000,10.90000,13.00000,12.60000,401.25598
2019-10-12 01:06:02 UTC,6975,25.40000,17.70000,24.00000,46.00000,10.90000,12.90000,12.70000,401.08539
2019-10-12 01:07:02 UTC,6976,25.30000,17.60000,24.00000,45.50000,10.70000,12.70000,12.90000,400.94788
2019-10-12 01:08:02 UTC,6977,25.40000,17.60000,24.00000,45.00000,10.70000,12.60000,13.00000,400.83578
2019-10-12 01:09:02 UTC,6978,25.40000,17.60000,24.10000,45.30000,10.70000,12.80000,13.00000,400.74329
2019-10-12 01:10:02 UTC,6979,25.40000,17.60000,24.10000,45.40000,10.70000,12.70000,12.90000,400.66614
2019-10-12 01:11:02 UTC,6980,25.30000,17.50000,24.10000,45.20000,10.60000,12.60000,12.90000,400.60123
2019-10-12 01:12:02 UTC,6981,25.30000,17.40000,24.20000,44.60000,10.50000,12.40000,13.00000,400.54593
2019-10-12 01:13:02 UTC,6982,25.40000,17.40000,24.10000,44.50000,10.50000,12.40000,13.10000,400.49860
2019-10-12 01:14:02 UTC,6983,25.40000,17.50000,24.10000,45.00000,10.60000,12.60000,13.00000,400.45767
2019-10-12 01:15:02 UTC,6984,25.40000,17.50000,24.00000,45.00000,10.60000,12.60000,13.00000,400.42212
2019-10-12 01:16:02 UTC,6985,25.50000,17.60000,24.00000,45.00000,10.70000,12.70000,13.00000,400.39096
2019-10-12 01:17:02 UTC,6986,25.40000,17.50000,24.00000,45.10000,10.60000,12.60000,13.00000,400.36346
2019-10-12 01:18:02 UTC,6987,25.40000,17.50000,24.00000,44.70000,10.60000,12.50000,13.10000,400.33908
2019-10-12 01:19:02 UTC,6988,25.50000,17.50000,24.00000,44.10000,10.50000,12.40000,13.30000,400.31738
2019-10-12 01:20:02 UTC,6989,25.60000,17.50000,24.00000,43.90000,10.50000,12.40000,13.40000,400.29794
2019-10-12 01:21:05 UTC,6990,25.70000,17.60000,24.00000,44.00000,10.60000,12.50000,13.40000,400.28043
2019-10-12 01:22:04 UTC,6991,25.60000,17.60000,24.00000,44.20000,10.60000,12.60000,13.40000,400.26462
2019-10-12 01:23:04 UTC,6992,25.50000,17.50000,24.00000,44.10000,10.50000,12.40000,13.30000,400.25027
2019-10-12 01:24:04 UTC,6993,25.60000,17.40000,24.00000,43.60000,10.40000,12.30000,13.50000,400.23724
2019-10-12 01:25:04 UTC,6994,25.60000,17.40000,24.00000,43.40000,10.40000,12.30000,13.50000,400.22534
2019-10-12 01:26:04 UTC,6995,25.70000,17.50000,23.90000,43.60000,10.50000,12.40000,13.50000,400.21442
2019-10-12 01:27:05 UTC,6996,25.70000,17.50000,23.90000,43.70000,10.50000,12.40000,13.50000,400.20441
2019-10-12 01:28:04 UTC,6997,25.80000,17.70000,24.00000,43.80000,10.60000,12.60000,13.60000,400.19519
2019-10-12 01:29:04 UTC,6998,26.00000,17.80000,24.00000,43.40000,10.60000,12.60000,13.90000,400.18665
2019-10-12 01:30:04 UTC,6999,25.90000,17.70000,24.00000,43.90000,10.60000,12.60000,13.60000,400.17874
2019-10-12 01:31:04 UTC,7000,25.80000,17.60000,24.00000,43.70000,10.60000,12.50000,13.60000,400.17142
2019-10-12 01:32:04 UTC,7001,25.90000,17.70000,24.00000,43.50000,10.60000,12.60000,13.70000,400.16461
2019-10-12 01:33:04 UTC,7002,25.80000,17.70000,24.00000,43.90000,10.60000,12.60000,13.60000,400.15823
2019-10-12 01:34:04 UTC,7003,26.00000,17.70000,24.00000,43.30000,10.60000,12.50000,13.80000,400.15228
2019-10-12 01:35:04 UTC,7004,26.00000,17.70000,24.00000,43.20000,10.60000,12.50000,13.90000,400.14673
2019-10-12 01:36:04 UTC,7005,26.00000,17.70000,24.00000,43.00000,10.50000,12.50000,13.90000,400.14151
2019-10-12 01:37:04 UTC,7006,25.90000,17.60000,24.00000,43.20000,10.50000,12.40000,13.80000,400.13663
2019-10-12 01:38:04 UTC,7007,25.90000,17.60000,24.10000,43.00000,10.40000,12.40000,13.90000,400.13202
2019-10-12 01:39:04 UTC,7008,26.00000,17.60000,24.10000,42.30000,10.30000,12.20000,14.10000,400.12762
2019-10-12 01:40:04 UTC,7009,26.20000,17.60000,24.10000,41.80000,10.30000,12.20000,14.40000,400.12360
2019-10-12 01:41:04 UTC,7010,26.20000,17.70000,24.10000,42.10000,10.40000,12.30000,14.30000,400.11972
2019-10-12 01:42:04 UTC,7011,26.20000,17.70000,24.10000,42.20000,10.40000,12.40000,14.30000,400.11606
2019-10-12 01:43:04 UTC,7012,26.20000,17.70000,24.10000,42.20000,10.50000,12.40000,14.30000,400.11261
2019-10-12 01:44:04 UTC,7013,26.20000,17.70000,24.10000,42.20000,10.40000,12.40000,14.30000,400.10931
2019-10-12 01:45:04 UTC,7014,26.10000,17.60000,24.10000,42.40000,10.40000,12.30000,14.20000,400.10620
2019-10-12 01:46:04 UTC,7015,26.20000,17.60000,24.20000,42.00000,10.40000,12.30000,14.30000,400.10327
2019-10-12 01:47:04 UTC,7016,26.60000,17.80000,24.20000,41.20000,10.40000,12.40000,14.90000,400.10034
2019-10-12 01:48:04 UTC,7017,26.60000,17.90000,24.20000,41.50000,10.50000,12.50000,14.80000,400.10446
2019-10-12 01:49:04 UTC,7018,26.60000,18.00000,24.20000,41.70000,10.60000,12.60000,14.80000,400.18207
2019-10-12 01:50:04 UTC,7019,26.30000,17.80000,24.20000,42.00000,10.50000,12.40000,14.40000,400.33405
2019-10-12 01:51:04 UTC,7020,26.30000,17.70000,24.20000,41.80000,10.40000,12.30000,14.50000,400.46289
2019-10-12 01:52:04 UTC,7021,26.30000,17.70000,24.20000,41.60000,10.40000,12.30000,14.60000,400.59161
2019-10-12 01:53:04 UTC,7022,26.30000,17.70000,24.20000,41.50000,10.30000,12.20000,14.60000,400.73737
2019-10-12 01:54:04 UTC,7023,26.50000,17.70000,24.20000,41.10000,10.30000,12.20000,14.80000,400.93185
2019-10-12 01:55:04 UTC,7024,26.40000,17.70000,24.20000,41.30000,10.30000,12.20000,14.70000,401.27460
2019-10-12 01:56:04 UTC,7025,26.40000,17.70000,24.20000,41.50000,10.40000,12.30000,14.60000,401.49698
2019-10-12 01:57:04 UTC,7026,26.60000,17.70000,24.30000,40.70000,10.30000,12.20000,15.00000,401.45648
2019-10-12 01:58:04 UTC,7027,26.50000,17.60000,24.30000,40.30000,10.10000,11.90000,15.00000,401.36133
2019-10-12 01:59:04 UTC,7028,26.40000,17.40000,24.30000,39.70000,9.90000,11.60000,15.10000,401.25476
2019-10-12 02:00:04 UTC,7029,26.60000,17.50000,24.30000,39.50000,10.00000,11.70000,15.30000,401.15698
2019-10-12 02:01:04 UTC,7030,26.50000,17.50000,24.40000,39.70000,10.00000,11.70000,15.20000,401.06784
2019-10-12 02:02:04 UTC,7031,26.90000,17.60000,24.40000,39.10000,10.00000,11.80000,15.60000,400.98679
2019-10-12 02:03:04 UTC,7032,26.80000,17.70000,24.40000,39.70000,10.20000,12.00000,15.50000,400.91321
2019-10-12 02:04:04 UTC,7033,26.70000,17.70000,24.40000,40.20000,10.20000,12.10000,15.20000,400.84656
2019-10-12 02:05:05 UTC,7034,26.70000,17.70000,24.40000,40.20000,10.20000,12.10000,15.20000,400.78610
2019-10-12 02:06:04 UTC,7035,26.80000,17.70000,24.40000,39.80000,10.20000,12.00000,15.40000,400.73138
2019-10-12 02:07:04 UTC,7036,26.80000,17.70000,24.40000,39.80000,10.20000,12.00000,15.40000,400.68176
2019-10-12 02:08:04 UTC,7037,26.80000,17.70000,24.50000,39.90000,10.20000,12.00000,15.30000,400.63687
2019-10-12 02:09:05 UTC,7038,26.80000,17.70000,24.50000,39.60000,10.10000,11.90000,15.40000,400.59595
2019-10-12 02:10:04 UTC,7039,26.90000,17.70000,24.50000,39.00000,10.00000,11.80000,15.70000,400.55878
2019-10-12 02:11:05 UTC,7040,26.90000,17.70000,24.50000,39.10000,10.00000,11.80000,15.60000,400.52490
2019-10-12 02:12:04 UTC,7041,26.90000,17.70000,24.50000,39.30000,10.10000,11.90000,15.60000,400.49399
2019-10-12 02:13:04 UTC,7042,26.80000,17.70000,24.50000,39.90000,10.20000,12.00000,15.30000,400.46573
2019-10-12 02:14:04 UTC,7043,26.60000,17.70000,24.50000,40.20000,10.20000,12.00000,15.10000,400.43991
2019-10-12 02:15:04 UTC,7044,26.90000,17.70000,24.50000,39.50000,10.10000,12.00000,15.50000,400.41620
2019-10-12 02:16:04 UTC,7045,26.90000,17.70000,24.40000,39.30000,10.10000,11.90000,15.60000,400.39438
2019-10-12 02:17:05 UTC,7046,26.70000,17.70000,24.50000,39.90000,10.20000,12.00000,15.30000,400.37427
2019-10-12 02:18:04 UTC,7047,26.50000,17.60000,24.40000,40.40000,10.20000,12.00000,15.00000,400.35577
2019-10-12 02:19:04 UTC,7048,26.50000,17.60000,24.40000,40.30000,10.10000,11.90000,15.00000,400.33865
2019-10-12 02:20:05 UTC,7049,26.50000,17.60000,24.40000,40.20000,10.10000,11.90000,15.00000,400.32278
2019-10-12 02:21:04 UTC,7050,26.60000,17.60000,24.40000,39.60000,10.00000,11.80000,15.30000,400.30804
2019-10-12 02:22:04 UTC,7051,26.50000,17.60000,24.40000,40.30000,10.10000,11.90000,15.00000,400.29437
2019-10-12 02:23:05 UTC,7052,26.50000,17.50000,24.40000,40.00000,10.00000,11.80000,15.10000,400.28165
2019-10-12 02:24:05 UTC,7053,26.70000,17.60000,24.40000,39.50000,10.00000,11.80000,15.40000,400.26981
2019-10-12 02:25:05 UTC,7054,26.80000,17.70000,24.50000,39.30000,10.10000,11.80000,15.60000,400.25876
2019-10-12 02:26:05 UTC,7055,27.00000,17.70000,24.50000,38.70000,10.00000,11.80000,15.80000,400.24838
2019-10-12 02:27:05 UTC,7056,26.90000,17.70000,24.50000,38.70000,10.00000,11.70000,15.80000,400.23868
2019-10-12 02:28:05 UTC,7057,26.80000,17.60000,24.50000,38.70000,9.90000,11.60000,15.70000,400.22961
2019-10-12 02:29:05 UTC,7058,27.00000,17.60000,24.50000,38.40000,9.90000,11.60000,15.90000,400.22107
2019-10-12 02:30:04 UTC,7059,26.80000,17.60000,24.50000,38.80000,10.00000,11.70000,15.70000,400.21304
2019-10-12 02:31:05 UTC,7060,26.80000,17.60000,24.60000,39.00000,10.00000,11.70000,15.60000,400.20551
2019-10-12 02:32:05 UTC,7061,26.90000,17.60000,24.60000,38.40000,9.90000,11.60000,15.90000,400.19839
2019-10-12 02:33:05 UTC,7062,27.10000,17.60000,24.60000,38.10000,9.90000,11.60000,16.10000,400.19168
2019-10-12 02:34:05 UTC,7063,26.90000,17.60000,24.60000,38.50000,9.90000,11.70000,15.90000,400.18533
2019-10-12 02:35:05 UTC,7064,26.90000,17.60000,24.60000,38.60000,10.00000,11.70000,15.80000,400.17932
2019-10-12 02:36:05 UTC,7065,27.00000,17.60000,24.60000,38.30000,9.90000,11.60000,16.00000,400.17361
2019-10-12 02:37:05 UTC,7066,27.00000,17.70000,24.60000,38.70000,10.00000,11.80000,15.90000,400.16818
2019-10-12 02:38:05 UTC,7067,26.80000,17.60000,24.70000,39.00000,10.00000,11.70000,15.60000,400.16306
2019-10-12 02:39:05 UTC,7068,26.80000,17.60000,24.70000,38.80000,9.90000,11.60000,15.70000,400.15823
2019-10-12 02:40:07 UTC,7069,27.00000,17.70000,24.70000,38.30000,9.90000,11.70000,16.00000,400.15359
2019-10-12 02:41:06 UTC,7070,27.00000,17.70000,24.70000,38.60000,10.00000,11.70000,15.90000,400.14920
2019-10-12 02:42:06 UTC,7071,27.10000,17.70000,24.70000,38.00000,9.90000,11.60000,16.20000,400.14502
2019-10-12 02:43:06 UTC,7072,26.80000,17.60000,24.70000,38.80000,9.90000,11.70000,15.70000,400.14099
2019-10-12 02:44:06 UTC,7073,26.80000,17.60000,24.70000,38.90000,9.90000,11.70000,15.60000,400.13721
2019-10-12 02:45:07 UTC,7074,26.80000,17.60000,24.70000,38.90000,9.90000,11.60000,15.60000,400.13354
2019-10-12 02:46:06 UTC,7075,26.80000,17.50000,24.70000,38.80000,9.90000,11.60000,15.60000,400.13007
2019-10-12 02:47:06 UTC,7076,26.80000,17.50000,24.70000,38.90000,9.90000,11.60000,15.60000,400.12677
2019-10-12 02:48:06 UTC,7077,26.60000,17.50000,24.70000,39.00000,9.90000,11.60000,15.50000,400.12347
2019-10-12 02:49:06 UTC,7078,26.60000,17.50000,24.70000,39.00000,9.90000,11.60000,15.40000,400.12054
2019-10-12 02:50:06 UTC,7079,26.80000,17.50000,24.70000,38.50000,9.90000,11.50000,15.80000,400.11761
2019-10-12 02:51:07 UTC,7080,27.00000,17.60000,24.70000,38.30000,9.90000,11.60000,15.90000,400.11469
2019-10-12 02:52:07 UTC,7081,26.80000,17.50000,24.70000,38.70000,9.90000,11.50000,15.70000,400.11212
2019-10-12 02:53:06 UTC,7082,26.70000,17.50000,24.70000,38.80000,9.90000,11.50000,15.50000,400.10956
2019-10-12 02:54:06 UTC,7083,26.90000,17.60000,24.70000,38.30000,9.90000,11.50000,15.90000,400.10699
2019-10-12 02:55:06 UTC,7084,26.90000,17.60000,24.70000,38.30000,9.90000,11.50000,15.90000,400.10458
2019-10-12 02:56:07 UTC,7085,26.80000,17.50000,24.70000,38.50000,9.80000,11.50000,15.70000,400.10239
2019-10-12 02:57:06 UTC,7086,26.60000,17.50000,24.70000,39.10000,9.90000,11.60000,15.40000,400.10019
2019-10-12 02:58:07 UTC,7087,26.60000,17.50000,24.70000,39.10000,9.90000,11.60000,15.40000,400.09799
2019-10-12 02:59:07 UTC,7088,26.60000,17.50000,24.70000,39.20000,9.90000,11.60000,15.40000,400.09579
2019-10-12 03:00:06 UTC,7089,26.50000,17.40000,24.70000,39.30000,9.90000,11.60000,15.30000,400.09393
2019-10-12 03:01:07 UTC,7090,26.50000,17.40000,24.70000,39.20000,9.90000,11.50000,15.30000,400.09210
2019-10-12 03:02:06 UTC,7091,26.60000,17.40000,24.70000,39.00000,9.80000,11.50000,15.40000,400.09027
2019-10-12 03:03:07 UTC,7092,26.70000,17.50000,24.70000,38.70000,9.80000,11.50000,15.60000,400.08844
2019-10-12 03:04:07 UTC,7093,26.70000,17.50000,24.70000,38.70000,9.90000,11.50000,15.60000,400.08661
2019-10-12 03:05:06 UTC,7094,26.60000,17.50000,24.70000,39.20000,9.90000,11.60000,15.40000,400.08487
2019-10-12 03:06:06 UTC,7095,26.60000,17.50000,24.70000,39.00000,9.90000,11.60000,15.40000,400.08340
2019-10-12 03:07:07 UTC,7096,26.60000,17.40000,24.70000,39.10000,9.90000,11.50000,15.40000,400.08194
2019-10-12 03:08:07 UTC,7097,26.50000,17.40000,24.70000,39.00000,9.80000,11.40000,15.30000,400.08047
2019-10-12 03:09:07 UTC,7098,26.50000,17.30000,24.70000,38.90000,9.80000,11.30000,15.30000,400.07901
2019-10-12 03:10:07 UTC,7099,26.50000,17.30000,24.70000,38.70000,9.70000,11.30000,15.40000,400.07755
2019-10-12 03:11:07 UTC,7100,26.40000,17.30000,24.70000,38.90000,9.70000,11.30000,15.30000,400.07608
2019-10-12 03:12:07 UTC,7101,26.40000,17.30000,24.70000,39.10000,9.80000,11.40000,15.20000,400.07462
2019-10-12 03:13:07 UTC,7102,26.50000,17.30000,24.70000,39.00000,9.80000,11.40000,15.30000,400.07327
2019-10-12 03:14:07 UTC,7103,26.40000,17.30000,24.70000,38.90000,9.80000,11.30000,15.30000,400.07217
2019-10-12 03:15:07 UTC,7104,26.50000,17.30000,24.70000,38.80000,9.80000,11.40000,15.40000,400.07108
2019-10-12 03:16:07 UTC,7105,26.50000,17.30000,24.70000,38.80000,9.80000,11.40000,15.40000,400.06998
2019-10-12 03:17:07 UTC,7106,26.50000,17.30000,24.70000,38.80000,9.80000,11.40000,15.40000,400.06888
2019-10-12 03:18:07 UTC,7107,26.50000,17.30000,24.70000,39.00000,9.80000,11.40000,15.30000,400.06778
2019-10-12 03:19:07 UTC,7108,26.50000,17.30000,24.70000,38.90000,9.80000,11.40000,15.40000,400.06668
2019-10-12 03:20:07 UTC,7109,26.40000,17.30000,24.70000,39.10000,9.80000,11.40000,15.30000,400.06558
2019-10-12 03:21:07 UTC,7110,26.70000,17.40000,24.70000,38.40000,9.80000,11.40000,15.70000,400.06448
2019-10-12 03:22:07 UTC,7111,26.90000,17.50000,24.70000,38.10000,9.80000,11.40000,15.90000,400.06339
2019-10-12 03:23:08 UTC,7112,26.70000,17.50000,24.70000,38.60000,9.80000,11.50000,15.60000,400.06229
2019-10-12 03:24:07 UTC,7113,26.60000,17.40000,24.70000,38.80000,9.80000,11.50000,15.50000,400.06119
2019-10-12 03:25:07 UTC,7114,26.90000,17.50000,24.70000,38.00000,9.80000,11.40000,15.90000,400.06030
2019-10-12 03:26:07 UTC,7115,26.80000,17.50000,24.70000,38.30000,9.80000,11.40000,15.80000,400.05957
2019-10-12 03:27:07 UTC,7116,26.80000,17.50000,24.70000,38.40000,9.80000,11.50000,15.80000,400.05884
2019-10-12 03:28:07 UTC,7117,26.80000,17.50000,24.70000,38.40000,9.80000,11.50000,15.80000,400.05811
2019-10-12 03:29:07 UTC,7118,26.90000,17.50000,24.70000,38.10000,9.80000,11.40000,15.90000,400.05737
2019-10-12 03:30:07 UTC,7119,26.70000,17.50000,24.70000,38.60000,9.80000,11.50000,15.60000,400.05664
2019-10-12 03:31:07 UTC,7120,26.60000,17.40000,24.70000,38.90000,9.80000,11.50000,15.40000,400.05591
2019-10-12 03:32:07 UTC,7121,26.50000,17.30000,24.70000,38.70000,9.80000,11.40000,15.50000,400.05518
2019-10-12 03:33:07 UTC,7122,26.50000,17.30000,24.70000,38.80000,9.80000,11.40000,15.40000,400.05444
2019-10-12 03:34:07 UTC,7123,26.60000,17.30000,24.70000,38.50000,9.70000,11.30000,15.60000,400.05371
2019-10-12 03:35:07 UTC,7124,26.50000,17.30000,24.80000,38.60000,9.70000,11.30000,15.50000,400.05298
2019-10-12 03:36:07 UTC,7125,26.50000,17.30000,24.80000,38.70000,9.70000,11.30000,15.40000,400.05225
2019-10-12 03:37:07 UTC,7126,26.50000,17.30000,24.80000,38.60000,9.70000,11.20000,15.40000,400.05151
2019-10-12 03:38:07 UTC,7127,26.50000,17.30000,24.70000,38.60000,9.70000,11.20000,15.40000,400.05078
2019-10-12 03:39:07 UTC,7128,26.50000,17.30000,24.80000,38.50000,9.70000,11.20000,15.50000,400.05005
2019-10-12 03:40:07 UTC,7129,26.50000,17.30000,24.70000,38.40000,9.70000,11.20000,15.50000,400.04932
2019-10-12 03:41:07 UTC,7130,26.50000,17.30000,24.80000,38.40000,9.70000,11.20000,15.50000,400.04858
2019-10-12 03:42:07 UTC,7131,26.70000,17.30000,24.80000,37.90000,9.60000,11.20000,15.80000,400.04785
2019-10-12 03:43:07 UTC,7132,26.80000,17.30000,24.70000,37.80000,9.60000,11.20000,15.90000,400.04712
2019-10-12 03:44:07 UTC,7133,26.60000,17.30000,24.70000,38.20000,9.70000,11.20000,15.70000,400.04639
2019-10-12 03:45:07 UTC,7134,26.50000,17.20000,24.70000,38.20000,9.60000,11.10000,15.60000,400.04565
2019-10-12 03:46:07 UTC,7135,26.60000,17.30000,24.70000,37.90000,9.60000,11.10000,15.70000,400.04507
2019-10-12 03:47:07 UTC,7136,26.80000,17.30000,24.70000,37.50000,9.60000,11.10000,16.00000,400.04471
2019-10-12 03:48:07 UTC,7137,26.60000,17.30000,24.70000,38.30000,9.70000,11.20000,15.60000,400.04434
2019-10-12 03:49:07 UTC,7138,26.80000,17.40000,24.70000,37.90000,9.70000,11.20000,15.80000,400.04398
2019-10-12 03:50:07 UTC,7139,26.70000,17.40000,24.80000,38.20000,9.70000,11.30000,15.70000,400.04361
2019-10-12 03:51:07 UTC,7140,26.90000,17.40000,24.80000,37.70000,9.70000,11.30000,16.00000,400.04324
2019-10-12 03:52:07 UTC,7141,26.80000,17.40000,24.80000,38.00000,9.70000,11.30000,15.90000,400.04288
2019-10-12 03:53:07 UTC,7142,26.70000,17.40000,24.80000,38.20000,9.70000,11.30000,15.70000,400.04251
2019-10-12 03:54:07 UTC,7143,26.70000,17.30000,24.80000,38.10000,9.70000,11.20000,15.70000,400.04214
2019-10-12 03:55:07 UTC,7144,26.70000,17.30000,24.80000,37.80000,9.60000,11.20000,15.80000,400.04178
2019-10-12 03:56:07 UTC,7145,26.70000,17.30000,24.80000,38.00000,9.70000,11.20000,15.70000,400.04141
2019-10-12 03:57:07 UTC,7146,26.70000,17.30000,24.80000,37.80000,9.60000,11.20000,15.80000,400.04105
2019-10-12 03:58:07 UTC,7147,26.50000,17.30000,24.80000,38.30000,9.60000,11.20000,15.50000,400.04068
2019-10-12 03:59:07 UTC,7148,26.40000,17.20000,24.80000,38.60000,9.60000,11.20000,15.40000,400.04031
2019-10-12 04:00:07 UTC,7149,26.50000,17.30000,24.80000,38.20000,9.60000,11.20000,15.60000,400.03995
2019-10-12 04:01:07 UTC,7150,26.50000,17.30000,24.80000,38.30000,9.70000,11.20000,15.50000,400.03958
2019-10-12 04:02:07 UTC,7151,26.60000,17.30000,24.80000,38.40000,9.70000,11.20000,15.60000,400.03922
2019-10-12 04:03:07 UTC,7152,26.60000,17.30000,24.80000,38.20000,9.70000,11.20000,15.60000,400.03885
2019-10-12 04:04:07 UTC,7153,26.50000,17.20000,24.80000,38.20000,9.60000,11.10000,15.60000,400.03848
2019-10-12 04:05:07 UTC,7154,26.60000,17.30000,24.80000,38.10000,9.60000,11.20000,15.60000,400.03812
2019-10-12 04:06:08 UTC,7155,26.60000,17.30000,24.80000,38.20000,9.70000,11.20000,15.70000,400.03775
2019-10-12 04:07:07 UTC,7156,26.70000,17.30000,24.90000,38.00000,9.70000,11.20000,15.80000,400.03738
2019-10-12 04:08:07 UTC,7157,26.70000,17.40000,24.90000,38.50000,9.80000,11.40000,15.60000,400.03702
2019-10-12 04:09:08 UTC,7158,26.60000,17.30000,24.90000,38.20000,9.70000,11.20000,15.60000,400.03665
2019-10-12 04:10:07 UTC,7159,26.60000,17.30000,24.90000,38.30000,9.70000,11.30000,15.60000,400.03629
2019-10-12 04:11:08 UTC,7160,26.70000,17.40000,24.90000,38.20000,9.70000,11.30000,15.70000,400.03592
2019-10-12 04:12:07 UTC,7161,26.70000,17.40000,24.90000,38.30000,9.80000,11.40000,15.70000,400.03555
2019-10-12 04:13:08 UTC,7162,26.80000,17.40000,25.00000,38.20000,9.70000,11.40000,15.80000,400.03519
2019-10-12 04:14:08 UTC,7163,26.90000,17.50000,25.00000,37.90000,9.70000,11.30000,15.90000,400.03482
2019-10-12 04:15:07 UTC,7164,26.80000,17.50000,25.10000,38.40000,9.80000,11.50000,15.70000,400.03445
2019-10-12 04:16:08 UTC,7165,26.80000,17.50000,25.00000,38.40000,9.80000,11.40000,15.70000,400.03409
2019-10-12 04:17:08 UTC,7166,26.60000,17.40000,25.00000,38.80000,9.80000,11.50000,15.50000,400.03372
2019-10-12 04:18:07 UTC,7167,26.60000,17.40000,25.00000,38.90000,9.90000,11.50000,15.50000,400.03336
2019-10-12 04:19:07 UTC,7168,26.70000,17.50000,25.00000,38.50000,9.80000,11.40000,15.70000,400.03299
2019-10-12 04:20:08 UTC,7169,26.70000,17.50000,25.00000,38.60000,9.90000,11.50000,15.60000,400.03262
2019-10-12 04:21:08 UTC,7170,26.80000,17.50000,25.00000,38.60000,9.90000,11.50000,15.70000,400.03226
2019-10-12 04:22:07 UTC,7171,26.70000,17.50000,25.00000,38.80000,9.90000,11.50000,15.50000,400.03189
2019-10-12 04:23:10 UTC,7172,26.60000,17.40000,25.00000,39.00000,9.90000,11.50000,15.40000,400.03152
2019-10-12 04:24:09 UTC,7173,26.60000,17.40000,25.00000,38.90000,9.90000,11.50000,15.50000,400.03116
2019-10-12 04:25:09 UTC,7174,26.60000,17.40000,24.90000,38.80000,9.80000,11.40000,15.50000,400.03079
2019-10-12 04:26:09 UTC,7175,26.50000,17.30000,24.90000,38.80000,9.80000,11.40000,15.40000,400.03043
2019-10-12 04:27:09 UTC,7176,26.50000,17.30000,24.90000,38.80000,9.80000,11.40000,15.40000,400.03006
2019-10-12 04:28:09 UTC,7177,26.60000,17.40000,25.00000,38.50000,9.70000,11.30000,15.60000,400.02969
2019-10-12 04:29:09 UTC,7178,26.70000,17.40000,25.00000,38.60000,9.80000,11.40000,15.60000,400.02933
2019-10-12 04:30:09 UTC,7179,26.70000,17.40000,25.00000,38.50000,9.80000,11.40000,15.70000,400.02896
2019-10-12 04:31:09 UTC,7180,26.70000,17.40000,25.00000,38.50000,9.80000,11.40000,15.70000,400.02859
2019-10-12 04:32:09 UTC,7181,26.80000,17.40000,25.00000,38.30000,9.80000,11.40000,15.80000,400.02823
2019-10-12 04:33:09 UTC,7182,26.70000,17.40000,25.00000,38.50000,9.80000,11.40000,15.60000,400.02786
2019-10-12 04:34:09 UTC,7183,26.60000,17.40000,25.00000,38.80000,9.80000,11.40000,15.40000,400.02750
2019-10-12 04:35:09 UTC,7184,26.50000,17.30000,25.00000,38.90000,9.80000,11.40000,15.40000,400.02713
2019-10-12 04:36:09 UTC,7185,26.50000,17.30000,25.10000,38.90000,9.80000,11.40000,15.30000,400.02676
2019-10-12 04:37:09 UTC,7186,26.60000,17.40000,25.10000,38.60000,9.80000,11.40000,15.50000,400.02640
2019-10-12 04:38:12 UTC,7187,26.60000,17.40000,25.10000,38.60000,9.80000,11.40000,15.50000,400.02603
2019-10-12 04:39:11 UTC,7188,26.60000,17.40000,25.10000,38.70000,9.80000,11.50000,15.50000,400.02567
2019-10-12 04:40:11 UTC,7189,26.80000,17.50000,25.10000,38.60000,9.90000,11.50000,15.70000,400.02530
2019-10-12 04:41:11 UTC,7190,26.80000,17.50000,25.10000,38.50000,9.90000,11.50000,15.80000,400.02493
2019-10-12 04:42:11 UTC,7191,26.80000,17.50000,25.10000,38.40000,9.80000,11.50000,15.80000,400.02457
2019-10-12 04:43:11 UTC,7192,26.90000,17.60000,25.20000,38.60000,9.90000,11.60000,15.80000,400.02420
2019-10-12 04:44:11 UTC,7193,27.00000,17.60000,25.20000,38.60000,10.00000,11.70000,15.80000,400.02383
2019-10-12 04:45:11 UTC,7194,27.00000,17.60000,25.20000,38.40000,9.90000,11.70000,15.90000,400.02347
2019-10-12 04:46:11 UTC,7195,27.00000,17.70000,25.20000,38.60000,10.00000,11.70000,15.90000,400.02328
2019-10-12 04:47:11 UTC,7196,27.00000,17.70000,25.20000,38.60000,10.00000,11.80000,15.90000,400.02328
2019-10-12 04:48:11 UTC,7197,27.00000,17.70000,25.20000,38.70000,10.00000,11.80000,15.90000,400.02328
2019-10-12 04:49:11 UTC,7198,27.00000,17.70000,25.20000,38.70000,10.00000,11.80000,15.90000,400.02328
2019-10-12 04:50:11 UTC,7199,27.00000,17.70000,25.20000,38.70000,10.00000,11.80000,15.90000,400.02328
2019-10-12 04:51:11 UTC,7200,27.00000,17.80000,25.20000,38.90000,10.10000,11.90000,15.80000,400.02328
2019-10-12 04:52:11 UTC,7201,27.10000,17.80000,25.20000,38.90000,10.10000,11.90000,15.90000,400.02328
2019-10-12 04:53:11 UTC,7202,27.10000,17.80000,25.30000,38.90000,10.10000,11.90000,15.90000,400.02328
2019-10-12 04:54:11 UTC,7203,27.10000,17.80000,25.30000,39.10000,10.20000,12.00000,15.80000,400.02328
2019-10-12 04:55:11 UTC,7204,27.10000,17.80000,25.30000,39.00000,10.10000,12.00000,15.90000,400.02328
2019-10-12 04:56:11 UTC,7205,27.10000,17.80000,25.30000,38.90000,10.10000,12.00000,15.90000,400.02328
2019-10-12 04:57:11 UTC,7206,27.10000,17.80000,25.30000,39.00000,10.20000,12.00000,15.90000,400.02328
2019-10-12 04:58:11 UTC,7207,27.10000,17.80000,25.30000,39.00000,10.20000,12.00000,15.90000,400.02328
2019-10-12 04:59:12 UTC,7208,27.10000,17.80000,25.30000,39.20000,10.20000,12.00000,15.80000,400.02328
2019-10-12 05:00:11 UTC,7209,27.10000,17.80000,25.30000,39.10000,10.20000,12.00000,15.80000,400.02328
2019-10-12 05:01:11 UTC,7210,27.10000,17.80000,25.30000,39.10000,10.20000,12.00000,15.80000,400.02328
2019-10-12 05:02:11 UTC,7211,27.10000,17.90000,25.30000,39.30000,10.20000,12.10000,15.80000,400.02328
2019-10-12 05:03:11 UTC,7212,27.10000,17.90000,25.30000,39.30000,10.20000,12.10000,15.80000,400.02328
2019-10-12 05:04:11 UTC,7213,27.10000,17.90000,25.30000,39.30000,10.20000,12.10000,15.80000,400.02328
2019-10-12 05:05:11 UTC,7214,27.10000,17.90000,25.30000,39.30000,10.20000,12.10000,15.80000,400.02328
2019-10-12 05:06:11 UTC,7215,27.10000,17.90000,25.30000,39.40000,10.30000,12.10000,15.80000,400.02328
2019-10-12 05:07:11 UTC,7216,27.10000,17.90000,25.40000,39.50000,10.30000,12.20000,15.80000,400.02328
2019-10-12 05:08:11 UTC,7217,27.10000,18.00000,25.30000,39.50000,10.30000,12.20000,15.80000,400.02328
2019-10-12 05:09:11 UTC,7218,27.10000,18.00000,25.30000,39.60000,10.30000,12.20000,15.70000,400.02328
2019-10-12 05:10:13 UTC,7219,27.10000,18.00000,25.40000,39.80000,10.30000,12.30000,15.60000,400.02328
2019-10-12 05:11:12 UTC,7220,27.10000,18.00000,25.40000,39.80000,10.30000,12.30000,15.60000,400.02328
2019-10-12 05:12:12 UTC,7221,27.10000,18.00000,25.30000,39.90000,10.40000,12.30000,15.60000,400.02328
2019-10-12 05:13:12 UTC,7222,27.10000,18.00000,25.40000,39.80000,10.30000,12.30000,15.70000,400.02328
2019-10-12 05:14:12 UTC,7223,27.10000,18.00000,25.40000,39.80000,10.40000,12.30000,15.70000,400.02328
2019-10-12 05:15:12 UTC,7224,27.20000,18.00000,25.40000,39.70000,10.40000,12.30000,15.70000,400.02328
2019-10-12 05:16:12 UTC,7225,27.10000,18.00000,25.40000,39.80000,10.40000,12.30000,15.70000,400.02328
2019-10-12 05:17:12 UTC,7226,27.10000,18.00000,25.40000,40.00000,10.40000,12.30000,15.60000,400.02328
2019-10-12 05:18:12 UTC,7227,27.10000,18.00000,25.40000,40.00000,10.40000,12.40000,15.60000,400.02328
2019-10-12 05:19:12 UTC,7228,27.10000,18.00000,25.40000,40.20000,10.50000,12.40000,15.60000,400.02328
2019-10-12 05:20:12 UTC,7229,27.10000,18.10000,25.40000,40.20000,10.50000,12.40000,15.60000,400.02328
2019-10-12 05:21:12 UTC,7230,27.10000,18.10000,25.40000,40.30000,10.50000,12.50000,15.60000,400.02328
2019-10-12 05:22:12 UTC,7231,27.10000,18.10000,25.40000,40.20000,10.50000,12.50000,15.60000,400.02328
2019-10-12 05:23:12 UTC,7232,27.10000,18.10000,25.40000,40.10000,10.50000,12.40000,15.60000,400.02328
2019-10-12 05:24:12 UTC,7233,27.10000,18.00000,25.40000,40.20000,10.40000,12.40000,15.60000,400.02328
2019-10-12 05:25:12 UTC,7234,27.10000,18.10000,25.40000,40.20000,10.50000,12.50000,15.60000,400.02328
2019-10-12 05:26:12 UTC,7235,27.10000,18.10000,25.40000,40.10000,10.50000,12.40000,15.60000,400.02328
2019-10-12 05:27:12 UTC,7236,27.10000,18.10000,25.40000,40.20000,10.50000,12.50000,15.60000,400.02328
2019-10-12 05:28:12 UTC,7237,27.10000,18.10000,25.40000,40.20000,10.50000,12.40000,15.60000,400.02328
2019-10-12 05:29:12 UTC,7238,27.10000,18.10000,25.40000,40.40000,10.50000,12.50000,15.50000,400.02328
2019-10-12 05:30:12 UTC,7239,27.10000,18.10000,25.40000,40.40000,10.50000,12.50000,15.50000,400.02328
2019-10-12 05:31:12 UTC,7240,27.10000,18.10000,25.40000,40.60000,10.60000,12.60000,15.40000,400.02328
2019-10-12 05:32:12 UTC,7241,27.10000,18.10000,25.40000,40.60000,10.60000,12.60000,15.50000,400.02328
2019-10-12 05:33:12 UTC,7242,27.10000,18.10000,25.40000,40.60000,10.60000,12.60000,15.50000,400.02328
2019-10-12 05:34:12 UTC,7243,27.10000,18.10000,25.50000,40.60000,10.60000,12.60000,15.50000,400.02328
2019-10-12 05:35:12 UTC,7244,27.10000,18.10000,25.50000,40.60000,10.60000,12.60000,15.50000,400.02328
2019-10-12 05:36:13 UTC,7245,27.10000,18.10000,25.50000,40.70000,10.60000,12.60000,15.40000,400.02328
2019-10-12 05:37:12 UTC,7246,27.10000,18.10000,25.50000,40.70000,10.60000,12.60000,15.40000,400.02328
2019-10-12 05:38:12 UTC,7247,27.10000,18.10000,25.50000,40.70000,10.60000,12.60000,15.40000,400.02328
2019-10-12 05:39:12 UTC,7248,27.10000,18.10000,25.50000,40.60000,10.60000,12.60000,15.40000,400.02328
2019-10-12 05:40:12 UTC,7249,27.10000,18.10000,25.50000,40.80000,10.60000,12.60000,15.40000,400.02328
2019-10-12 05:41:12 UTC,7250,27.10000,18.10000,25.50000,40.60000,10.60000,12.60000,15.50000,400.02328
2019-10-12 05:42:12 UTC,7251,27.10000,18.10000,25.50000,40.50000,10.50000,12.50000,15.40000,400.02328
2019-10-12 05:43:12 UTC,7252,27.10000,18.00000,25.50000,40.20000,10.40000,12.40000,15.50000,400.02328
2019-10-12 05:44:12 UTC,7253,27.00000,17.90000,25.40000,39.70000,10.30000,12.10000,15.60000,400.02328
2019-10-12 05:45:12 UTC,7254,26.90000,17.80000,25.40000,39.60000,10.20000,12.00000,15.50000,400.02328
2019-10-12 05:46:12 UTC,7255,27.00000,17.80000,25.40000,39.50000,10.20000,12.00000,15.60000,400.02328
2019-10-12 05:47:12 UTC,7256,26.90000,17.80000,25.40000,39.70000,10.20000,12.10000,15.50000,400.02328
2019-10-12 05:48:13 UTC,7257,26.80000,17.80000,25.40000,39.70000,10.20000,12.00000,15.50000,400.02328
2019-10-12 05:49:15 UTC,7258,26.90000,17.70000,25.40000,39.60000,10.10000,12.00000,15.50000,400.02328
2019-10-12 05:50:14 UTC,7259,26.80000,17.70000,25.40000,39.20000,10.10000,11.80000,15.60000,400.02328
2019-10-12 05:51:14 UTC,7260,26.90000,17.60000,25.40000,39.00000,10.00000,11.70000,15.60000,400.02328
2019-10-12 05:52:14 UTC,7261,26.90000,17.70000,25.40000,39.10000,10.00000,11.80000,15.60000,400.02328
2019-10-12 05:53:14 UTC,7262,26.80000,17.60000,25.40000,39.10000,10.00000,11.80000,15.60000,400.02328
2019-10-12 05:54:14 UTC,7263,26.80000,17.60000,25.40000,39.10000,10.00000,11.80000,15.60000,400.02328
2019-10-12 05:55:14 UTC,7264,26.80000,17.60000,25.40000,39.20000,10.00000,11.80000,15.50000,400.02328
2019-10-12 05:56:14 UTC,7265,26.80000,17.60000,25.40000,39.30000,10.00000,11.80000,15.50000,400.02328
2019-10-12 05:57:14 UTC,7266,26.80000,17.60000,25.30000,39.30000,10.00000,11.80000,15.50000,400.02328
2019-10-12 05:58:14 UTC,7267,26.70000,17.60000,25.30000,39.40000,10.00000,11.80000,15.40000,400.02328
2019-10-12 05:59:14 UTC,7268,26.70000,17.60000,25.30000,39.30000,10.00000,11.70000,15.50000,400.02328
2019-10-12 06:00:14 UTC,7269,26.80000,17.60000,25.30000,39.20000,10.00000,11.80000,15.60000,400.02328
2019-10-12 06:01:14 UTC,7270,26.80000,17.60000,25.30000,39.10000,10.00000,11.80000,15.60000,400.02328
2019-10-12 06:02:14 UTC,7271,26.80000,17.70000,25.30000,39.30000,10.10000,11.80000,15.50000,400.02328
2019-10-12 06:03:14 UTC,7272,26.80000,17.70000,25.30000,39.50000,10.10000,11.90000,15.50000,400.02328
2019-10-12 06:04:14 UTC,7273,26.80000,17.70000,25.30000,39.40000,10.10000,11.90000,15.50000,400.02328
2019-10-12 06:05:14 UTC,7274,26.80000,17.60000,25.30000,39.40000,10.10000,11.80000,15.50000,400.02328
2019-10-12 06:06:14 UTC,7275,26.80000,17.60000,25.30000,39.20000,10.00000,11.80000,15.60000,400.02328
2019-10-12 06:07:14 UTC,7276,26.80000,17.60000,25.20000,39.30000,10.00000,11.80000,15.50000,400.02328
2019-10-12 06:08:14 UTC,7277,26.80000,17.60000,25.20000,39.30000,10.00000,11.80000,15.50000,400.02328
2019-10-12 06:09:14 UTC,7278,26.70000,17.60000,25.20000,39.40000,10.00000,11.80000,15.40000,400.02328
2019-10-12 06:10:14 UTC,7279,26.70000,17.60000,25.20000,39.20000,10.00000,11.70000,15.50000,400.02328
2019-10-12 06:11:14 UTC,7280,26.70000,17.50000,25.20000,39.10000,9.90000,11.60000,15.50000,400.02328
2019-10-12 06:12:14 UTC,7281,26.70000,17.50000,25.20000,39.00000,9.90000,11.60000,15.50000,400.02328
2019-10-12 06:13:14 UTC,7282,26.70000,17.50000,25.30000,39.00000,9.90000,11.60000,15.50000,400.02328
2019-10-12 06:14:14 UTC,7283,26.70000,17.50000,25.20000,39.00000,9.90000,11.60000,15.50000,400.02328
2019-10-12 06:15:14 UTC,7284,26.70000,17.50000,25.20000,38.90000,9.90000,11.60000,15.50000,400.02328
2019-10-12 06:16:14 UTC,7285,26.70000,17.50000,25.20000,38.90000,9.90000,11.60000,15.50000,400.02328
2019-10-12 06:17:15 UTC,7286,26.70000,17.50000,25.20000,39.00000,9.90000,11.60000,15.50000,400.02328
2019-10-12 06:18:14 UTC,7287,26.70000,17.50000,25.30000,39.10000,9.90000,11.70000,15.50000,400.02328
2019-10-12 06:19:14 UTC,7288,26.70000,17.50000,25.30000,39.10000,9.90000,11.60000,15.40000,400.02328
2019-10-12 06:20:14 UTC,7289,26.70000,17.50000,25.30000,39.10000,9.90000,11.60000,15.40000,400.02328
2019-10-12 06:21:15 UTC,7290,26.70000,17.50000,25.30000,39.00000,9.90000,11.60000,15.50000,400.02328
2019-10-12 06:22:14 UTC,7291,26.60000,17.50000,25.30000,39.00000,9.90000,11.50000,15.40000,400.02328
2019-10-12 06:23:15 UTC,7292,26.60000,17.40000,25.30000,39.10000,9.90000,11.50000,15.40000,400.02328
2019-10-12 06:24:14 UTC,7293,26.60000,17.50000,25.30000,39.20000,9.90000,11.60000,15.40000,400.02328
2019-10-12 06:25:14 UTC,7294,26.60000,17.50000,25.30000,39.00000,9.90000,11.50000,15.50000,400.02328
2019-10-12 06:26:14 UTC,7295,26.60000,17.50000,25.30000,38.90000,9.90000,11.50000,15.50000,400.02328
2019-10-12 06:27:14 UTC,7296,26.60000,17.50000,25.30000,38.90000,9.90000,11.50000,15.50000,400.02328
2019-10-12 06:28:15 UTC,7297,26.70000,17.50000,25.30000,39.00000,9.90000,11.60000,15.50000,400.02328
2019-10-12 06:29:14 UTC,7298,26.60000,17.50000,25.30000,39.20000,9.90000,11.60000,15.40000,400.02328
2019-10-12 06:30:14 UTC,7299,26.60000,17.50000,25.30000,39.00000,9.90000,11.50000,15.40000,400.02328
2019-10-12 06:31:15 UTC,7300,26.60000,17.40000,25.20000,38.90000,9.80000,11.50000,15.50000,400.02328
2019-10-12 06:32:15 UTC,7301,26.60000,17.50000,25.20000,39.00000,9.90000,11.60000,15.40000,400.02328
2019-10-12 06:33:15 UTC,7302,26.60000,17.50000,25.20000,39.30000,9.90000,11.60000,15.30000,400.02328
2019-10-12 06:34:15 UTC,7303,26.60000,17.50000,25.20000,39.30000,9.90000,11.60000,15.40000,400.02328
2019-10-12 06:35:15 UTC,7304,26.60000,17.50000,25.20000,39.30000,9.90000,11.60000,15.30000,400.02328
2019-10-12 06:36:15 UTC,7305,26.60000,17.50000,25.20000,39.10000,9.90000,11.60000,15.40000,400.02328
2019-10-12 06:37:15 UTC,7306,26.60000,17.50000,25.20000,39.20000,9.90000,11.60000,15.40000,400.02328
2019-10-12 06:38:15 UTC,7307,26.60000,17.50000,25.20000,38.90000,9.90000,11.50000,15.50000,400.02328
2019-10-12 06:39:15 UTC,7308,26.60000,17.50000,25.20000,39.20000,9.90000,11.60000,15.40000,400.02328
2019-10-12 06:40:15 UTC,7309,26.60000,17.50000,25.20000,39.10000,9.90000,11.60000,15.40000,400.02328
2019-10-12 06:41:15 UTC,7310,26.60000,17.50000,25.20000,39.20000,9.90000,11.60000,15.40000,400.02328
2019-10-12 06:42:15 UTC,7311,26.60000,17.50000,25.20000,39.30000,9.90000,11.60000,15.30000,400.02328
2019-10-12 06:43:15 UTC,7312,26.60000,17.50000,25.20000,39.30000,9.90000,11.60000,15.30000,400.02328
2019-10-12 06:44:15 UTC,7313,26.60000,17.50000,25.20000,39.20000,9.90000,11.60000,15.40000,400.02328
2019-10-12 06:45:15 UTC,7314,26.60000,17.50000,25.20000,39.20000,9.90000,11.60000,15.40000,400.02328
2019-10-12 06:46:15 UTC,7315,26.70000,17.50000,25.20000,39.20000,10.00000,11.70000,15.40000,400.02328
2019-10-12 06:47:16 UTC,7316,26.60000,17.50000,25.20000,39.40000,10.00000,11.70000,15.40000,400.02328
2019-10-12 06:48:15 UTC,7317,26.60000,17.50000,25.20000,39.50000,10.00000,11.70000,15.30000,400.02328
2019-10-12 06:49:15 UTC,7318,26.60000,17.50000,25.20000,39.60000,10.00000,11.70000,15.30000,400.02328
2019-10-12 06:50:15 UTC,7319,26.60000,17.60000,25.20000,39.60000,10.00000,11.80000,15.30000,400.02328
2019-10-12 06:51:15 UTC,7320,26.60000,17.50000,25.20000,39.60000,10.00000,11.70000,15.30000,400.02328
2019-10-12 06:52:15 UTC,7321,26.60000,17.60000,25.20000,39.60000,10.00000,11.80000,15.30000,400.02328
2019-10-12 06:53:15 UTC,7322,26.60000,17.60000,25.20000,39.70000,10.10000,11.80000,15.30000,400.02328
2019-10-12 06:54:15 UTC,7323,26.60000,17.60000,25.20000,39.90000,10.10000,11.90000,15.20000,400.02328
2019-10-12 06:55:15 UTC,7324,26.60000,17.60000,25.20000,40.00000,10.10000,11.90000,15.10000,400.02328
2019-10-12 06:56:15 UTC,7325,26.60000,17.60000,25.20000,40.10000,10.10000,11.90000,15.10000,400.02328
2019-10-12 06:57:16 UTC,7326,26.60000,17.60000,25.20000,40.10000,10.10000,11.90000,15.10000,400.02328
2019-10-12 06:58:15 UTC,7327,26.60000,17.70000,25.20000,40.20000,10.20000,12.00000,15.20000,400.02328
2019-10-12 06:59:15 UTC,7328,26.60000,17.60000,25.10000,40.20000,10.20000,12.00000,15.10000,400.02328
2019-10-12 07:00:15 UTC,7329,26.50000,17.50000,25.10000,39.90000,10.00000,11.80000,15.10000,400.02328
2019-10-12 07:01:15 UTC,7330,26.40000,17.50000,25.10000,39.80000,10.00000,11.70000,15.10000,400.02328
2019-10-12 07:02:15 UTC,7331,26.50000,17.50000,25.10000,39.90000,10.00000,11.70000,15.10000,400.02328
2019-10-12 07:03:15 UTC,7332,26.40000,17.50000,25.10000,39.90000,10.00000,11.70000,15.10000,400.02328
2019-10-12 07:04:15 UTC,7333,26.40000,17.40000,25.10000,39.90000,10.00000,11.70000,15.00000,400.02328
2019-10-12 07:05:15 UTC,7334,26.40000,17.40000,25.10000,39.80000,9.90000,11.60000,15.00000,400.02328
2019-10-12 07:06:15 UTC,7335,26.40000,17.40000,25.10000,39.60000,9.90000,11.60000,15.20000,400.02328
2019-10-12 07:07:15 UTC,7336,26.40000,17.40000,25.10000,39.60000,9.90000,11.60000,15.10000,400.02328
2019-10-12 07:08:15 UTC,7337,26.40000,17.40000,25.00000,39.50000,9.90000,11.50000,15.10000,400.02328
2019-10-12 07:09:15 UTC,7338,26.40000,17.30000,25.00000,39.40000,9.80000,11.50000,15.20000,400.02328
2019-10-12 07:10:15 UTC,7339,26.30000,17.30000,25.00000,39.50000,9.80000,11.50000,15.10000,400.02328
2019-10-12 07:11:15 UTC,7340,26.30000,17.30000,25.00000,39.30000,9.80000,11.40000,15.10000,400.02328
2019-10-12 07:12:15 UTC,7341,26.40000,17.30000,25.00000,39.20000,9.80000,11.40000,15.20000,400.02328
2019-10-12 07:13:15 UTC,7342,26.40000,17.30000,25.00000,39.30000,9.80000,11.40000,15.10000,400.02328
2019-10-12 07:14:15 UTC,7343,26.40000,17.20000,25.00000,38.80000,9.70000,11.20000,15.30000,400.02328
2019-10-12 07:15:15 UTC,7344,26.30000,17.20000,25.00000,38.90000,9.70000,11.20000,15.20000,400.02328
2019-10-12 07:16:15 UTC,7345,26.30000,17.20000,25.00000,39.10000,9.70000,11.30000,15.10000,400.02328
2019-10-12 07:17:15 UTC,7346,26.30000,17.20000,25.00000,39.00000,9.70000,11.30000,15.20000,400.02328
2019-10-12 07:18:15 UTC,7347,26.30000,17.20000,25.00000,39.10000,9.70000,11.30000,15.10000,400.02328
2019-10-12 07:19:15 UTC,7348,26.30000,17.20000,25.00000,39.20000,9.70000,11.30000,15.10000,400.02328
2019-10-12 07:20:15 UTC,7349,26.30000,17.20000,25.00000,39.10000,9.70000,11.30000,15.10000,400.02328
2019-10-12 07:21:15 UTC,7350,26.30000,17.20000,25.00000,39.10000,9.70000,11.30000,15.10000,400.02328
2019-10-12 07:22:15 UTC,7351,26.30000,17.20000,24.90000,38.80000,9.60000,11.20000,15.20000,400.02328
2019-10-12 07:23:15 UTC,7352,26.30000,17.20000,24.90000,38.90000,9.70000,11.20000,15.20000,400.02328
2019-10-12 07:24:15 UTC,7353,26.20000,17.10000,24.90000,38.90000,9.60000,11.10000,15.10000,400.02328
2019-10-12 07:25:18 UTC,7354,26.20000,17.10000,24.90000,38.70000,9.60000,11.00000,15.10000,400.02328
2019-10-12 07:26:17 UTC,7355,26.10000,17.00000,24.90000,38.60000,9.50000,11.00000,15.10000,400.02328
2019-10-12 07:27:17 UTC,7356,26.10000,17.00000,24.90000,38.60000,9.50000,11.00000,15.10000,400.02328
2019-10-12 07:28:17 UTC,7357,26.20000,17.00000,24.90000,38.40000,9.50000,10.90000,15.20000,400.02328
2019-10-12 07:29:17 UTC,7358,26.10000,16.90000,24.90000,38.30000,9.40000,10.80000,15.20000,400.02328
2019-10-12 07:30:17 UTC,7359,26.20000,17.00000,24.90000,38.10000,9.40000,10.80000,15.30000,400.02328
2019-10-12 07:31:17 UTC,7360,26.20000,17.00000,24.90000,38.10000,9.40000,10.80000,15.30000,400.02328
2019-10-12 07:32:18 UTC,7361,26.10000,16.90000,24.90000,38.20000,9.40000,10.80000,15.20000,400.02328
2019-10-12 07:33:17 UTC,7362,26.20000,16.90000,24.90000,38.00000,9.40000,10.80000,15.30000,400.02328
2019-10-12 07:34:17 UTC,7363,26.10000,16.90000,24.90000,38.00000,9.30000,10.70000,15.30000,400.02328
2019-10-12 07:35:17 UTC,7364,26.20000,16.90000,24.90000,37.80000,9.30000,10.70000,15.30000,400.02328
2019-10-12 07:36:18 UTC,7365,26.20000,16.90000,24.90000,37.70000,9.30000,10.70000,15.40000,400.02328
2019-10-12 07:37:17 UTC,7366,26.20000,16.90000,24.90000,37.70000,9.30000,10.70000,15.40000,400.02328
2019-10-12 07:38:17 UTC,7367,26.20000,16.90000,24.80000,37.90000,9.30000,10.70000,15.30000,400.02328
2019-10-12 07:39:17 UTC,7368,26.10000,16.90000,24.80000,37.90000,9.30000,10.70000,15.30000,400.02328
2019-10-12 07:40:17 UTC,7369,26.20000,16.90000,24.80000,38.00000,9.40000,10.80000,15.30000,400.02328
2019-10-12 07:41:17 UTC,7370,26.30000,17.00000,24.80000,37.90000,9.40000,10.80000,15.40000,400.02328
2019-10-12 07:42:17 UTC,7371,26.20000,17.00000,24.80000,38.30000,9.50000,10.90000,15.30000,400.02328
2019-10-12 07:43:18 UTC,7372,26.20000,17.00000,24.80000,38.20000,9.50000,10.90000,15.30000,400.02328
2019-10-12 07:44:17 UTC,7373,26.30000,17.00000,24.80000,38.10000,9.50000,10.90000,15.30000,400.02328
2019-10-12 07:45:17 UTC,7374,26.30000,17.00000,24.80000,38.10000,9.50000,10.90000,15.40000,400.02328
2019-10-12 07:46:17 UTC,7375,26.10000,17.00000,24.80000,38.40000,9.50000,10.90000,15.20000,400.02328
2019-10-12 07:47:17 UTC,7376,26.10000,16.90000,24.80000,38.20000,9.40000,10.80000,15.20000,400.02328
2019-10-12 07:48:17 UTC,7377,26.10000,16.90000,24.80000,38.30000,9.40000,10.80000,15.20000,400.02328
2019-10-12 07:49:18 UTC,7378,26.20000,16.90000,24.80000,38.00000,9.40000,10.80000,15.30000,400.02328
2019-10-12 07:50:18 UTC,7379,26.10000,16.90000,24.80000,38.20000,9.40000,10.80000,15.20000,400.03748
2019-10-12 07:51:17 UTC,7380,26.00000,16.90000,24.80000,38.60000,9.50000,10.90000,15.00000,400.07767
2019-10-12 07:52:18 UTC,7381,26.10000,16.90000,24.80000,38.50000,9.50000,10.90000,15.10000,400.14090
2019-10-12 07:53:17 UTC,7382,26.10000,16.90000,24.80000,38.20000,9.40000,10.80000,15.20000,400.22433
2019-10-12 07:54:17 UTC,7383,26.10000,16.90000,24.80000,38.20000,9.40000,10.70000,15.20000,400.32950
2019-10-12 07:55:18 UTC,7384,26.10000,16.90000,24.70000,38.40000,9.40000,10.80000,15.10000,400.42773
2019-10-12 07:56:18 UTC,7385,26.10000,16.90000,24.70000,38.40000,9.40000,10.80000,15.10000,400.54178
2019-10-12 07:57:18 UTC,7386,26.00000,16.90000,24.70000,38.40000,9.40000,10.80000,15.10000,400.73984
2019-10-12 07:58:18 UTC,7387,26.10000,16.90000,24.70000,38.40000,9.40000,10.80000,15.10000,400.96613
2019-10-12 07:59:18 UTC,7388,26.10000,17.00000,24.70000,38.60000,9.50000,10.90000,15.10000,401.26093
2019-10-12 08:00:17 UTC,7389,26.10000,17.00000,24.80000,38.60000,9.50000,10.90000,15.10000,401.69958
2019-10-12 08:01:18 UTC,7390,26.10000,17.00000,24.70000,38.50000,9.50000,10.90000,15.20000,402.30899
2019-10-12 08:02:18 UTC,7391,26.20000,17.00000,24.70000,38.40000,9.50000,10.90000,15.20000,403.20441
2019-10-12 08:03:18 UTC,7392,26.20000,17.00000,24.70000,38.30000,9.50000,10.90000,15.20000,404.59280
2019-10-12 08:04:17 UTC,7393,26.10000,17.00000,24.70000,38.30000,9.40000,10.80000,15.20000,406.49170
2019-10-12 08:05:18 UTC,7394,26.10000,17.00000,24.70000,38.80000,9.50000,11.00000,15.10000,408.96359
2019-10-12 08:06:18 UTC,7395,26.00000,17.00000,24.70000,39.00000,9.60000,11.00000,15.00000,412.30798
2019-10-12 08:07:18 UTC,7396,26.00000,17.00000,24.70000,38.90000,9.50000,11.00000,15.00000,416.32071
2019-10-12 08:08:18 UTC,7397,26.00000,17.00000,24.70000,39.00000,9.60000,11.00000,14.90000,420.01529
2019-10-12 08:09:18 UTC,7398,26.10000,17.00000,24.70000,39.00000,9.60000,11.10000,15.00000,422.89175
2019-10-12 08:10:18 UTC,7399,26.10000,17.00000,24.70000,39.10000,9.60000,11.10000,14.90000,424.74548
2019-10-12 08:11:18 UTC,7400,26.10000,17.10000,24.70000,39.00000,9.60000,11.10000,15.00000,426.35492
2019-10-12 08:12:18 UTC,7401,26.10000,17.10000,24.70000,39.00000,9.60000,11.10000,15.00000,427.80124
2019-10-12 08:13:18 UTC,7402,26.10000,17.10000,24.70000,39.30000,9.70000,11.20000,14.90000,429.57346
2019-10-12 08:14:18 UTC,7403,26.10000,17.10000,24.70000,39.30000,9.70000,11.20000,14.90000,431.50278
2019-10-12 08:15:18 UTC,7404,26.10000,17.10000,24.70000,39.30000,9.70000,11.20000,14.90000,432.80780
2019-10-12 08:16:18 UTC,7405,26.10000,17.10000,24.70000,39.20000,9.60000,11.10000,14.90000,433.54434
2019-10-12 08:17:18 UTC,7406,26.10000,17.10000,24.70000,39.30000,9.70000,11.20000,14.90000,433.91977
2019-10-12 08:18:18 UTC,7407,26.00000,17.10000,24.70000,39.80000,9.70000,11.20000,14.70000,434.25937
2019-10-12 08:19:18 UTC,7408,26.00000,17.10000,24.70000,39.80000,9.70000,11.30000,14.70000,434.24329
2019-10-12 08:20:18 UTC,7409,26.00000,17.10000,24.70000,40.00000,9.80000,11.30000,14.70000,433.98962
2019-10-12 08:21:18 UTC,7410,26.00000,17.10000,24.70000,39.80000,9.70000,11.30000,14.70000,433.59879
2019-10-12 08:22:18 UTC,7411,26.00000,17.10000,24.70000,39.60000,9.70000,11.20000,14.80000,433.08917
2019-10-12 08:23:18 UTC,7412,26.00000,17.10000,24.70000,39.80000,9.70000,11.30000,14.70000,432.62238
2019-10-12 08:24:18 UTC,7413,26.00000,17.10000,24.70000,39.80000,9.70000,11.30000,14.70000,432.24130
2019-10-12 08:25:18 UTC,7414,26.00000,17.10000,24.70000,39.90000,9.80000,11.30000,14.70000,432.06384
2019-10-12 08:26:18 UTC,7415,25.90000,17.10000,24.70000,40.20000,9.80000,11.40000,14.60000,431.92303
2019-10-12 08:27:18 UTC,7416,25.90000,17.10000,24.70000,40.00000,9.70000,11.30000,14.60000,431.89203
2019-10-12 08:28:18 UTC,7417,26.00000,17.10000,24.70000,39.80000,9.70000,11.30000,14.70000,431.74448
2019-10-12 08:29:18 UTC,7418,26.00000,17.10000,24.70000,39.90000,9.80000,11.30000,14.70000,431.60071
2019-10-12 08:30:18 UTC,7419,26.00000,17.10000,24.60000,39.90000,9.70000,11.30000,14.70000,431.57333
2019-10-12 08:31:18 UTC,7420,25.90000,17.10000,24.60000,40.10000,9.80000,11.30000,14.60000,431.72992
2019-10-12 08:32:18 UTC,7421,25.90000,17.10000,24.60000,40.30000,9.80000,11.40000,14.50000,431.98965
2019-10-12 08:33:18 UTC,7422,26.00000,17.20000,24.60000,40.20000,9.80000,11.40000,14.60000,432.30518
2019-10-12 08:34:18 UTC,7423,26.00000,17.20000,24.60000,40.30000,9.80000,11.50000,14.60000,432.80359
2019-10-12 08:35:18 UTC,7424,25.90000,17.20000,24.60000,40.50000,9.80000,11.50000,14.40000,433.30133
2019-10-12 08:36:18 UTC,7425,25.90000,17.20000,24.60000,40.40000,9.80000,11.40000,14.50000,433.86288
2019-10-12 08:37:18 UTC,7426,25.90000,17.20000,24.60000,40.50000,9.80000,11.50000,14.50000,434.31259
2019-10-12 08:38:18 UTC,7427,25.90000,17.20000,24.60000,40.60000,9.90000,11.50000,14.40000,434.96570
2019-10-12 08:39:18 UTC,7428,25.90000,17.20000,24.50000,40.60000,9.90000,11.50000,14.50000,435.63663
2019-10-12 08:40:18 UTC,7429,25.90000,17.20000,24.60000,40.50000,9.90000,11.50000,14.50000,436.18936
2019-10-12 08:41:18 UTC,7430,26.00000,17.20000,24.50000,40.60000,9.90000,11.60000,14.50000,436.64761
2019-10-12 08:42:18 UTC,7431,25.80000,17.20000,24.50000,40.90000,9.90000,11.60000,14.30000,437.01987
2019-10-12 08:43:18 UTC,7432,25.70000,17.10000,24.50000,41.40000,9.90000,11.60000,14.10000,437.19025
2019-10-12 08:44:18 UTC,7433,25.70000,17.10000,24.50000,41.20000,9.90000,11.50000,14.10000,437.30011
2019-10-12 08:45:18 UTC,7434,25.70000,17.20000,24.40000,41.40000,9.90000,11.60000,14.10000,437.27338
2019-10-12 08:46:18 UTC,7435,25.60000,17.10000,24.40000,41.50000,9.90000,11.60000,14.00000,437.03857
2019-10-12 08:47:18 UTC,7436,25.70000,17.10000,24.40000,41.40000,9.90000,11.60000,14.10000,436.48166
2019-10-12 08:48:18 UTC,7437,25.60000,17.10000,24.40000,41.70000,10.00000,11.60000,13.90000,435.72867
2019-10-12 08:49:18 UTC,7438,25.60000,17.10000,24.40000,41.70000,10.00000,11.60000,13.90000,434.59665
2019-10-12 08:50:18 UTC,7439,25.70000,17.20000,24.40000,41.20000,9.90000,11.60000,14.20000,433.17975
2019-10-12 08:51:18 UTC,7440,25.60000,17.10000,24.40000,41.70000,10.00000,11.60000,14.00000,432.07040
2019-10-12 08:52:18 UTC,7441,25.60000,17.20000,24.40000,41.90000,10.00000,11.70000,13.90000,431.33047
2019-10-12 08:53:18 UTC,7442,25.50000,17.20000,24.40000,42.40000,10.10000,11.80000,13.70000,431.05527
2019-10-12 08:54:18 UTC,7443,25.50000,17.30000,24.40000,42.80000,10.20000,12.00000,13.60000,430.96082
2019-10-12 08:55:18 UTC,7444,25.50000,17.30000,24.40000,43.20000,10.30000,12.10000,13.50000,431.13083
2019-10-12 08:56:18 UTC,7445,25.50000,17.30000,24.40000,43.10000,10.30000,12.10000,13.60000,431.39529
2019-10-12 08:57:18 UTC,7446,25.60000,17.40000,24.40000,43.00000,10.30000,12.10000,13.60000,431.71872
2019-10-12 08:58:18 UTC,7447,25.60000,17.40000,24.40000,43.10000,10.30000,12.10000,13.60000,432.18588
2019-10-12 08:59:18 UTC,7448,25.70000,17.40000,24.40000,43.00000,10.30000,12.20000,13.70000,432.63516
2019-10-12 09:00:18 UTC,7449,25.50000,17.40000,24.40000,43.40000,10.30000,12.20000,13.50000,432.90997
2019-10-12 09:01:18 UTC,7450,25.50000,17.40000,24.30000,43.70000,10.40000,12.20000,13.40000,432.92166
2019-10-12 09:02:18 UTC,7451,25.60000,17.40000,24.30000,43.30000,10.30000,12.20000,13.50000,432.79266
2019-10-12 09:03:18 UTC,7452,25.60000,17.40000,24.30000,43.10000,10.30000,12.20000,13.60000,432.58817
2019-10-12 09:04:18 UTC,7453,25.60000,17.40000,24.30000,43.20000,10.30000,12.20000,13.60000,432.32260
2019-10-12 09:05:18 UTC,7454,25.60000,17.40000,24.30000,43.30000,10.40000,12.20000,13.50000,431.97385
2019-10-12 09:06:18 UTC,7455,25.60000,17.50000,24.30000,43.80000,10.50000,12.40000,13.40000,431.61295
2019-10-12 09:07:18 UTC,7456,25.50000,17.50000,24.30000,44.40000,10.50000,12.50000,13.20000,431.17538
2019-10-12 09:08:18 UTC,7457,25.50000,17.50000,24.30000,44.50000,10.60000,12.50000,13.20000,430.55743
2019-10-12 09:09:18 UTC,7458,25.60000,17.60000,24.30000,44.30000,10.60000,12.50000,13.30000,429.94293
2019-10-12 09:10:18 UTC,7459,25.60000,17.60000,24.30000,44.30000,10.60000,12.60000,13.30000,429.66635
2019-10-12 09:11:18 UTC,7460,25.70000,17.70000,24.30000,44.10000,10.60000,12.60000,13.50000,429.97604
2019-10-12 09:12:18 UTC,7461,25.80000,17.70000,24.30000,43.80000,10.60000,12.60000,13.60000,430.73819
2019-10-12 09:13:18 UTC,7462,25.90000,17.70000,24.30000,43.60000,10.60000,12.50000,13.70000,432.37125
2019-10-12 09:14:18 UTC,7463,25.80000,17.70000,24.30000,43.70000,10.60000,12.60000,13.60000,435.56018
2019-10-12 09:15:18 UTC,7464,25.80000,17.70000,24.30000,44.00000,10.60000,12.60000,13.60000,439.34842
2019-10-12 09:16:18 UTC,7465,25.90000,17.70000,24.30000,43.60000,10.60000,12.60000,13.70000,443.50314
2019-10-12 09:17:19 UTC,7466,25.90000,17.70000,24.30000,43.70000,10.60000,12.60000,13.70000,447.27621
2019-10-12 09:18:19 UTC,7467,25.90000,17.70000,24.30000,43.90000,10.70000,12.70000,13.60000,450.65912
2019-10-12 09:19:18 UTC,7468,25.90000,17.80000,24.30000,44.00000,10.70000,12.70000,13.60000,453.29703
2019-10-12 09:20:18 UTC,7469,25.90000,17.70000,24.30000,43.70000,10.60000,12.60000,13.70000,454.67490
2019-10-12 09:21:19 UTC,7470,25.90000,17.70000,24.30000,43.80000,10.60000,12.70000,13.70000,455.07642
2019-10-12 09:22:19 UTC,7471,25.90000,17.70000,24.30000,43.90000,10.70000,12.70000,13.60000,454.73956
2019-10-12 09:23:18 UTC,7472,25.90000,17.80000,24.30000,44.00000,10.70000,12.70000,13.60000,454.39554
2019-10-12 09:24:18 UTC,7473,25.90000,17.80000,24.30000,44.00000,10.70000,12.70000,13.60000,453.86499
2019-10-12 09:25:18 UTC,7474,25.90000,17.80000,24.30000,44.20000,10.70000,12.80000,13.50000,453.01691
2019-10-12 09:26:19 UTC,7475,25.90000,17.80000,24.30000,44.20000,10.70000,12.80000,13.50000,451.97635
2019-10-12 09:27:18 UTC,7476,25.90000,17.80000,24.30000,44.10000,10.70000,12.80000,13.60000,450.33954
2019-10-12 09:28:18 UTC,7477,25.90000,17.80000,24.30000,44.10000,10.70000,12.80000,13.60000,448.82376
2019-10-12 09:29:19 UTC,7478,25.90000,17.80000,24.30000,44.20000,10.70000,12.80000,13.50000,447.51599
2019-10-12 09:30:19 UTC,7479,25.80000,17.80000,24.30000,44.40000,10.80000,12.80000,13.50000,445.99411
2019-10-12 09:31:19 UTC,7480,25.90000,17.80000,24.30000,44.20000,10.70000,12.80000,13.50000,444.58032
2019-10-12 09:32:19 UTC,7481,25.80000,17.70000,24.30000,44.40000,10.70000,12.80000,13.40000,443.44189
2019-10-12 09:33:19 UTC,7482,25.80000,17.80000,24.30000,44.40000,10.80000,12.80000,13.50000,442.22305
2019-10-12 09:34:19 UTC,7483,25.90000,17.80000,24.30000,44.40000,10.80000,12.90000,13.50000,441.22440
2019-10-12 09:35:19 UTC,7484,25.90000,17.80000,24.30000,44.50000,10.80000,12.90000,13.50000,440.64191
2019-10-12 09:36:19 UTC,7485,25.80000,17.80000,24.30000,44.70000,10.80000,12.90000,13.40000,440.31668
2019-10-12 09:37:19 UTC,7486,25.80000,17.80000,24.30000,44.70000,10.80000,12.90000,13.40000,440.33456
2019-10-12 09:38:19 UTC,7487,25.80000,17.80000,24.20000,44.70000,10.80000,12.90000,13.30000,440.33478
2019-10-12 09:39:19 UTC,7488,25.80000,17.80000,24.30000,44.80000,10.90000,12.90000,13.40000,440.42511
